run,config,image,operation,width_fraction,radius_px,dice,cldice,betti0_err,betti1_err,betti1_signed
A_dice_s0,A_dice,11_dr,closing,0.0,0,0.81456,0.82847,64,33,-33
A_dice_s0,A_dice,11_dr,closing,0.25,1,0.81413,0.82816,59,54,-54
A_dice_s0,A_dice,11_dr,closing,0.5,2,0.81293,0.82668,43,53,-53
A_dice_s0,A_dice,11_dr,closing,0.75,3,0.80901,0.82257,34,55,-55
A_dice_s0,A_dice,11_dr,closing,1.0,4,0.80467,0.81928,26,57,-57
A_dice_s0,A_dice,11_dr,closing,1.5,6,0.78914,0.8092,15,58,-58
A_dice_s0,A_dice,11_dr,closing,2.0,8,0.76635,0.79485,15,56,-56
A_dice_s0,A_dice,11_dr,bridge_only,0.0,0,0.81456,0.82847,64,33,-33
A_dice_s0,A_dice,11_dr,bridge_only,0.25,1,0.81409,0.8285,59,31,-31
A_dice_s0,A_dice,11_dr,bridge_only,0.5,2,0.81338,0.82769,47,30,-30
A_dice_s0,A_dice,11_dr,bridge_only,0.75,3,0.81158,0.82659,42,30,-30
A_dice_s0,A_dice,11_dr,bridge_only,1.0,4,0.80932,0.8248,37,29,-29
A_dice_s0,A_dice,11_dr,bridge_only,1.5,6,0.80009,0.81926,28,25,-25
A_dice_s0,A_dice,11_dr,bridge_only,2.0,8,0.78639,0.81087,27,24,-24
A_dice_s0,A_dice,11_g,closing,0.0,0,0.81564,0.82528,31,47,-47
A_dice_s0,A_dice,11_g,closing,0.25,1,0.81476,0.82508,26,54,-54
A_dice_s0,A_dice,11_g,closing,0.5,2,0.81311,0.82341,4,51,-51
A_dice_s0,A_dice,11_g,closing,0.75,3,0.80985,0.82065,8,52,-52
A_dice_s0,A_dice,11_g,closing,1.0,4,0.80594,0.81731,17,55,-55
A_dice_s0,A_dice,11_g,closing,1.5,6,0.7934,0.80654,21,57,-57
A_dice_s0,A_dice,11_g,closing,2.0,8,0.77532,0.79616,29,58,-58
A_dice_s0,A_dice,11_g,bridge_only,0.0,0,0.81564,0.82528,31,47,-47
A_dice_s0,A_dice,11_g,bridge_only,0.25,1,0.81475,0.82499,28,46,-46
A_dice_s0,A_dice,11_g,bridge_only,0.5,2,0.81341,0.82395,17,44,-44
A_dice_s0,A_dice,11_g,bridge_only,0.75,3,0.81166,0.82328,8,43,-43
A_dice_s0,A_dice,11_g,bridge_only,1.0,4,0.8089,0.82145,1,41,-41
A_dice_s0,A_dice,11_g,bridge_only,1.5,6,0.80097,0.8162,1,39,-39
A_dice_s0,A_dice,11_g,bridge_only,2.0,8,0.79049,0.81035,3,39,-39
A_dice_s0,A_dice,11_h,closing,0.0,0,0.86443,0.89884,82,2,2
A_dice_s0,A_dice,11_h,closing,0.25,1,0.86434,0.89984,67,5,-5
A_dice_s0,A_dice,11_h,closing,0.5,2,0.86397,0.89999,56,3,-3
A_dice_s0,A_dice,11_h,closing,0.75,3,0.86249,0.89752,46,3,-3
A_dice_s0,A_dice,11_h,closing,1.0,4,0.8598,0.89534,41,3,-3
A_dice_s0,A_dice,11_h,closing,1.5,6,0.84827,0.88487,36,1,-1
A_dice_s0,A_dice,11_h,closing,2.0,8,0.83163,0.87136,31,2,-2
A_dice_s0,A_dice,11_h,bridge_only,0.0,0,0.86443,0.89884,82,2,2
A_dice_s0,A_dice,11_h,bridge_only,0.25,1,0.86414,0.89914,75,3,3
A_dice_s0,A_dice,11_h,bridge_only,0.5,2,0.86374,0.89906,66,4,4
A_dice_s0,A_dice,11_h,bridge_only,0.75,3,0.86264,0.89758,60,5,5
A_dice_s0,A_dice,11_h,bridge_only,1.0,4,0.86101,0.89616,56,4,4
A_dice_s0,A_dice,11_h,bridge_only,1.5,6,0.85335,0.88828,52,5,5
A_dice_s0,A_dice,11_h,bridge_only,2.0,8,0.84371,0.88004,49,7,7
A_dice_s0,A_dice,12_dr,closing,0.0,0,0.76725,0.75216,16,107,-107
A_dice_s0,A_dice,12_dr,closing,0.25,1,0.76713,0.75215,10,116,-116
A_dice_s0,A_dice,12_dr,closing,0.5,2,0.76664,0.75254,6,109,-109
A_dice_s0,A_dice,12_dr,closing,0.75,3,0.7646,0.75102,23,108,-108
A_dice_s0,A_dice,12_dr,closing,1.0,4,0.76186,0.74942,29,105,-105
A_dice_s0,A_dice,12_dr,closing,1.5,6,0.74702,0.73912,49,100,-100
A_dice_s0,A_dice,12_dr,closing,2.0,8,0.72886,0.72847,54,91,-91
A_dice_s0,A_dice,12_dr,bridge_only,0.0,0,0.76725,0.75216,16,107,-107
A_dice_s0,A_dice,12_dr,bridge_only,0.25,1,0.7671,0.75207,12,107,-107
A_dice_s0,A_dice,12_dr,bridge_only,0.5,2,0.76676,0.75214,0,102,-102
A_dice_s0,A_dice,12_dr,bridge_only,0.75,3,0.76508,0.75055,17,102,-102
A_dice_s0,A_dice,12_dr,bridge_only,1.0,4,0.76339,0.7498,22,97,-97
A_dice_s0,A_dice,12_dr,bridge_only,1.5,6,0.75511,0.74494,37,95,-95
A_dice_s0,A_dice,12_dr,bridge_only,2.0,8,0.74365,0.73913,41,88,-88
A_dice_s0,A_dice,12_g,closing,0.0,0,0.81495,0.81652,80,47,-47
A_dice_s0,A_dice,12_g,closing,0.25,1,0.81434,0.8166,73,51,-51
A_dice_s0,A_dice,12_g,closing,0.5,2,0.81297,0.81554,47,53,-53
A_dice_s0,A_dice,12_g,closing,0.75,3,0.81002,0.8135,34,49,-49
A_dice_s0,A_dice,12_g,closing,1.0,4,0.80515,0.81029,31,48,-48
A_dice_s0,A_dice,12_g,closing,1.5,6,0.78784,0.79834,27,45,-45
A_dice_s0,A_dice,12_g,closing,2.0,8,0.76921,0.78622,19,46,-46
A_dice_s0,A_dice,12_g,bridge_only,0.0,0,0.81495,0.81652,80,47,-47
A_dice_s0,A_dice,12_g,bridge_only,0.25,1,0.81443,0.81635,76,44,-44
A_dice_s0,A_dice,12_g,bridge_only,0.5,2,0.81351,0.81537,58,45,-45
A_dice_s0,A_dice,12_g,bridge_only,0.75,3,0.81179,0.81437,50,44,-44
A_dice_s0,A_dice,12_g,bridge_only,1.0,4,0.809,0.8129,48,42,-42
A_dice_s0,A_dice,12_g,bridge_only,1.5,6,0.79933,0.80611,45,38,-38
A_dice_s0,A_dice,12_g,bridge_only,2.0,8,0.78774,0.79892,42,39,-39
A_dice_s0,A_dice,12_h,closing,0.0,0,0.86897,0.9061,90,11,11
A_dice_s0,A_dice,12_h,closing,0.25,1,0.86876,0.90704,83,6,6
A_dice_s0,A_dice,12_h,closing,0.5,2,0.86827,0.90599,71,6,6
A_dice_s0,A_dice,12_h,closing,0.75,3,0.8659,0.90313,58,6,6
A_dice_s0,A_dice,12_h,closing,1.0,4,0.86339,0.90034,44,5,5
A_dice_s0,A_dice,12_h,closing,1.5,6,0.85083,0.8892,32,11,11
A_dice_s0,A_dice,12_h,closing,2.0,8,0.83217,0.87432,29,14,14
A_dice_s0,A_dice,12_h,bridge_only,0.0,0,0.86897,0.9061,90,11,11
A_dice_s0,A_dice,12_h,bridge_only,0.25,1,0.86869,0.90635,86,13,13
A_dice_s0,A_dice,12_h,bridge_only,0.5,2,0.86832,0.90593,80,13,13
A_dice_s0,A_dice,12_h,bridge_only,0.75,3,0.86706,0.90438,74,17,17
A_dice_s0,A_dice,12_h,bridge_only,1.0,4,0.86548,0.90318,65,18,18
A_dice_s0,A_dice,12_h,bridge_only,1.5,6,0.85788,0.89614,53,21,21
A_dice_s0,A_dice,12_h,bridge_only,2.0,8,0.84572,0.88678,51,24,24
A_dice_s0,A_dice,13_dr,closing,0.0,0,0.79734,0.77605,62,32,-32
A_dice_s0,A_dice,13_dr,closing,0.25,1,0.7972,0.77696,54,42,-42
A_dice_s0,A_dice,13_dr,closing,0.5,2,0.79702,0.77688,47,39,-39
A_dice_s0,A_dice,13_dr,closing,0.75,3,0.79556,0.77473,38,43,-43
A_dice_s0,A_dice,13_dr,closing,1.0,4,0.79274,0.77233,25,41,-41
A_dice_s0,A_dice,13_dr,closing,1.5,6,0.78234,0.76578,16,39,-39
A_dice_s0,A_dice,13_dr,closing,2.0,8,0.76226,0.75369,6,38,-38
A_dice_s0,A_dice,13_dr,bridge_only,0.0,0,0.79734,0.77605,62,32,-32
A_dice_s0,A_dice,13_dr,bridge_only,0.25,1,0.79705,0.77653,55,30,-30
A_dice_s0,A_dice,13_dr,bridge_only,0.5,2,0.79655,0.77657,49,26,-26
A_dice_s0,A_dice,13_dr,bridge_only,0.75,3,0.79578,0.7765,42,25,-25
A_dice_s0,A_dice,13_dr,bridge_only,1.0,4,0.79359,0.77463,31,23,-23
A_dice_s0,A_dice,13_dr,bridge_only,1.5,6,0.78752,0.77209,24,21,-21
A_dice_s0,A_dice,13_dr,bridge_only,2.0,8,0.77555,0.76572,16,20,-20
A_dice_s0,A_dice,13_g,closing,0.0,0,0.78081,0.79941,60,80,-80
A_dice_s0,A_dice,13_g,closing,0.25,1,0.78049,0.7993,56,79,-79
A_dice_s0,A_dice,13_g,closing,0.5,2,0.77915,0.79852,46,77,-77
A_dice_s0,A_dice,13_g,closing,0.75,3,0.77587,0.79477,40,74,-74
A_dice_s0,A_dice,13_g,closing,1.0,4,0.7719,0.79167,36,70,-70
A_dice_s0,A_dice,13_g,closing,1.5,6,0.75811,0.78032,28,68,-68
A_dice_s0,A_dice,13_g,closing,2.0,8,0.7351,0.76555,16,73,-73
A_dice_s0,A_dice,13_g,bridge_only,0.0,0,0.78081,0.79941,60,80,-80
A_dice_s0,A_dice,13_g,bridge_only,0.25,1,0.78056,0.79939,59,77,-77
A_dice_s0,A_dice,13_g,bridge_only,0.5,2,0.77993,0.79936,51,76,-76
A_dice_s0,A_dice,13_g,bridge_only,0.75,3,0.77827,0.79774,46,73,-73
A_dice_s0,A_dice,13_g,bridge_only,1.0,4,0.77652,0.7968,43,70,-70
A_dice_s0,A_dice,13_g,bridge_only,1.5,6,0.76948,0.7922,40,67,-67
A_dice_s0,A_dice,13_g,bridge_only,2.0,8,0.75823,0.78607,30,68,-68
A_dice_s0,A_dice,13_h,closing,0.0,0,0.84786,0.88627,87,10,10
A_dice_s0,A_dice,13_h,closing,0.25,1,0.84759,0.88729,79,4,4
A_dice_s0,A_dice,13_h,closing,0.5,2,0.84677,0.88746,67,11,11
A_dice_s0,A_dice,13_h,closing,0.75,3,0.84472,0.88572,59,15,15
A_dice_s0,A_dice,13_h,closing,1.0,4,0.84083,0.8847,53,13,13
A_dice_s0,A_dice,13_h,closing,1.5,6,0.82701,0.87519,38,17,17
A_dice_s0,A_dice,13_h,closing,2.0,8,0.80799,0.86184,29,21,21
A_dice_s0,A_dice,13_h,bridge_only,0.0,0,0.84786,0.88627,87,10,10
A_dice_s0,A_dice,13_h,bridge_only,0.25,1,0.84752,0.88694,81,14,14
A_dice_s0,A_dice,13_h,bridge_only,0.5,2,0.84683,0.88699,73,20,20
A_dice_s0,A_dice,13_h,bridge_only,0.75,3,0.84556,0.88585,66,27,27
A_dice_s0,A_dice,13_h,bridge_only,1.0,4,0.84268,0.88475,60,25,25
A_dice_s0,A_dice,13_h,bridge_only,1.5,6,0.83177,0.87749,45,27,27
A_dice_s0,A_dice,13_h,bridge_only,2.0,8,0.81857,0.86837,39,29,29
A_dice_s0,A_dice,14_dr,closing,0.0,0,0.77275,0.76894,37,98,-98
A_dice_s0,A_dice,14_dr,closing,0.25,1,0.77234,0.76904,30,119,-119
A_dice_s0,A_dice,14_dr,closing,0.5,2,0.7708,0.76798,20,123,-123
A_dice_s0,A_dice,14_dr,closing,0.75,3,0.76811,0.76455,13,122,-122
A_dice_s0,A_dice,14_dr,closing,1.0,4,0.76327,0.76124,6,120,-120
A_dice_s0,A_dice,14_dr,closing,1.5,6,0.7456,0.74872,7,124,-124
A_dice_s0,A_dice,14_dr,closing,2.0,8,0.72312,0.73494,18,129,-129
A_dice_s0,A_dice,14_dr,bridge_only,0.0,0,0.77275,0.76894,37,98,-98
A_dice_s0,A_dice,14_dr,bridge_only,0.25,1,0.77231,0.76848,34,94,-94
A_dice_s0,A_dice,14_dr,bridge_only,0.5,2,0.77133,0.76741,26,94,-94
A_dice_s0,A_dice,14_dr,bridge_only,0.75,3,0.76958,0.76588,19,91,-91
A_dice_s0,A_dice,14_dr,bridge_only,1.0,4,0.76639,0.76408,14,87,-87
A_dice_s0,A_dice,14_dr,bridge_only,1.5,6,0.75627,0.75647,3,83,-83
A_dice_s0,A_dice,14_dr,bridge_only,2.0,8,0.7417,0.74787,4,84,-84
A_dice_s0,A_dice,14_g,closing,0.0,0,0.77244,0.78111,84,96,-96
A_dice_s0,A_dice,14_g,closing,0.25,1,0.77217,0.78126,80,98,-98
A_dice_s0,A_dice,14_g,closing,0.5,2,0.77088,0.78048,71,96,-96
A_dice_s0,A_dice,14_g,closing,0.75,3,0.7683,0.7777,62,94,-94
A_dice_s0,A_dice,14_g,closing,1.0,4,0.76506,0.77463,55,96,-96
A_dice_s0,A_dice,14_g,closing,1.5,6,0.75259,0.76695,45,95,-95
A_dice_s0,A_dice,14_g,closing,2.0,8,0.73469,0.75337,39,93,-93
A_dice_s0,A_dice,14_g,bridge_only,0.0,0,0.77244,0.78111,84,96,-96
A_dice_s0,A_dice,14_g,bridge_only,0.25,1,0.77216,0.78097,81,93,-93
A_dice_s0,A_dice,14_g,bridge_only,0.5,2,0.77136,0.78061,74,91,-91
A_dice_s0,A_dice,14_g,bridge_only,0.75,3,0.77006,0.77962,67,89,-89
A_dice_s0,A_dice,14_g,bridge_only,1.0,4,0.76867,0.77834,64,88,-88
A_dice_s0,A_dice,14_g,bridge_only,1.5,6,0.7622,0.77391,58,87,-87
A_dice_s0,A_dice,14_g,bridge_only,2.0,8,0.75364,0.76788,55,85,-85
A_dice_s0,A_dice,14_h,closing,0.0,0,0.84907,0.89616,92,3,3
A_dice_s0,A_dice,14_h,closing,0.25,1,0.84877,0.89741,83,2,-2
A_dice_s0,A_dice,14_h,closing,0.5,2,0.84797,0.89717,79,4,-4
A_dice_s0,A_dice,14_h,closing,0.75,3,0.84662,0.89459,68,1,1
A_dice_s0,A_dice,14_h,closing,1.0,4,0.84335,0.89139,58,3,3
A_dice_s0,A_dice,14_h,closing,1.5,6,0.83125,0.88119,44,9,9
A_dice_s0,A_dice,14_h,closing,2.0,8,0.81079,0.8661,37,10,10
A_dice_s0,A_dice,14_h,bridge_only,0.0,0,0.84907,0.89616,92,3,3
A_dice_s0,A_dice,14_h,bridge_only,0.25,1,0.84883,0.89646,84,3,3
A_dice_s0,A_dice,14_h,bridge_only,0.5,2,0.84826,0.89616,81,4,4
A_dice_s0,A_dice,14_h,bridge_only,0.75,3,0.84743,0.89461,73,8,8
A_dice_s0,A_dice,14_h,bridge_only,1.0,4,0.84549,0.89267,66,9,9
A_dice_s0,A_dice,14_h,bridge_only,1.5,6,0.83743,0.88631,59,14,14
A_dice_s0,A_dice,14_h,bridge_only,2.0,8,0.82222,0.87528,54,17,17
A_dice_s0,A_dice,15_dr,closing,0.0,0,0.73981,0.73682,146,46,46
A_dice_s0,A_dice,15_dr,closing,0.25,1,0.73804,0.73935,139,3,3
A_dice_s0,A_dice,15_dr,closing,0.5,2,0.73506,0.74056,123,6,-6
A_dice_s0,A_dice,15_dr,closing,0.75,3,0.73024,0.73722,106,12,-12
A_dice_s0,A_dice,15_dr,closing,1.0,4,0.72345,0.73659,98,20,-20
A_dice_s0,A_dice,15_dr,closing,1.5,6,0.7057,0.72694,79,23,-23
A_dice_s0,A_dice,15_dr,closing,2.0,8,0.68177,0.71344,66,21,-21
A_dice_s0,A_dice,15_dr,bridge_only,0.0,0,0.73981,0.73682,146,46,46
A_dice_s0,A_dice,15_dr,bridge_only,0.25,1,0.73826,0.73746,140,51,51
A_dice_s0,A_dice,15_dr,bridge_only,0.5,2,0.73596,0.73734,127,53,53
A_dice_s0,A_dice,15_dr,bridge_only,0.75,3,0.73223,0.73457,112,54,54
A_dice_s0,A_dice,15_dr,bridge_only,1.0,4,0.72777,0.73379,106,52,52
A_dice_s0,A_dice,15_dr,bridge_only,1.5,6,0.71253,0.72607,89,52,52
A_dice_s0,A_dice,15_dr,bridge_only,2.0,8,0.69293,0.71658,77,56,56
A_dice_s0,A_dice,15_g,closing,0.0,0,0.7891,0.77696,66,48,-48
A_dice_s0,A_dice,15_g,closing,0.25,1,0.7886,0.77657,62,51,-51
A_dice_s0,A_dice,15_g,closing,0.5,2,0.7878,0.77523,51,51,-51
A_dice_s0,A_dice,15_g,closing,0.75,3,0.78583,0.77252,40,53,-53
A_dice_s0,A_dice,15_g,closing,1.0,4,0.78275,0.77066,29,52,-52
A_dice_s0,A_dice,15_g,closing,1.5,6,0.76836,0.75871,17,49,-49
A_dice_s0,A_dice,15_g,closing,2.0,8,0.74844,0.74641,9,47,-47
A_dice_s0,A_dice,15_g,bridge_only,0.0,0,0.7891,0.77696,66,48,-48
A_dice_s0,A_dice,15_g,bridge_only,0.25,1,0.7887,0.77673,64,48,-48
A_dice_s0,A_dice,15_g,bridge_only,0.5,2,0.78822,0.77629,57,47,-47
A_dice_s0,A_dice,15_g,bridge_only,0.75,3,0.78724,0.77575,51,46,-46
A_dice_s0,A_dice,15_g,bridge_only,1.0,4,0.78593,0.77558,41,46,-46
A_dice_s0,A_dice,15_g,bridge_only,1.5,6,0.78003,0.77205,32,39,-39
A_dice_s0,A_dice,15_g,bridge_only,2.0,8,0.76855,0.76567,30,36,-36
A_dice_s0,A_dice,15_h,closing,0.0,0,0.85567,0.9092,70,11,-11
A_dice_s0,A_dice,15_h,closing,0.25,1,0.85579,0.90922,61,13,-13
A_dice_s0,A_dice,15_h,closing,0.5,2,0.85626,0.90955,50,11,-11
A_dice_s0,A_dice,15_h,closing,0.75,3,0.85596,0.90911,43,7,-7
A_dice_s0,A_dice,15_h,closing,1.0,4,0.85467,0.90755,34,8,-8
A_dice_s0,A_dice,15_h,closing,1.5,6,0.84937,0.90149,26,6,-6
A_dice_s0,A_dice,15_h,closing,2.0,8,0.83337,0.88914,19,1,1
A_dice_s0,A_dice,15_h,bridge_only,0.0,0,0.85567,0.9092,70,11,-11
A_dice_s0,A_dice,15_h,bridge_only,0.25,1,0.85564,0.90915,65,10,-10
A_dice_s0,A_dice,15_h,bridge_only,0.5,2,0.85563,0.90893,61,9,-9
A_dice_s0,A_dice,15_h,bridge_only,0.75,3,0.8554,0.90846,58,8,-8
A_dice_s0,A_dice,15_h,bridge_only,1.0,4,0.85471,0.90776,51,8,-8
A_dice_s0,A_dice,15_h,bridge_only,1.5,6,0.85217,0.9049,46,6,-6
A_dice_s0,A_dice,15_h,bridge_only,2.0,8,0.84678,0.90028,44,5,-5
B_cldice_s0,B_cldice,11_dr,closing,0.0,0,0.81126,0.84749,64,39,-39
B_cldice_s0,B_cldice,11_dr,closing,0.25,1,0.81091,0.84687,55,45,-45
B_cldice_s0,B_cldice,11_dr,closing,0.5,2,0.80967,0.84481,36,55,-55
B_cldice_s0,B_cldice,11_dr,closing,0.75,3,0.8058,0.84029,19,57,-57
B_cldice_s0,B_cldice,11_dr,closing,1.0,4,0.80084,0.8363,13,58,-58
B_cldice_s0,B_cldice,11_dr,closing,1.5,6,0.78445,0.82516,6,55,-55
B_cldice_s0,B_cldice,11_dr,closing,2.0,8,0.76209,0.8084,2,50,-50
B_cldice_s0,B_cldice,11_dr,bridge_only,0.0,0,0.81126,0.84749,64,39,-39
B_cldice_s0,B_cldice,11_dr,bridge_only,0.25,1,0.81072,0.84714,57,38,-38
B_cldice_s0,B_cldice,11_dr,bridge_only,0.5,2,0.80979,0.84615,43,37,-37
B_cldice_s0,B_cldice,11_dr,bridge_only,0.75,3,0.80776,0.84418,31,35,-35
B_cldice_s0,B_cldice,11_dr,bridge_only,1.0,4,0.80488,0.84202,29,35,-35
B_cldice_s0,B_cldice,11_dr,bridge_only,1.5,6,0.79484,0.83575,25,32,-32
B_cldice_s0,B_cldice,11_dr,bridge_only,2.0,8,0.78142,0.82649,17,28,-28
B_cldice_s0,B_cldice,11_g,closing,0.0,0,0.81021,0.83966,40,47,-47
B_cldice_s0,B_cldice,11_g,closing,0.25,1,0.80944,0.83929,27,51,-51
B_cldice_s0,B_cldice,11_g,closing,0.5,2,0.80817,0.83785,4,51,-51
B_cldice_s0,B_cldice,11_g,closing,0.75,3,0.80438,0.83509,9,47,-47
B_cldice_s0,B_cldice,11_g,closing,1.0,4,0.80031,0.831,16,52,-52
B_cldice_s0,B_cldice,11_g,closing,1.5,6,0.78686,0.82036,22,57,-57
B_cldice_s0,B_cldice,11_g,closing,2.0,8,0.76669,0.80733,18,55,-55
B_cldice_s0,B_cldice,11_g,bridge_only,0.0,0,0.81021,0.83966,40,47,-47
B_cldice_s0,B_cldice,11_g,bridge_only,0.25,1,0.80946,0.83944,30,45,-45
B_cldice_s0,B_cldice,11_g,bridge_only,0.5,2,0.80818,0.83827,20,44,-44
B_cldice_s0,B_cldice,11_g,bridge_only,0.75,3,0.80613,0.83722,13,42,-42
B_cldice_s0,B_cldice,11_g,bridge_only,1.0,4,0.80364,0.83578,7,39,-39
B_cldice_s0,B_cldice,11_g,bridge_only,1.5,6,0.79492,0.82988,3,40,-40
B_cldice_s0,B_cldice,11_g,bridge_only,2.0,8,0.78299,0.82219,9,37,-37
B_cldice_s0,B_cldice,11_h,closing,0.0,0,0.86322,0.91391,82,1,-1
B_cldice_s0,B_cldice,11_h,closing,0.25,1,0.86323,0.91403,76,2,-2
B_cldice_s0,B_cldice,11_h,closing,0.5,2,0.86281,0.91377,65,3,-3
B_cldice_s0,B_cldice,11_h,closing,0.75,3,0.86122,0.91097,56,2,-2
B_cldice_s0,B_cldice,11_h,closing,1.0,4,0.85861,0.90806,46,1,-1
B_cldice_s0,B_cldice,11_h,closing,1.5,6,0.84605,0.89692,34,0,0
B_cldice_s0,B_cldice,11_h,closing,2.0,8,0.82978,0.88394,25,2,-2
B_cldice_s0,B_cldice,11_h,bridge_only,0.0,0,0.86322,0.91391,82,1,-1
B_cldice_s0,B_cldice,11_h,bridge_only,0.25,1,0.86305,0.91394,77,0,0
B_cldice_s0,B_cldice,11_h,bridge_only,0.5,2,0.86254,0.91361,68,2,2
B_cldice_s0,B_cldice,11_h,bridge_only,0.75,3,0.86149,0.91174,60,4,4
B_cldice_s0,B_cldice,11_h,bridge_only,1.0,4,0.85985,0.90986,53,4,4
B_cldice_s0,B_cldice,11_h,bridge_only,1.5,6,0.85104,0.90115,44,5,5
B_cldice_s0,B_cldice,11_h,bridge_only,2.0,8,0.84032,0.89202,37,6,6
B_cldice_s0,B_cldice,12_dr,closing,0.0,0,0.75743,0.76471,34,118,-118
B_cldice_s0,B_cldice,12_dr,closing,0.25,1,0.7573,0.7646,24,118,-118
B_cldice_s0,B_cldice,12_dr,closing,0.5,2,0.75659,0.76473,6,111,-111
B_cldice_s0,B_cldice,12_dr,closing,0.75,3,0.75453,0.76299,10,113,-113
B_cldice_s0,B_cldice,12_dr,closing,1.0,4,0.75132,0.76073,16,108,-108
B_cldice_s0,B_cldice,12_dr,closing,1.5,6,0.73638,0.74888,36,102,-102
B_cldice_s0,B_cldice,12_dr,closing,2.0,8,0.71906,0.73609,41,94,-94
B_cldice_s0,B_cldice,12_dr,bridge_only,0.0,0,0.75743,0.76471,34,118,-118
B_cldice_s0,B_cldice,12_dr,bridge_only,0.25,1,0.75735,0.76461,25,115,-115
B_cldice_s0,B_cldice,12_dr,bridge_only,0.5,2,0.75702,0.76483,12,109,-109
B_cldice_s0,B_cldice,12_dr,bridge_only,0.75,3,0.75601,0.76462,1,108,-108
B_cldice_s0,B_cldice,12_dr,bridge_only,1.0,4,0.75355,0.76273,7,103,-103
B_cldice_s0,B_cldice,12_dr,bridge_only,1.5,6,0.74226,0.7537,22,101,-101
B_cldice_s0,B_cldice,12_dr,bridge_only,2.0,8,0.72996,0.74542,27,93,-93
B_cldice_s0,B_cldice,12_g,closing,0.0,0,0.81154,0.82986,86,50,-50
B_cldice_s0,B_cldice,12_g,closing,0.25,1,0.81106,0.82952,75,57,-57
B_cldice_s0,B_cldice,12_g,closing,0.5,2,0.80965,0.82795,46,54,-54
B_cldice_s0,B_cldice,12_g,closing,0.75,3,0.80643,0.82566,35,49,-49
B_cldice_s0,B_cldice,12_g,closing,1.0,4,0.80182,0.82153,28,50,-50
B_cldice_s0,B_cldice,12_g,closing,1.5,6,0.78395,0.80843,16,46,-46
B_cldice_s0,B_cldice,12_g,closing,2.0,8,0.76541,0.79647,14,49,-49
B_cldice_s0,B_cldice,12_g,bridge_only,0.0,0,0.81154,0.82986,86,50,-50
B_cldice_s0,B_cldice,12_g,bridge_only,0.25,1,0.81112,0.82948,78,48,-48
B_cldice_s0,B_cldice,12_g,bridge_only,0.5,2,0.81029,0.82835,62,44,-44
B_cldice_s0,B_cldice,12_g,bridge_only,0.75,3,0.80846,0.8271,53,44,-44
B_cldice_s0,B_cldice,12_g,bridge_only,1.0,4,0.80559,0.82453,46,44,-44
B_cldice_s0,B_cldice,12_g,bridge_only,1.5,6,0.79562,0.81723,37,40,-40
B_cldice_s0,B_cldice,12_g,bridge_only,2.0,8,0.78418,0.81098,36,42,-42
B_cldice_s0,B_cldice,12_h,closing,0.0,0,0.86478,0.9183,95,5,5
B_cldice_s0,B_cldice,12_h,closing,0.25,1,0.86485,0.91846,81,2,2
B_cldice_s0,B_cldice,12_h,closing,0.5,2,0.86456,0.91765,68,3,3
B_cldice_s0,B_cldice,12_h,closing,0.75,3,0.86251,0.91439,49,7,7
B_cldice_s0,B_cldice,12_h,closing,1.0,4,0.85972,0.9105,41,8,8
B_cldice_s0,B_cldice,12_h,closing,1.5,6,0.84658,0.89857,29,12,12
B_cldice_s0,B_cldice,12_h,closing,2.0,8,0.82727,0.88283,30,13,13
B_cldice_s0,B_cldice,12_h,bridge_only,0.0,0,0.86478,0.9183,95,5,5
B_cldice_s0,B_cldice,12_h,bridge_only,0.25,1,0.86464,0.91836,86,5,5
B_cldice_s0,B_cldice,12_h,bridge_only,0.5,2,0.86435,0.9183,78,6,6
B_cldice_s0,B_cldice,12_h,bridge_only,0.75,3,0.86318,0.91652,60,8,8
B_cldice_s0,B_cldice,12_h,bridge_only,1.0,4,0.86149,0.91445,55,10,10
B_cldice_s0,B_cldice,12_h,bridge_only,1.5,6,0.85407,0.9078,47,13,13
B_cldice_s0,B_cldice,12_h,bridge_only,2.0,8,0.84312,0.89919,46,15,15
B_cldice_s0,B_cldice,13_dr,closing,0.0,0,0.79309,0.79027,69,35,-35
B_cldice_s0,B_cldice,13_dr,closing,0.25,1,0.79311,0.79014,65,48,-48
B_cldice_s0,B_cldice,13_dr,closing,0.5,2,0.79246,0.78933,56,41,-41
B_cldice_s0,B_cldice,13_dr,closing,0.75,3,0.79101,0.78672,47,45,-45
B_cldice_s0,B_cldice,13_dr,closing,1.0,4,0.78798,0.78411,39,46,-46
B_cldice_s0,B_cldice,13_dr,closing,1.5,6,0.77696,0.77582,24,40,-40
B_cldice_s0,B_cldice,13_dr,closing,2.0,8,0.75627,0.76338,10,38,-38
B_cldice_s0,B_cldice,13_dr,bridge_only,0.0,0,0.79309,0.79027,69,35,-35
B_cldice_s0,B_cldice,13_dr,bridge_only,0.25,1,0.79297,0.79023,65,33,-33
B_cldice_s0,B_cldice,13_dr,bridge_only,0.5,2,0.79242,0.79016,57,27,-27
B_cldice_s0,B_cldice,13_dr,bridge_only,0.75,3,0.79146,0.78903,48,26,-26
B_cldice_s0,B_cldice,13_dr,bridge_only,1.0,4,0.78952,0.78758,43,25,-25
B_cldice_s0,B_cldice,13_dr,bridge_only,1.5,6,0.782,0.78171,29,19,-19
B_cldice_s0,B_cldice,13_dr,bridge_only,2.0,8,0.76543,0.77268,16,17,-17
B_cldice_s0,B_cldice,13_g,closing,0.0,0,0.77945,0.81758,68,88,-88
B_cldice_s0,B_cldice,13_g,closing,0.25,1,0.77903,0.81725,61,84,-84
B_cldice_s0,B_cldice,13_g,closing,0.5,2,0.7776,0.81631,45,77,-77
B_cldice_s0,B_cldice,13_g,closing,0.75,3,0.77423,0.81258,38,77,-77
B_cldice_s0,B_cldice,13_g,closing,1.0,4,0.77006,0.80971,33,73,-73
B_cldice_s0,B_cldice,13_g,closing,1.5,6,0.75551,0.79714,26,71,-71
B_cldice_s0,B_cldice,13_g,closing,2.0,8,0.73112,0.78038,16,75,-75
B_cldice_s0,B_cldice,13_g,bridge_only,0.0,0,0.77945,0.81758,68,88,-88
B_cldice_s0,B_cldice,13_g,bridge_only,0.25,1,0.77909,0.81739,65,86,-86
B_cldice_s0,B_cldice,13_g,bridge_only,0.5,2,0.77844,0.81717,52,82,-82
B_cldice_s0,B_cldice,13_g,bridge_only,0.75,3,0.77678,0.81573,49,80,-80
B_cldice_s0,B_cldice,13_g,bridge_only,1.0,4,0.77488,0.81481,45,77,-77
B_cldice_s0,B_cldice,13_g,bridge_only,1.5,6,0.76663,0.80869,40,75,-75
B_cldice_s0,B_cldice,13_g,bridge_only,2.0,8,0.75426,0.80118,34,74,-74
B_cldice_s0,B_cldice,13_h,closing,0.0,0,0.84217,0.89926,104,10,10
B_cldice_s0,B_cldice,13_h,closing,0.25,1,0.84216,0.89925,91,0,0
B_cldice_s0,B_cldice,13_h,closing,0.5,2,0.84179,0.89904,79,3,3
B_cldice_s0,B_cldice,13_h,closing,0.75,3,0.8403,0.89808,65,8,8
B_cldice_s0,B_cldice,13_h,closing,1.0,4,0.83796,0.89678,59,10,10
B_cldice_s0,B_cldice,13_h,closing,1.5,6,0.82347,0.885,47,14,14
B_cldice_s0,B_cldice,13_h,closing,2.0,8,0.80475,0.87142,33,16,16
B_cldice_s0,B_cldice,13_h,bridge_only,0.0,0,0.84217,0.89926,104,10,10
B_cldice_s0,B_cldice,13_h,bridge_only,0.25,1,0.84205,0.89911,93,12,12
B_cldice_s0,B_cldice,13_h,bridge_only,0.5,2,0.84178,0.89911,84,16,16
B_cldice_s0,B_cldice,13_h,bridge_only,0.75,3,0.84052,0.89819,72,18,18
B_cldice_s0,B_cldice,13_h,bridge_only,1.0,4,0.83896,0.89699,67,20,20
B_cldice_s0,B_cldice,13_h,bridge_only,1.5,6,0.82706,0.88693,54,25,25
B_cldice_s0,B_cldice,13_h,bridge_only,2.0,8,0.81265,0.8762,48,25,25
B_cldice_s0,B_cldice,14_dr,closing,0.0,0,0.77107,0.78555,39,108,-108
B_cldice_s0,B_cldice,14_dr,closing,0.25,1,0.77058,0.78491,31,120,-120
B_cldice_s0,B_cldice,14_dr,closing,0.5,2,0.76865,0.78342,18,113,-113
B_cldice_s0,B_cldice,14_dr,closing,0.75,3,0.76579,0.7807,8,122,-122
B_cldice_s0,B_cldice,14_dr,closing,1.0,4,0.76072,0.77713,7,123,-123
B_cldice_s0,B_cldice,14_dr,closing,1.5,6,0.74252,0.76294,8,131,-131
B_cldice_s0,B_cldice,14_dr,closing,2.0,8,0.7238,0.74863,15,124,-124
B_cldice_s0,B_cldice,14_dr,bridge_only,0.0,0,0.77107,0.78555,39,108,-108
B_cldice_s0,B_cldice,14_dr,bridge_only,0.25,1,0.77073,0.78536,31,103,-103
B_cldice_s0,B_cldice,14_dr,bridge_only,0.5,2,0.76977,0.78439,21,97,-97
B_cldice_s0,B_cldice,14_dr,bridge_only,0.75,3,0.76798,0.78302,14,100,-100
B_cldice_s0,B_cldice,14_dr,bridge_only,1.0,4,0.76562,0.78114,11,100,-100
B_cldice_s0,B_cldice,14_dr,bridge_only,1.5,6,0.75507,0.77224,0,99,-99
B_cldice_s0,B_cldice,14_dr,bridge_only,2.0,8,0.74372,0.76329,5,92,-92
B_cldice_s0,B_cldice,14_g,closing,0.0,0,0.76506,0.79204,105,84,-84
B_cldice_s0,B_cldice,14_g,closing,0.25,1,0.7648,0.7921,100,96,-96
B_cldice_s0,B_cldice,14_g,closing,0.5,2,0.76393,0.79175,83,96,-96
B_cldice_s0,B_cldice,14_g,closing,0.75,3,0.76087,0.78899,69,95,-95
B_cldice_s0,B_cldice,14_g,closing,1.0,4,0.75791,0.78567,63,97,-97
B_cldice_s0,B_cldice,14_g,closing,1.5,6,0.74527,0.77615,55,92,-92
B_cldice_s0,B_cldice,14_g,closing,2.0,8,0.72777,0.76326,46,91,-91
B_cldice_s0,B_cldice,14_g,bridge_only,0.0,0,0.76506,0.79204,105,84,-84
B_cldice_s0,B_cldice,14_g,bridge_only,0.25,1,0.76484,0.79185,100,81,-81
B_cldice_s0,B_cldice,14_g,bridge_only,0.5,2,0.76418,0.79154,86,76,-76
B_cldice_s0,B_cldice,14_g,bridge_only,0.75,3,0.76235,0.79048,76,74,-74
B_cldice_s0,B_cldice,14_g,bridge_only,1.0,4,0.7606,0.78872,71,74,-74
B_cldice_s0,B_cldice,14_g,bridge_only,1.5,6,0.75328,0.78334,67,71,-71
B_cldice_s0,B_cldice,14_g,bridge_only,2.0,8,0.7437,0.77669,61,70,-70
B_cldice_s0,B_cldice,14_h,closing,0.0,0,0.84937,0.9068,93,4,4
B_cldice_s0,B_cldice,14_h,closing,0.25,1,0.84926,0.9077,86,4,-4
B_cldice_s0,B_cldice,14_h,closing,0.5,2,0.84886,0.90689,75,1,1
B_cldice_s0,B_cldice,14_h,closing,0.75,3,0.84724,0.90437,58,4,4
B_cldice_s0,B_cldice,14_h,closing,1.0,4,0.84399,0.90097,51,6,6
B_cldice_s0,B_cldice,14_h,closing,1.5,6,0.83155,0.88957,48,7,7
B_cldice_s0,B_cldice,14_h,closing,2.0,8,0.81043,0.87284,34,12,12
B_cldice_s0,B_cldice,14_h,bridge_only,0.0,0,0.84937,0.9068,93,4,4
B_cldice_s0,B_cldice,14_h,bridge_only,0.25,1,0.84918,0.90696,89,6,6
B_cldice_s0,B_cldice,14_h,bridge_only,0.5,2,0.84887,0.90665,81,9,9
B_cldice_s0,B_cldice,14_h,bridge_only,0.75,3,0.84774,0.90471,68,11,11
B_cldice_s0,B_cldice,14_h,bridge_only,1.0,4,0.84542,0.90231,64,11,11
B_cldice_s0,B_cldice,14_h,bridge_only,1.5,6,0.83693,0.896,60,13,13
B_cldice_s0,B_cldice,14_h,bridge_only,2.0,8,0.82166,0.88453,53,16,16
B_cldice_s0,B_cldice,15_dr,closing,0.0,0,0.7482,0.76825,149,15,15
B_cldice_s0,B_cldice,15_dr,closing,0.25,1,0.74711,0.76958,133,13,-13
B_cldice_s0,B_cldice,15_dr,closing,0.5,2,0.74483,0.76809,115,19,-19
B_cldice_s0,B_cldice,15_dr,closing,0.75,3,0.74077,0.76447,102,24,-24
B_cldice_s0,B_cldice,15_dr,closing,1.0,4,0.73468,0.76176,93,19,-19
B_cldice_s0,B_cldice,15_dr,closing,1.5,6,0.71722,0.75116,76,20,-20
B_cldice_s0,B_cldice,15_dr,closing,2.0,8,0.69459,0.7352,52,20,-20
B_cldice_s0,B_cldice,15_dr,bridge_only,0.0,0,0.7482,0.76825,149,15,15
B_cldice_s0,B_cldice,15_dr,bridge_only,0.25,1,0.74691,0.76891,135,19,19
B_cldice_s0,B_cldice,15_dr,bridge_only,0.5,2,0.74466,0.76689,119,18,18
B_cldice_s0,B_cldice,15_dr,bridge_only,0.75,3,0.74133,0.76454,106,20,20
B_cldice_s0,B_cldice,15_dr,bridge_only,1.0,4,0.73662,0.76298,98,25,25
B_cldice_s0,B_cldice,15_dr,bridge_only,1.5,6,0.72167,0.75477,83,24,24
B_cldice_s0,B_cldice,15_dr,bridge_only,2.0,8,0.70415,0.74343,61,25,25
B_cldice_s0,B_cldice,15_g,closing,0.0,0,0.78455,0.79303,77,46,-46
B_cldice_s0,B_cldice,15_g,closing,0.25,1,0.78442,0.79262,61,48,-48
B_cldice_s0,B_cldice,15_g,closing,0.5,2,0.78331,0.79095,42,50,-50
B_cldice_s0,B_cldice,15_g,closing,0.75,3,0.78099,0.78778,24,48,-48
B_cldice_s0,B_cldice,15_g,closing,1.0,4,0.77744,0.78559,15,45,-45
B_cldice_s0,B_cldice,15_g,closing,1.5,6,0.76171,0.77261,9,43,-43
B_cldice_s0,B_cldice,15_g,closing,2.0,8,0.7424,0.75884,6,47,-47
B_cldice_s0,B_cldice,15_g,bridge_only,0.0,0,0.78455,0.79303,77,46,-46
B_cldice_s0,B_cldice,15_g,bridge_only,0.25,1,0.78428,0.79277,67,45,-45
B_cldice_s0,B_cldice,15_g,bridge_only,0.5,2,0.78378,0.79244,57,43,-43
B_cldice_s0,B_cldice,15_g,bridge_only,0.75,3,0.78259,0.79137,42,41,-41
B_cldice_s0,B_cldice,15_g,bridge_only,1.0,4,0.78104,0.79124,38,38,-38
B_cldice_s0,B_cldice,15_g,bridge_only,1.5,6,0.77411,0.78625,33,33,-33
B_cldice_s0,B_cldice,15_g,bridge_only,2.0,8,0.76374,0.78023,33,35,-35
B_cldice_s0,B_cldice,15_h,closing,0.0,0,0.85595,0.92092,80,9,-9
B_cldice_s0,B_cldice,15_h,closing,0.25,1,0.85607,0.92127,72,9,-9
B_cldice_s0,B_cldice,15_h,closing,0.5,2,0.85672,0.92111,56,9,-9
B_cldice_s0,B_cldice,15_h,closing,0.75,3,0.85662,0.92081,45,7,-7
B_cldice_s0,B_cldice,15_h,closing,1.0,4,0.85504,0.919,38,4,-4
B_cldice_s0,B_cldice,15_h,closing,1.5,6,0.84828,0.91228,29,2,-2
B_cldice_s0,B_cldice,15_h,closing,2.0,8,0.8323,0.89938,18,2,-2
B_cldice_s0,B_cldice,15_h,bridge_only,0.0,0,0.85595,0.92092,80,9,-9
B_cldice_s0,B_cldice,15_h,bridge_only,0.25,1,0.85586,0.92085,78,7,-7
B_cldice_s0,B_cldice,15_h,bridge_only,0.5,2,0.85595,0.92063,70,6,-6
B_cldice_s0,B_cldice,15_h,bridge_only,0.75,3,0.85579,0.9203,65,4,-4
B_cldice_s0,B_cldice,15_h,bridge_only,1.0,4,0.85511,0.91927,61,4,-4
B_cldice_s0,B_cldice,15_h,bridge_only,1.5,6,0.85221,0.91673,57,4,-4
B_cldice_s0,B_cldice,15_h,bridge_only,2.0,8,0.84596,0.91029,50,4,-4
E_cbdice_s0,E_cbdice,11_dr,closing,0.0,0,0.81891,0.82992,13,42,-42
E_cbdice_s0,E_cbdice,11_dr,closing,0.25,1,0.81831,0.83008,9,51,-51
E_cbdice_s0,E_cbdice,11_dr,closing,0.5,2,0.81691,0.82877,0,56,-56
E_cbdice_s0,E_cbdice,11_dr,closing,0.75,3,0.81322,0.82419,4,58,-58
E_cbdice_s0,E_cbdice,11_dr,closing,1.0,4,0.80914,0.82028,8,61,-61
E_cbdice_s0,E_cbdice,11_dr,closing,1.5,6,0.79361,0.81077,11,59,-59
E_cbdice_s0,E_cbdice,11_dr,closing,2.0,8,0.77375,0.79797,10,53,-53
E_cbdice_s0,E_cbdice,11_dr,bridge_only,0.0,0,0.81891,0.82992,13,42,-42
E_cbdice_s0,E_cbdice,11_dr,bridge_only,0.25,1,0.8183,0.82985,9,42,-42
E_cbdice_s0,E_cbdice,11_dr,bridge_only,0.5,2,0.81754,0.82913,2,39,-39
E_cbdice_s0,E_cbdice,11_dr,bridge_only,0.75,3,0.81593,0.82722,2,37,-37
E_cbdice_s0,E_cbdice,11_dr,bridge_only,1.0,4,0.81377,0.82527,5,39,-39
E_cbdice_s0,E_cbdice,11_dr,bridge_only,1.5,6,0.80434,0.82004,9,35,-35
E_cbdice_s0,E_cbdice,11_dr,bridge_only,2.0,8,0.79203,0.81189,12,31,-31
E_cbdice_s0,E_cbdice,11_g,closing,0.0,0,0.81927,0.82653,2,49,-49
E_cbdice_s0,E_cbdice,11_g,closing,0.25,1,0.81833,0.82603,5,59,-59
E_cbdice_s0,E_cbdice,11_g,closing,0.5,2,0.81695,0.82512,15,51,-51
E_cbdice_s0,E_cbdice,11_g,closing,0.75,3,0.81347,0.82257,19,50,-50
E_cbdice_s0,E_cbdice,11_g,closing,1.0,4,0.80909,0.81796,25,56,-56
E_cbdice_s0,E_cbdice,11_g,closing,1.5,6,0.79695,0.80726,35,58,-58
E_cbdice_s0,E_cbdice,11_g,closing,2.0,8,0.77872,0.79621,36,60,-60
E_cbdice_s0,E_cbdice,11_g,bridge_only,0.0,0,0.81927,0.82653,2,49,-49
E_cbdice_s0,E_cbdice,11_g,bridge_only,0.25,1,0.81835,0.82611,3,49,-49
E_cbdice_s0,E_cbdice,11_g,bridge_only,0.5,2,0.81735,0.82559,7,44,-44
E_cbdice_s0,E_cbdice,11_g,bridge_only,0.75,3,0.81581,0.82514,8,41,-41
E_cbdice_s0,E_cbdice,11_g,bridge_only,1.0,4,0.81324,0.82309,11,42,-42
E_cbdice_s0,E_cbdice,11_g,bridge_only,1.5,6,0.80669,0.81726,18,42,-42
E_cbdice_s0,E_cbdice,11_g,bridge_only,2.0,8,0.79646,0.81104,17,42,-42
E_cbdice_s0,E_cbdice,11_h,closing,0.0,0,0.86886,0.90768,46,5,5
E_cbdice_s0,E_cbdice,11_h,closing,0.25,1,0.86873,0.90793,44,6,-6
E_cbdice_s0,E_cbdice,11_h,closing,0.5,2,0.86845,0.90784,35,4,-4
E_cbdice_s0,E_cbdice,11_h,closing,0.75,3,0.86678,0.90619,32,5,-5
E_cbdice_s0,E_cbdice,11_h,closing,1.0,4,0.86431,0.90297,28,4,-4
E_cbdice_s0,E_cbdice,11_h,closing,1.5,6,0.85288,0.89346,23,3,-3
E_cbdice_s0,E_cbdice,11_h,closing,2.0,8,0.8376,0.88183,15,4,-4
E_cbdice_s0,E_cbdice,11_h,bridge_only,0.0,0,0.86886,0.90768,46,5,5
E_cbdice_s0,E_cbdice,11_h,bridge_only,0.25,1,0.86862,0.90738,44,6,6
E_cbdice_s0,E_cbdice,11_h,bridge_only,0.5,2,0.86814,0.90699,38,7,7
E_cbdice_s0,E_cbdice,11_h,bridge_only,0.75,3,0.86693,0.90597,36,7,7
E_cbdice_s0,E_cbdice,11_h,bridge_only,1.0,4,0.86546,0.90408,33,8,8
E_cbdice_s0,E_cbdice,11_h,bridge_only,1.5,6,0.85772,0.89652,28,9,9
E_cbdice_s0,E_cbdice,11_h,bridge_only,2.0,8,0.8479,0.88851,21,11,11
E_cbdice_s0,E_cbdice,12_dr,closing,0.0,0,0.77142,0.74694,10,113,-113
E_cbdice_s0,E_cbdice,12_dr,closing,0.25,1,0.77143,0.74734,17,121,-121
E_cbdice_s0,E_cbdice,12_dr,closing,0.5,2,0.77104,0.74711,28,121,-121
E_cbdice_s0,E_cbdice,12_dr,closing,0.75,3,0.76928,0.74575,35,120,-120
E_cbdice_s0,E_cbdice,12_dr,closing,1.0,4,0.76665,0.74498,40,117,-117
E_cbdice_s0,E_cbdice,12_dr,closing,1.5,6,0.75361,0.73711,54,113,-113
E_cbdice_s0,E_cbdice,12_dr,closing,2.0,8,0.73864,0.72822,59,107,-107
E_cbdice_s0,E_cbdice,12_dr,bridge_only,0.0,0,0.77142,0.74694,10,113,-113
E_cbdice_s0,E_cbdice,12_dr,bridge_only,0.25,1,0.77129,0.74698,14,113,-113
E_cbdice_s0,E_cbdice,12_dr,bridge_only,0.5,2,0.77111,0.74681,24,111,-111
E_cbdice_s0,E_cbdice,12_dr,bridge_only,0.75,3,0.77057,0.74686,29,110,-110
E_cbdice_s0,E_cbdice,12_dr,bridge_only,1.0,4,0.76903,0.74604,30,108,-108
E_cbdice_s0,E_cbdice,12_dr,bridge_only,1.5,6,0.76175,0.74155,41,108,-108
E_cbdice_s0,E_cbdice,12_dr,bridge_only,2.0,8,0.75343,0.73603,45,105,-105
E_cbdice_s0,E_cbdice,12_g,closing,0.0,0,0.81651,0.814,54,49,-49
E_cbdice_s0,E_cbdice,12_g,closing,0.25,1,0.81603,0.81407,44,55,-55
E_cbdice_s0,E_cbdice,12_g,closing,0.5,2,0.81453,0.81309,33,52,-52
E_cbdice_s0,E_cbdice,12_g,closing,0.75,3,0.81154,0.81058,27,48,-48
E_cbdice_s0,E_cbdice,12_g,closing,1.0,4,0.80675,0.80712,24,46,-46
E_cbdice_s0,E_cbdice,12_g,closing,1.5,6,0.79006,0.7961,18,44,-44
E_cbdice_s0,E_cbdice,12_g,closing,2.0,8,0.77198,0.78427,13,49,-49
E_cbdice_s0,E_cbdice,12_g,bridge_only,0.0,0,0.81651,0.814,54,49,-49
E_cbdice_s0,E_cbdice,12_g,bridge_only,0.25,1,0.81602,0.8137,50,49,-49
E_cbdice_s0,E_cbdice,12_g,bridge_only,0.5,2,0.81502,0.81266,42,49,-49
E_cbdice_s0,E_cbdice,12_g,bridge_only,0.75,3,0.81332,0.81115,38,47,-47
E_cbdice_s0,E_cbdice,12_g,bridge_only,1.0,4,0.8104,0.80924,36,47,-47
E_cbdice_s0,E_cbdice,12_g,bridge_only,1.5,6,0.80143,0.80366,30,42,-42
E_cbdice_s0,E_cbdice,12_g,bridge_only,2.0,8,0.79067,0.79754,26,46,-46
E_cbdice_s0,E_cbdice,12_h,closing,0.0,0,0.87281,0.91585,57,9,9
E_cbdice_s0,E_cbdice,12_h,closing,0.25,1,0.87275,0.91623,45,5,5
E_cbdice_s0,E_cbdice,12_h,closing,0.5,2,0.87241,0.91553,39,8,8
E_cbdice_s0,E_cbdice,12_h,closing,0.75,3,0.87002,0.91292,34,6,6
E_cbdice_s0,E_cbdice,12_h,closing,1.0,4,0.86774,0.91,33,6,6
E_cbdice_s0,E_cbdice,12_h,closing,1.5,6,0.85664,0.89999,24,9,9
E_cbdice_s0,E_cbdice,12_h,closing,2.0,8,0.83801,0.8858,21,9,9
E_cbdice_s0,E_cbdice,12_h,bridge_only,0.0,0,0.87281,0.91585,57,9,9
E_cbdice_s0,E_cbdice,12_h,bridge_only,0.25,1,0.8726,0.91597,48,9,9
E_cbdice_s0,E_cbdice,12_h,bridge_only,0.5,2,0.87235,0.91578,46,11,11
E_cbdice_s0,E_cbdice,12_h,bridge_only,0.75,3,0.87128,0.91477,42,13,13
E_cbdice_s0,E_cbdice,12_h,bridge_only,1.0,4,0.86971,0.91308,42,16,16
E_cbdice_s0,E_cbdice,12_h,bridge_only,1.5,6,0.86341,0.90755,35,20,20
E_cbdice_s0,E_cbdice,12_h,bridge_only,2.0,8,0.85127,0.89864,33,22,22
E_cbdice_s0,E_cbdice,13_dr,closing,0.0,0,0.7987,0.76331,48,38,-38
E_cbdice_s0,E_cbdice,13_dr,closing,0.25,1,0.79866,0.76353,42,42,-42
E_cbdice_s0,E_cbdice,13_dr,closing,0.5,2,0.79859,0.76358,35,43,-43
E_cbdice_s0,E_cbdice,13_dr,closing,0.75,3,0.79646,0.76022,27,47,-47
E_cbdice_s0,E_cbdice,13_dr,closing,1.0,4,0.79382,0.75857,20,47,-47
E_cbdice_s0,E_cbdice,13_dr,closing,1.5,6,0.78368,0.75253,15,43,-43
E_cbdice_s0,E_cbdice,13_dr,closing,2.0,8,0.76561,0.74233,7,42,-42
E_cbdice_s0,E_cbdice,13_dr,bridge_only,0.0,0,0.7987,0.76331,48,38,-38
E_cbdice_s0,E_cbdice,13_dr,bridge_only,0.25,1,0.79846,0.76345,42,36,-36
E_cbdice_s0,E_cbdice,13_dr,bridge_only,0.5,2,0.79825,0.7641,37,34,-34
E_cbdice_s0,E_cbdice,13_dr,bridge_only,0.75,3,0.79732,0.76321,30,32,-32
E_cbdice_s0,E_cbdice,13_dr,bridge_only,1.0,4,0.79538,0.76211,24,31,-31
E_cbdice_s0,E_cbdice,13_dr,bridge_only,1.5,6,0.78945,0.75875,19,28,-28
E_cbdice_s0,E_cbdice,13_dr,bridge_only,2.0,8,0.77616,0.75195,11,25,-25
E_cbdice_s0,E_cbdice,13_g,closing,0.0,0,0.78737,0.80271,27,81,-81
E_cbdice_s0,E_cbdice,13_g,closing,0.25,1,0.78689,0.80253,21,80,-80
E_cbdice_s0,E_cbdice,13_g,closing,0.5,2,0.78545,0.80182,18,79,-79
E_cbdice_s0,E_cbdice,13_g,closing,0.75,3,0.78181,0.79806,11,81,-81
E_cbdice_s0,E_cbdice,13_g,closing,1.0,4,0.77824,0.79624,8,77,-77
E_cbdice_s0,E_cbdice,13_g,closing,1.5,6,0.76424,0.7853,5,73,-73
E_cbdice_s0,E_cbdice,13_g,closing,2.0,8,0.74142,0.77138,2,79,-79
E_cbdice_s0,E_cbdice,13_g,bridge_only,0.0,0,0.78737,0.80271,27,81,-81
E_cbdice_s0,E_cbdice,13_g,bridge_only,0.25,1,0.78712,0.80256,24,80,-80
E_cbdice_s0,E_cbdice,13_g,bridge_only,0.5,2,0.78654,0.80249,21,78,-78
E_cbdice_s0,E_cbdice,13_g,bridge_only,0.75,3,0.78501,0.80101,18,77,-77
E_cbdice_s0,E_cbdice,13_g,bridge_only,1.0,4,0.78337,0.80047,16,76,-76
E_cbdice_s0,E_cbdice,13_g,bridge_only,1.5,6,0.77651,0.79598,15,71,-71
E_cbdice_s0,E_cbdice,13_g,bridge_only,2.0,8,0.76539,0.79005,15,72,-72
E_cbdice_s0,E_cbdice,13_h,closing,0.0,0,0.85298,0.89934,63,7,7
E_cbdice_s0,E_cbdice,13_h,closing,0.25,1,0.85261,0.90005,60,9,9
E_cbdice_s0,E_cbdice,13_h,closing,0.5,2,0.8517,0.90074,52,10,10
E_cbdice_s0,E_cbdice,13_h,closing,0.75,3,0.84931,0.89985,45,10,10
E_cbdice_s0,E_cbdice,13_h,closing,1.0,4,0.84634,0.89819,36,12,12
E_cbdice_s0,E_cbdice,13_h,closing,1.5,6,0.83273,0.88871,28,16,16
E_cbdice_s0,E_cbdice,13_h,closing,2.0,8,0.8159,0.87572,18,18,18
E_cbdice_s0,E_cbdice,13_h,bridge_only,0.0,0,0.85298,0.89934,63,7,7
E_cbdice_s0,E_cbdice,13_h,bridge_only,0.25,1,0.85265,0.89971,61,12,12
E_cbdice_s0,E_cbdice,13_h,bridge_only,0.5,2,0.852,0.89994,55,17,17
E_cbdice_s0,E_cbdice,13_h,bridge_only,0.75,3,0.85039,0.89934,49,19,19
E_cbdice_s0,E_cbdice,13_h,bridge_only,1.0,4,0.8481,0.8981,41,19,19
E_cbdice_s0,E_cbdice,13_h,bridge_only,1.5,6,0.83803,0.89137,36,21,21
E_cbdice_s0,E_cbdice,13_h,bridge_only,2.0,8,0.82634,0.88217,29,23,23
E_cbdice_s0,E_cbdice,14_dr,closing,0.0,0,0.7748,0.76307,4,116,-116
E_cbdice_s0,E_cbdice,14_dr,closing,0.25,1,0.77453,0.76315,0,127,-127
E_cbdice_s0,E_cbdice,14_dr,closing,0.5,2,0.77368,0.7636,2,132,-132
E_cbdice_s0,E_cbdice,14_dr,closing,0.75,3,0.77143,0.76116,7,131,-131
E_cbdice_s0,E_cbdice,14_dr,closing,1.0,4,0.76698,0.75806,15,127,-127
E_cbdice_s0,E_cbdice,14_dr,closing,1.5,6,0.75265,0.74834,18,132,-132
E_cbdice_s0,E_cbdice,14_dr,closing,2.0,8,0.73571,0.7374,25,131,-131
E_cbdice_s0,E_cbdice,14_dr,bridge_only,0.0,0,0.7748,0.76307,4,116,-116
E_cbdice_s0,E_cbdice,14_dr,bridge_only,0.25,1,0.77451,0.76297,0,114,-114
E_cbdice_s0,E_cbdice,14_dr,bridge_only,0.5,2,0.77394,0.76351,2,112,-112
E_cbdice_s0,E_cbdice,14_dr,bridge_only,0.75,3,0.77238,0.76204,7,107,-107
E_cbdice_s0,E_cbdice,14_dr,bridge_only,1.0,4,0.76889,0.75939,14,103,-103
E_cbdice_s0,E_cbdice,14_dr,bridge_only,1.5,6,0.75928,0.75356,16,105,-105
E_cbdice_s0,E_cbdice,14_dr,bridge_only,2.0,8,0.74819,0.74555,22,99,-99
E_cbdice_s0,E_cbdice,14_g,closing,0.0,0,0.7741,0.78088,65,98,-98
E_cbdice_s0,E_cbdice,14_g,closing,0.25,1,0.77382,0.78091,59,99,-99
E_cbdice_s0,E_cbdice,14_g,closing,0.5,2,0.77311,0.78017,54,97,-97
E_cbdice_s0,E_cbdice,14_g,closing,0.75,3,0.77033,0.77729,47,95,-95
E_cbdice_s0,E_cbdice,14_g,closing,1.0,4,0.76734,0.77433,44,99,-99
E_cbdice_s0,E_cbdice,14_g,closing,1.5,6,0.75464,0.76611,31,96,-96
E_cbdice_s0,E_cbdice,14_g,closing,2.0,8,0.7368,0.75373,28,98,-98
E_cbdice_s0,E_cbdice,14_g,bridge_only,0.0,0,0.7741,0.78088,65,98,-98
E_cbdice_s0,E_cbdice,14_g,bridge_only,0.25,1,0.77385,0.78067,59,95,-95
E_cbdice_s0,E_cbdice,14_g,bridge_only,0.5,2,0.77335,0.78002,56,92,-92
E_cbdice_s0,E_cbdice,14_g,bridge_only,0.75,3,0.77197,0.77853,53,90,-90
E_cbdice_s0,E_cbdice,14_g,bridge_only,1.0,4,0.77082,0.77759,50,91,-91
E_cbdice_s0,E_cbdice,14_g,bridge_only,1.5,6,0.76442,0.77275,40,89,-89
E_cbdice_s0,E_cbdice,14_g,bridge_only,2.0,8,0.75521,0.76686,37,90,-90
E_cbdice_s0,E_cbdice,14_h,closing,0.0,0,0.85608,0.90643,56,6,6
E_cbdice_s0,E_cbdice,14_h,closing,0.25,1,0.85575,0.90685,47,1,-1
E_cbdice_s0,E_cbdice,14_h,closing,0.5,2,0.85523,0.90686,40,3,3
E_cbdice_s0,E_cbdice,14_h,closing,0.75,3,0.85353,0.90486,38,2,2
E_cbdice_s0,E_cbdice,14_h,closing,1.0,4,0.85033,0.9021,34,3,3
E_cbdice_s0,E_cbdice,14_h,closing,1.5,6,0.83785,0.89188,27,10,10
E_cbdice_s0,E_cbdice,14_h,closing,2.0,8,0.81686,0.87765,20,10,10
E_cbdice_s0,E_cbdice,14_h,bridge_only,0.0,0,0.85608,0.90643,56,6,6
E_cbdice_s0,E_cbdice,14_h,bridge_only,0.25,1,0.85582,0.90654,51,6,6
E_cbdice_s0,E_cbdice,14_h,bridge_only,0.5,2,0.85562,0.90658,45,7,7
E_cbdice_s0,E_cbdice,14_h,bridge_only,0.75,3,0.85487,0.90576,44,8,8
E_cbdice_s0,E_cbdice,14_h,bridge_only,1.0,4,0.85318,0.904,40,8,8
E_cbdice_s0,E_cbdice,14_h,bridge_only,1.5,6,0.84605,0.89814,37,14,14
E_cbdice_s0,E_cbdice,14_h,bridge_only,2.0,8,0.83127,0.88854,31,16,16
E_cbdice_s0,E_cbdice,15_dr,closing,0.0,0,0.75847,0.75225,94,20,20
E_cbdice_s0,E_cbdice,15_dr,closing,0.25,1,0.75715,0.75487,89,15,-15
E_cbdice_s0,E_cbdice,15_dr,closing,0.5,2,0.75492,0.75505,80,25,-25
E_cbdice_s0,E_cbdice,15_dr,closing,0.75,3,0.75121,0.75246,72,26,-26
E_cbdice_s0,E_cbdice,15_dr,closing,1.0,4,0.7463,0.75059,65,23,-23
E_cbdice_s0,E_cbdice,15_dr,closing,1.5,6,0.72955,0.74286,58,26,-26
E_cbdice_s0,E_cbdice,15_dr,closing,2.0,8,0.71211,0.73289,48,27,-27
E_cbdice_s0,E_cbdice,15_dr,bridge_only,0.0,0,0.75847,0.75225,94,20,20
E_cbdice_s0,E_cbdice,15_dr,bridge_only,0.25,1,0.75714,0.75244,89,21,21
E_cbdice_s0,E_cbdice,15_dr,bridge_only,0.5,2,0.75511,0.75164,80,22,22
E_cbdice_s0,E_cbdice,15_dr,bridge_only,0.75,3,0.75214,0.74938,74,27,27
E_cbdice_s0,E_cbdice,15_dr,bridge_only,1.0,4,0.74844,0.74835,68,29,29
E_cbdice_s0,E_cbdice,15_dr,bridge_only,1.5,6,0.73405,0.74195,61,26,26
E_cbdice_s0,E_cbdice,15_dr,bridge_only,2.0,8,0.71986,0.73481,51,27,27
E_cbdice_s0,E_cbdice,15_g,closing,0.0,0,0.79098,0.77822,38,49,-49
E_cbdice_s0,E_cbdice,15_g,closing,0.25,1,0.79074,0.77819,29,52,-52
E_cbdice_s0,E_cbdice,15_g,closing,0.5,2,0.78995,0.77734,21,45,-45
E_cbdice_s0,E_cbdice,15_g,closing,0.75,3,0.78777,0.77427,15,53,-53
E_cbdice_s0,E_cbdice,15_g,closing,1.0,4,0.78473,0.77266,4,50,-50
E_cbdice_s0,E_cbdice,15_g,closing,1.5,6,0.7705,0.76058,5,50,-50
E_cbdice_s0,E_cbdice,15_g,closing,2.0,8,0.75114,0.7494,7,49,-49
E_cbdice_s0,E_cbdice,15_g,bridge_only,0.0,0,0.79098,0.77822,38,49,-49
E_cbdice_s0,E_cbdice,15_g,bridge_only,0.25,1,0.79067,0.77822,33,49,-49
E_cbdice_s0,E_cbdice,15_g,bridge_only,0.5,2,0.79018,0.77788,27,47,-47
E_cbdice_s0,E_cbdice,15_g,bridge_only,0.75,3,0.78918,0.77713,24,47,-47
E_cbdice_s0,E_cbdice,15_g,bridge_only,1.0,4,0.7879,0.77713,17,46,-46
E_cbdice_s0,E_cbdice,15_g,bridge_only,1.5,6,0.78213,0.77339,10,42,-42
E_cbdice_s0,E_cbdice,15_g,bridge_only,2.0,8,0.77126,0.76813,9,41,-41
E_cbdice_s0,E_cbdice,15_h,closing,0.0,0,0.86124,0.91975,45,8,-8
E_cbdice_s0,E_cbdice,15_h,closing,0.25,1,0.86141,0.92005,42,9,-9
E_cbdice_s0,E_cbdice,15_h,closing,0.5,2,0.86189,0.91995,35,9,-9
E_cbdice_s0,E_cbdice,15_h,closing,0.75,3,0.86139,0.91931,32,7,-7
E_cbdice_s0,E_cbdice,15_h,closing,1.0,4,0.85986,0.91756,27,9,-9
E_cbdice_s0,E_cbdice,15_h,closing,1.5,6,0.85441,0.91173,21,5,-5
E_cbdice_s0,E_cbdice,15_h,closing,2.0,8,0.83901,0.90085,12,2,-2
E_cbdice_s0,E_cbdice,15_h,bridge_only,0.0,0,0.86124,0.91975,45,8,-8
E_cbdice_s0,E_cbdice,15_h,bridge_only,0.25,1,0.86122,0.9197,43,7,-7
E_cbdice_s0,E_cbdice,15_h,bridge_only,0.5,2,0.86132,0.91954,40,7,-7
E_cbdice_s0,E_cbdice,15_h,bridge_only,0.75,3,0.86091,0.91897,37,4,-4
E_cbdice_s0,E_cbdice,15_h,bridge_only,1.0,4,0.86009,0.91822,35,5,-5
E_cbdice_s0,E_cbdice,15_h,bridge_only,1.5,6,0.85784,0.91605,33,3,-3
E_cbdice_s0,E_cbdice,15_h,bridge_only,2.0,8,0.85346,0.91241,28,3,-3
A_dice_s1,A_dice,11_dr,closing,0.0,0,0.81477,0.83276,57,35,-35
A_dice_s1,A_dice,11_dr,closing,0.25,1,0.81452,0.83247,51,42,-42
A_dice_s1,A_dice,11_dr,closing,0.5,2,0.81418,0.83083,33,48,-48
A_dice_s1,A_dice,11_dr,closing,0.75,3,0.81106,0.82681,19,57,-57
A_dice_s1,A_dice,11_dr,closing,1.0,4,0.80738,0.82349,16,58,-58
A_dice_s1,A_dice,11_dr,closing,1.5,6,0.79273,0.81343,3,52,-52
A_dice_s1,A_dice,11_dr,closing,2.0,8,0.7697,0.79821,1,47,-47
A_dice_s1,A_dice,11_dr,bridge_only,0.0,0,0.81477,0.83276,57,35,-35
A_dice_s1,A_dice,11_dr,bridge_only,0.25,1,0.81427,0.83254,54,34,-34
A_dice_s1,A_dice,11_dr,bridge_only,0.5,2,0.81363,0.83135,41,29,-29
A_dice_s1,A_dice,11_dr,bridge_only,0.75,3,0.81227,0.82965,30,31,-31
A_dice_s1,A_dice,11_dr,bridge_only,1.0,4,0.81008,0.82802,29,29,-29
A_dice_s1,A_dice,11_dr,bridge_only,1.5,6,0.80126,0.82297,18,23,-23
A_dice_s1,A_dice,11_dr,bridge_only,2.0,8,0.78595,0.81326,16,20,-20
A_dice_s1,A_dice,11_g,closing,0.0,0,0.81311,0.82186,27,56,-56
A_dice_s1,A_dice,11_g,closing,0.25,1,0.81246,0.82133,22,57,-57
A_dice_s1,A_dice,11_g,closing,0.5,2,0.81135,0.82073,8,60,-60
A_dice_s1,A_dice,11_g,closing,0.75,3,0.80792,0.81789,8,57,-57
A_dice_s1,A_dice,11_g,closing,1.0,4,0.80439,0.81423,12,58,-58
A_dice_s1,A_dice,11_g,closing,1.5,6,0.79217,0.80369,27,57,-57
A_dice_s1,A_dice,11_g,closing,2.0,8,0.77275,0.79153,32,58,-58
A_dice_s1,A_dice,11_g,bridge_only,0.0,0,0.81311,0.82186,27,56,-56
A_dice_s1,A_dice,11_g,bridge_only,0.25,1,0.81241,0.82152,22,54,-54
A_dice_s1,A_dice,11_g,bridge_only,0.5,2,0.81144,0.82123,13,51,-51
A_dice_s1,A_dice,11_g,bridge_only,0.75,3,0.81004,0.8209,1,47,-47
A_dice_s1,A_dice,11_g,bridge_only,1.0,4,0.80794,0.81904,1,45,-45
A_dice_s1,A_dice,11_g,bridge_only,1.5,6,0.8004,0.81259,10,44,-44
A_dice_s1,A_dice,11_g,bridge_only,2.0,8,0.78839,0.80473,14,43,-43
A_dice_s1,A_dice,11_h,closing,0.0,0,0.86078,0.89627,91,1,-1
A_dice_s1,A_dice,11_h,closing,0.25,1,0.86079,0.89646,83,6,-6
A_dice_s1,A_dice,11_h,closing,0.5,2,0.86079,0.89651,75,5,-5
A_dice_s1,A_dice,11_h,closing,0.75,3,0.85991,0.89419,67,6,-6
A_dice_s1,A_dice,11_h,closing,1.0,4,0.8573,0.89155,58,5,-5
A_dice_s1,A_dice,11_h,closing,1.5,6,0.84605,0.88086,48,6,-6
A_dice_s1,A_dice,11_h,closing,2.0,8,0.83016,0.86794,37,1,-1
A_dice_s1,A_dice,11_h,bridge_only,0.0,0,0.86078,0.89627,91,1,-1
A_dice_s1,A_dice,11_h,bridge_only,0.25,1,0.86057,0.89616,84,0,0
A_dice_s1,A_dice,11_h,bridge_only,0.5,2,0.86039,0.89606,77,3,3
A_dice_s1,A_dice,11_h,bridge_only,0.75,3,0.85969,0.89466,71,4,4
A_dice_s1,A_dice,11_h,bridge_only,1.0,4,0.85795,0.89285,63,6,6
A_dice_s1,A_dice,11_h,bridge_only,1.5,6,0.84987,0.88477,56,4,4
A_dice_s1,A_dice,11_h,bridge_only,2.0,8,0.83967,0.87592,47,10,10
A_dice_s1,A_dice,12_dr,closing,0.0,0,0.75863,0.74463,42,120,-120
A_dice_s1,A_dice,12_dr,closing,0.25,1,0.75867,0.74482,36,125,-125
A_dice_s1,A_dice,12_dr,closing,0.5,2,0.75842,0.74501,17,122,-122
A_dice_s1,A_dice,12_dr,closing,0.75,3,0.75699,0.74381,2,114,-114
A_dice_s1,A_dice,12_dr,closing,1.0,4,0.75467,0.74232,7,115,-115
A_dice_s1,A_dice,12_dr,closing,1.5,6,0.74089,0.73269,28,106,-106
A_dice_s1,A_dice,12_dr,closing,2.0,8,0.7223,0.71922,47,95,-95
A_dice_s1,A_dice,12_dr,bridge_only,0.0,0,0.75863,0.74463,42,120,-120
A_dice_s1,A_dice,12_dr,bridge_only,0.25,1,0.75856,0.74471,36,117,-117
A_dice_s1,A_dice,12_dr,bridge_only,0.5,2,0.75838,0.74489,18,115,-115
A_dice_s1,A_dice,12_dr,bridge_only,0.75,3,0.75701,0.74429,3,108,-108
A_dice_s1,A_dice,12_dr,bridge_only,1.0,4,0.75499,0.74302,1,108,-108
A_dice_s1,A_dice,12_dr,bridge_only,1.5,6,0.74365,0.73553,20,101,-101
A_dice_s1,A_dice,12_dr,bridge_only,2.0,8,0.72777,0.72448,38,90,-90
A_dice_s1,A_dice,12_g,closing,0.0,0,0.81502,0.81694,85,57,-57
A_dice_s1,A_dice,12_g,closing,0.25,1,0.81458,0.8168,80,55,-55
A_dice_s1,A_dice,12_g,closing,0.5,2,0.81347,0.81556,66,56,-56
A_dice_s1,A_dice,12_g,closing,0.75,3,0.81158,0.81387,47,53,-53
A_dice_s1,A_dice,12_g,closing,1.0,4,0.80711,0.81065,36,50,-50
A_dice_s1,A_dice,12_g,closing,1.5,6,0.79003,0.79978,26,48,-48
A_dice_s1,A_dice,12_g,closing,2.0,8,0.77119,0.78825,16,48,-48
A_dice_s1,A_dice,12_g,bridge_only,0.0,0,0.81502,0.81694,85,57,-57
A_dice_s1,A_dice,12_g,bridge_only,0.25,1,0.81463,0.81666,81,52,-52
A_dice_s1,A_dice,12_g,bridge_only,0.5,2,0.81394,0.81564,75,51,-51
A_dice_s1,A_dice,12_g,bridge_only,0.75,3,0.81298,0.81444,59,51,-51
A_dice_s1,A_dice,12_g,bridge_only,1.0,4,0.80997,0.81205,52,49,-49
A_dice_s1,A_dice,12_g,bridge_only,1.5,6,0.80001,0.80548,45,46,-46
A_dice_s1,A_dice,12_g,bridge_only,2.0,8,0.7879,0.798,40,46,-46
A_dice_s1,A_dice,12_h,closing,0.0,0,0.86917,0.90676,91,7,7
A_dice_s1,A_dice,12_h,closing,0.25,1,0.86914,0.90709,84,8,8
A_dice_s1,A_dice,12_h,closing,0.5,2,0.86932,0.90673,71,10,10
A_dice_s1,A_dice,12_h,closing,0.75,3,0.86734,0.90389,55,9,9
A_dice_s1,A_dice,12_h,closing,1.0,4,0.86501,0.90059,46,9,9
A_dice_s1,A_dice,12_h,closing,1.5,6,0.85305,0.88919,36,11,11
A_dice_s1,A_dice,12_h,closing,2.0,8,0.8329,0.87318,32,12,12
A_dice_s1,A_dice,12_h,bridge_only,0.0,0,0.86917,0.90676,91,7,7
A_dice_s1,A_dice,12_h,bridge_only,0.25,1,0.86902,0.90696,84,10,10
A_dice_s1,A_dice,12_h,bridge_only,0.5,2,0.86887,0.90679,75,15,15
A_dice_s1,A_dice,12_h,bridge_only,0.75,3,0.86764,0.90541,61,17,17
A_dice_s1,A_dice,12_h,bridge_only,1.0,4,0.86586,0.90294,56,17,17
A_dice_s1,A_dice,12_h,bridge_only,1.5,6,0.85843,0.89555,47,18,18
A_dice_s1,A_dice,12_h,bridge_only,2.0,8,0.8465,0.88622,44,22,22
A_dice_s1,A_dice,13_dr,closing,0.0,0,0.79411,0.7735,79,47,-47
A_dice_s1,A_dice,13_dr,closing,0.25,1,0.79439,0.77404,72,51,-51
A_dice_s1,A_dice,13_dr,closing,0.5,2,0.79398,0.77395,61,44,-44
A_dice_s1,A_dice,13_dr,closing,0.75,3,0.7922,0.77108,56,44,-44
A_dice_s1,A_dice,13_dr,closing,1.0,4,0.79007,0.76937,47,46,-46
A_dice_s1,A_dice,13_dr,closing,1.5,6,0.78056,0.76146,39,43,-43
A_dice_s1,A_dice,13_dr,closing,2.0,8,0.76053,0.74875,33,39,-39
A_dice_s1,A_dice,13_dr,bridge_only,0.0,0,0.79411,0.7735,79,47,-47
A_dice_s1,A_dice,13_dr,bridge_only,0.25,1,0.79414,0.774,74,41,-41
A_dice_s1,A_dice,13_dr,bridge_only,0.5,2,0.7937,0.77415,63,35,-35
A_dice_s1,A_dice,13_dr,bridge_only,0.75,3,0.79225,0.77261,59,33,-33
A_dice_s1,A_dice,13_dr,bridge_only,1.0,4,0.79024,0.77092,52,35,-35
A_dice_s1,A_dice,13_dr,bridge_only,1.5,6,0.78258,0.76442,45,32,-32
A_dice_s1,A_dice,13_dr,bridge_only,2.0,8,0.76581,0.75435,40,28,-28
A_dice_s1,A_dice,13_g,closing,0.0,0,0.78158,0.80121,63,88,-88
A_dice_s1,A_dice,13_g,closing,0.25,1,0.78119,0.80118,57,84,-84
A_dice_s1,A_dice,13_g,closing,0.5,2,0.77986,0.80013,46,80,-80
A_dice_s1,A_dice,13_g,closing,0.75,3,0.77698,0.7963,38,77,-77
A_dice_s1,A_dice,13_g,closing,1.0,4,0.7734,0.79429,33,73,-73
A_dice_s1,A_dice,13_g,closing,1.5,6,0.7602,0.78413,26,72,-72
A_dice_s1,A_dice,13_g,closing,2.0,8,0.73535,0.76862,12,75,-75
A_dice_s1,A_dice,13_g,bridge_only,0.0,0,0.78158,0.80121,63,88,-88
A_dice_s1,A_dice,13_g,bridge_only,0.25,1,0.78132,0.80115,58,85,-85
A_dice_s1,A_dice,13_g,bridge_only,0.5,2,0.78071,0.80075,50,82,-82
A_dice_s1,A_dice,13_g,bridge_only,0.75,3,0.77933,0.79929,46,78,-78
A_dice_s1,A_dice,13_g,bridge_only,1.0,4,0.77758,0.79868,44,75,-75
A_dice_s1,A_dice,13_g,bridge_only,1.5,6,0.7705,0.79479,40,71,-71
A_dice_s1,A_dice,13_g,bridge_only,2.0,8,0.75617,0.78701,31,71,-71
A_dice_s1,A_dice,13_h,closing,0.0,0,0.84926,0.88916,100,4,4
A_dice_s1,A_dice,13_h,closing,0.25,1,0.84938,0.89005,93,1,1
A_dice_s1,A_dice,13_h,closing,0.5,2,0.84957,0.89061,75,1,1
A_dice_s1,A_dice,13_h,closing,0.75,3,0.84891,0.88937,67,5,5
A_dice_s1,A_dice,13_h,closing,1.0,4,0.84674,0.88818,61,3,3
A_dice_s1,A_dice,13_h,closing,1.5,6,0.83358,0.8776,50,7,7
A_dice_s1,A_dice,13_h,closing,2.0,8,0.81571,0.864,38,10,10
A_dice_s1,A_dice,13_h,bridge_only,0.0,0,0.84926,0.88916,100,4,4
A_dice_s1,A_dice,13_h,bridge_only,0.25,1,0.8492,0.88971,96,9,9
A_dice_s1,A_dice,13_h,bridge_only,0.5,2,0.84917,0.89022,82,8,8
A_dice_s1,A_dice,13_h,bridge_only,0.75,3,0.84857,0.88906,74,13,13
A_dice_s1,A_dice,13_h,bridge_only,1.0,4,0.84666,0.8879,69,11,11
A_dice_s1,A_dice,13_h,bridge_only,1.5,6,0.83549,0.87836,59,14,14
A_dice_s1,A_dice,13_h,bridge_only,2.0,8,0.82151,0.86744,51,15,15
A_dice_s1,A_dice,14_dr,closing,0.0,0,0.76891,0.7664,56,109,-109
A_dice_s1,A_dice,14_dr,closing,0.25,1,0.76886,0.76681,51,121,-121
A_dice_s1,A_dice,14_dr,closing,0.5,2,0.76862,0.7664,36,121,-121
A_dice_s1,A_dice,14_dr,closing,0.75,3,0.76638,0.76503,28,124,-124
A_dice_s1,A_dice,14_dr,closing,1.0,4,0.76322,0.76125,17,120,-120
A_dice_s1,A_dice,14_dr,closing,1.5,6,0.74638,0.74923,4,127,-127
A_dice_s1,A_dice,14_dr,closing,2.0,8,0.72729,0.73428,7,127,-127
A_dice_s1,A_dice,14_dr,bridge_only,0.0,0,0.76891,0.7664,56,109,-109
A_dice_s1,A_dice,14_dr,bridge_only,0.25,1,0.76862,0.76661,52,105,-105
A_dice_s1,A_dice,14_dr,bridge_only,0.5,2,0.76857,0.76647,40,100,-100
A_dice_s1,A_dice,14_dr,bridge_only,0.75,3,0.7672,0.76559,33,96,-96
A_dice_s1,A_dice,14_dr,bridge_only,1.0,4,0.76532,0.76381,23,92,-92
A_dice_s1,A_dice,14_dr,bridge_only,1.5,6,0.7556,0.75658,11,92,-92
A_dice_s1,A_dice,14_dr,bridge_only,2.0,8,0.74182,0.74633,3,90,-90
A_dice_s1,A_dice,14_g,closing,0.0,0,0.76934,0.77938,98,101,-101
A_dice_s1,A_dice,14_g,closing,0.25,1,0.76915,0.77922,92,101,-101
A_dice_s1,A_dice,14_g,closing,0.5,2,0.76866,0.77853,71,97,-97
A_dice_s1,A_dice,14_g,closing,0.75,3,0.76671,0.7767,62,96,-96
A_dice_s1,A_dice,14_g,closing,1.0,4,0.76304,0.77337,55,98,-98
A_dice_s1,A_dice,14_g,closing,1.5,6,0.75137,0.76538,42,93,-93
A_dice_s1,A_dice,14_g,closing,2.0,8,0.73248,0.75222,38,92,-92
A_dice_s1,A_dice,14_g,bridge_only,0.0,0,0.76934,0.77938,98,101,-101
A_dice_s1,A_dice,14_g,bridge_only,0.25,1,0.76918,0.77929,95,100,-100
A_dice_s1,A_dice,14_g,bridge_only,0.5,2,0.76892,0.77876,76,94,-94
A_dice_s1,A_dice,14_g,bridge_only,0.75,3,0.76792,0.77798,71,91,-91
A_dice_s1,A_dice,14_g,bridge_only,1.0,4,0.76604,0.77661,66,88,-88
A_dice_s1,A_dice,14_g,bridge_only,1.5,6,0.75941,0.77186,57,85,-85
A_dice_s1,A_dice,14_g,bridge_only,2.0,8,0.74917,0.76575,56,85,-85
A_dice_s1,A_dice,14_h,closing,0.0,0,0.85003,0.90037,101,6,-6
A_dice_s1,A_dice,14_h,closing,0.25,1,0.85005,0.90071,94,9,-9
A_dice_s1,A_dice,14_h,closing,0.5,2,0.84983,0.90034,80,5,-5
A_dice_s1,A_dice,14_h,closing,0.75,3,0.84856,0.89825,65,2,-2
A_dice_s1,A_dice,14_h,closing,1.0,4,0.84582,0.89548,57,1,1
A_dice_s1,A_dice,14_h,closing,1.5,6,0.83436,0.88499,46,3,3
A_dice_s1,A_dice,14_h,closing,2.0,8,0.8142,0.86991,31,8,8
A_dice_s1,A_dice,14_h,bridge_only,0.0,0,0.85003,0.90037,101,6,-6
A_dice_s1,A_dice,14_h,bridge_only,0.25,1,0.84989,0.90052,94,6,-6
A_dice_s1,A_dice,14_h,bridge_only,0.5,2,0.84964,0.90033,84,2,-2
A_dice_s1,A_dice,14_h,bridge_only,0.75,3,0.84845,0.89854,76,2,-2
A_dice_s1,A_dice,14_h,bridge_only,1.0,4,0.84644,0.89695,71,1,-1
A_dice_s1,A_dice,14_h,bridge_only,1.5,6,0.83921,0.89084,67,2,2
A_dice_s1,A_dice,14_h,bridge_only,2.0,8,0.82562,0.88167,59,7,7
A_dice_s1,A_dice,15_dr,closing,0.0,0,0.73728,0.72931,184,11,11
A_dice_s1,A_dice,15_dr,closing,0.25,1,0.73637,0.73116,170,4,-4
A_dice_s1,A_dice,15_dr,closing,0.5,2,0.73416,0.73105,158,12,-12
A_dice_s1,A_dice,15_dr,closing,0.75,3,0.73032,0.73035,134,19,-19
A_dice_s1,A_dice,15_dr,closing,1.0,4,0.72507,0.72891,125,18,-18
A_dice_s1,A_dice,15_dr,closing,1.5,6,0.70479,0.72032,97,21,-21
A_dice_s1,A_dice,15_dr,closing,2.0,8,0.67917,0.70743,73,18,-18
A_dice_s1,A_dice,15_dr,bridge_only,0.0,0,0.73728,0.72931,184,11,11
A_dice_s1,A_dice,15_dr,bridge_only,0.25,1,0.73594,0.73008,171,15,15
A_dice_s1,A_dice,15_dr,bridge_only,0.5,2,0.73333,0.73002,161,19,19
A_dice_s1,A_dice,15_dr,bridge_only,0.75,3,0.72952,0.72838,137,20,20
A_dice_s1,A_dice,15_dr,bridge_only,1.0,4,0.72502,0.72824,131,21,21
A_dice_s1,A_dice,15_dr,bridge_only,1.5,6,0.70654,0.72174,105,19,19
A_dice_s1,A_dice,15_dr,bridge_only,2.0,8,0.68455,0.71226,85,21,21
A_dice_s1,A_dice,15_g,closing,0.0,0,0.78657,0.77714,75,50,-50
A_dice_s1,A_dice,15_g,closing,0.25,1,0.78641,0.77688,67,51,-51
A_dice_s1,A_dice,15_g,closing,0.5,2,0.78599,0.77672,50,51,-51
A_dice_s1,A_dice,15_g,closing,0.75,3,0.78404,0.77319,31,48,-48
A_dice_s1,A_dice,15_g,closing,1.0,4,0.78158,0.77206,23,47,-47
A_dice_s1,A_dice,15_g,closing,1.5,6,0.76666,0.76033,16,45,-45
A_dice_s1,A_dice,15_g,closing,2.0,8,0.74621,0.74819,8,46,-46
A_dice_s1,A_dice,15_g,bridge_only,0.0,0,0.78657,0.77714,75,50,-50
A_dice_s1,A_dice,15_g,bridge_only,0.25,1,0.78638,0.77691,70,50,-50
A_dice_s1,A_dice,15_g,bridge_only,0.5,2,0.786,0.77698,58,47,-47
A_dice_s1,A_dice,15_g,bridge_only,0.75,3,0.78491,0.77584,43,44,-44
A_dice_s1,A_dice,15_g,bridge_only,1.0,4,0.78381,0.77612,38,42,-42
A_dice_s1,A_dice,15_g,bridge_only,1.5,6,0.77743,0.77249,33,37,-37
A_dice_s1,A_dice,15_g,bridge_only,2.0,8,0.76543,0.76634,30,38,-38
A_dice_s1,A_dice,15_h,closing,0.0,0,0.85166,0.90761,79,10,-10
A_dice_s1,A_dice,15_h,closing,0.25,1,0.852,0.90812,76,7,-7
A_dice_s1,A_dice,15_h,closing,0.5,2,0.85274,0.90868,61,9,-9
A_dice_s1,A_dice,15_h,closing,0.75,3,0.85305,0.90857,47,7,-7
A_dice_s1,A_dice,15_h,closing,1.0,4,0.85219,0.90749,34,7,-7
A_dice_s1,A_dice,15_h,closing,1.5,6,0.8464,0.90162,26,4,-4
A_dice_s1,A_dice,15_h,closing,2.0,8,0.82985,0.88941,15,0,0
A_dice_s1,A_dice,15_h,bridge_only,0.0,0,0.85166,0.90761,79,10,-10
A_dice_s1,A_dice,15_h,bridge_only,0.25,1,0.85173,0.9077,76,9,-9
A_dice_s1,A_dice,15_h,bridge_only,0.5,2,0.85199,0.9079,65,6,-6
A_dice_s1,A_dice,15_h,bridge_only,0.75,3,0.85239,0.90782,53,4,-4
A_dice_s1,A_dice,15_h,bridge_only,1.0,4,0.85171,0.90673,44,4,-4
A_dice_s1,A_dice,15_h,bridge_only,1.5,6,0.84754,0.90268,37,1,-1
A_dice_s1,A_dice,15_h,bridge_only,2.0,8,0.8374,0.89445,29,1,1
B_cldice_s1,B_cldice,11_dr,closing,0.0,0,0.80611,0.8471,50,38,-38
B_cldice_s1,B_cldice,11_dr,closing,0.25,1,0.80565,0.84724,45,50,-50
B_cldice_s1,B_cldice,11_dr,closing,0.5,2,0.80395,0.84434,30,49,-49
B_cldice_s1,B_cldice,11_dr,closing,0.75,3,0.80011,0.83885,18,53,-53
B_cldice_s1,B_cldice,11_dr,closing,1.0,4,0.79541,0.83549,8,52,-52
B_cldice_s1,B_cldice,11_dr,closing,1.5,6,0.77835,0.82312,1,49,-49
B_cldice_s1,B_cldice,11_dr,closing,2.0,8,0.75519,0.8046,0,47,-47
B_cldice_s1,B_cldice,11_dr,bridge_only,0.0,0,0.80611,0.8471,50,38,-38
B_cldice_s1,B_cldice,11_dr,bridge_only,0.25,1,0.80559,0.8472,48,37,-37
B_cldice_s1,B_cldice,11_dr,bridge_only,0.5,2,0.80455,0.84591,38,37,-37
B_cldice_s1,B_cldice,11_dr,bridge_only,0.75,3,0.80262,0.84334,35,32,-32
B_cldice_s1,B_cldice,11_dr,bridge_only,1.0,4,0.80006,0.84168,28,33,-33
B_cldice_s1,B_cldice,11_dr,bridge_only,1.5,6,0.79035,0.83457,24,29,-29
B_cldice_s1,B_cldice,11_dr,bridge_only,2.0,8,0.77718,0.82453,23,28,-28
B_cldice_s1,B_cldice,11_g,closing,0.0,0,0.80527,0.84114,32,55,-55
B_cldice_s1,B_cldice,11_g,closing,0.25,1,0.80448,0.8408,27,59,-59
B_cldice_s1,B_cldice,11_g,closing,0.5,2,0.80268,0.83901,7,58,-58
B_cldice_s1,B_cldice,11_g,closing,0.75,3,0.79849,0.83463,1,55,-55
B_cldice_s1,B_cldice,11_g,closing,1.0,4,0.79468,0.83123,11,58,-58
B_cldice_s1,B_cldice,11_g,closing,1.5,6,0.7803,0.81821,23,58,-58
B_cldice_s1,B_cldice,11_g,closing,2.0,8,0.76111,0.80475,22,59,-59
B_cldice_s1,B_cldice,11_g,bridge_only,0.0,0,0.80527,0.84114,32,55,-55
B_cldice_s1,B_cldice,11_g,bridge_only,0.25,1,0.80449,0.84084,29,55,-55
B_cldice_s1,B_cldice,11_g,bridge_only,0.5,2,0.80306,0.83958,15,53,-53
B_cldice_s1,B_cldice,11_g,bridge_only,0.75,3,0.80098,0.83842,9,49,-49
B_cldice_s1,B_cldice,11_g,bridge_only,1.0,4,0.79863,0.83636,1,49,-49
B_cldice_s1,B_cldice,11_g,bridge_only,1.5,6,0.7893,0.82899,8,46,-46
B_cldice_s1,B_cldice,11_g,bridge_only,2.0,8,0.77757,0.82065,5,46,-46
B_cldice_s1,B_cldice,11_h,closing,0.0,0,0.85894,0.90565,92,2,-2
B_cldice_s1,B_cldice,11_h,closing,0.25,1,0.8588,0.90551,85,7,-7
B_cldice_s1,B_cldice,11_h,closing,0.5,2,0.85824,0.90496,80,6,-6
B_cldice_s1,B_cldice,11_h,closing,0.75,3,0.85667,0.90197,70,4,-4
B_cldice_s1,B_cldice,11_h,closing,1.0,4,0.8526,0.89742,58,1,1
B_cldice_s1,B_cldice,11_h,closing,1.5,6,0.83872,0.88449,47,0,0
B_cldice_s1,B_cldice,11_h,closing,2.0,8,0.82021,0.87023,44,2,-2
B_cldice_s1,B_cldice,11_h,bridge_only,0.0,0,0.85894,0.90565,92,2,-2
B_cldice_s1,B_cldice,11_h,bridge_only,0.25,1,0.85862,0.90545,87,1,-1
B_cldice_s1,B_cldice,11_h,bridge_only,0.5,2,0.85813,0.90502,83,1,-1
B_cldice_s1,B_cldice,11_h,bridge_only,0.75,3,0.85704,0.90291,74,2,2
B_cldice_s1,B_cldice,11_h,bridge_only,1.0,4,0.8544,0.89995,67,7,7
B_cldice_s1,B_cldice,11_h,bridge_only,1.5,6,0.8451,0.89041,59,5,5
B_cldice_s1,B_cldice,11_h,bridge_only,2.0,8,0.8335,0.88135,56,7,7
B_cldice_s1,B_cldice,12_dr,closing,0.0,0,0.7553,0.76893,38,112,-112
B_cldice_s1,B_cldice,12_dr,closing,0.25,1,0.75509,0.76913,22,117,-117
B_cldice_s1,B_cldice,12_dr,closing,0.5,2,0.75442,0.76945,6,113,-113
B_cldice_s1,B_cldice,12_dr,closing,0.75,3,0.75203,0.76671,17,113,-113
B_cldice_s1,B_cldice,12_dr,closing,1.0,4,0.74841,0.76477,27,106,-106
B_cldice_s1,B_cldice,12_dr,closing,1.5,6,0.73247,0.75265,40,98,-98
B_cldice_s1,B_cldice,12_dr,closing,2.0,8,0.71415,0.73696,48,93,-93
B_cldice_s1,B_cldice,12_dr,bridge_only,0.0,0,0.7553,0.76893,38,112,-112
B_cldice_s1,B_cldice,12_dr,bridge_only,0.25,1,0.75508,0.76901,22,111,-111
B_cldice_s1,B_cldice,12_dr,bridge_only,0.5,2,0.7547,0.76922,11,107,-107
B_cldice_s1,B_cldice,12_dr,bridge_only,0.75,3,0.75327,0.76813,4,104,-104
B_cldice_s1,B_cldice,12_dr,bridge_only,1.0,4,0.7508,0.76692,12,98,-98
B_cldice_s1,B_cldice,12_dr,bridge_only,1.5,6,0.74015,0.76006,22,92,-92
B_cldice_s1,B_cldice,12_dr,bridge_only,2.0,8,0.72776,0.75065,29,87,-87
B_cldice_s1,B_cldice,12_g,closing,0.0,0,0.80505,0.83425,88,57,-57
B_cldice_s1,B_cldice,12_g,closing,0.25,1,0.8045,0.83406,74,55,-55
B_cldice_s1,B_cldice,12_g,closing,0.5,2,0.80307,0.83299,54,53,-53
B_cldice_s1,B_cldice,12_g,closing,0.75,3,0.80019,0.83008,40,53,-53
B_cldice_s1,B_cldice,12_g,closing,1.0,4,0.79547,0.82626,31,51,-51
B_cldice_s1,B_cldice,12_g,closing,1.5,6,0.77687,0.81264,21,49,-49
B_cldice_s1,B_cldice,12_g,closing,2.0,8,0.75798,0.79807,12,48,-48
B_cldice_s1,B_cldice,12_g,bridge_only,0.0,0,0.80505,0.83425,88,57,-57
B_cldice_s1,B_cldice,12_g,bridge_only,0.25,1,0.80452,0.83397,79,57,-57
B_cldice_s1,B_cldice,12_g,bridge_only,0.5,2,0.80373,0.83324,67,54,-54
B_cldice_s1,B_cldice,12_g,bridge_only,0.75,3,0.80204,0.83132,58,54,-54
B_cldice_s1,B_cldice,12_g,bridge_only,1.0,4,0.7994,0.82933,53,52,-52
B_cldice_s1,B_cldice,12_g,bridge_only,1.5,6,0.78895,0.82138,45,49,-49
B_cldice_s1,B_cldice,12_g,bridge_only,2.0,8,0.77731,0.8134,39,47,-47
B_cldice_s1,B_cldice,12_h,closing,0.0,0,0.86778,0.91364,101,7,7
B_cldice_s1,B_cldice,12_h,closing,0.25,1,0.86767,0.91343,87,6,6
B_cldice_s1,B_cldice,12_h,closing,0.5,2,0.86696,0.9123,76,11,11
B_cldice_s1,B_cldice,12_h,closing,0.75,3,0.86393,0.90792,65,10,10
B_cldice_s1,B_cldice,12_h,closing,1.0,4,0.86106,0.90475,48,9,9
B_cldice_s1,B_cldice,12_h,closing,1.5,6,0.84688,0.8917,36,17,17
B_cldice_s1,B_cldice,12_h,closing,2.0,8,0.82493,0.87276,25,17,17
B_cldice_s1,B_cldice,12_h,bridge_only,0.0,0,0.86778,0.91364,101,7,7
B_cldice_s1,B_cldice,12_h,bridge_only,0.25,1,0.86759,0.91357,94,7,7
B_cldice_s1,B_cldice,12_h,bridge_only,0.5,2,0.867,0.91319,85,10,10
B_cldice_s1,B_cldice,12_h,bridge_only,0.75,3,0.8651,0.91059,75,12,12
B_cldice_s1,B_cldice,12_h,bridge_only,1.0,4,0.86309,0.9085,61,12,12
B_cldice_s1,B_cldice,12_h,bridge_only,1.5,6,0.85454,0.90039,54,18,18
B_cldice_s1,B_cldice,12_h,bridge_only,2.0,8,0.84211,0.89001,46,21,21
B_cldice_s1,B_cldice,13_dr,closing,0.0,0,0.7918,0.795,91,39,-39
B_cldice_s1,B_cldice,13_dr,closing,0.25,1,0.79167,0.79487,83,48,-48
B_cldice_s1,B_cldice,13_dr,closing,0.5,2,0.79087,0.79444,67,44,-44
B_cldice_s1,B_cldice,13_dr,closing,0.75,3,0.7889,0.79085,59,44,-44
B_cldice_s1,B_cldice,13_dr,closing,1.0,4,0.78565,0.78771,50,42,-42
B_cldice_s1,B_cldice,13_dr,closing,1.5,6,0.77432,0.77856,33,36,-36
B_cldice_s1,B_cldice,13_dr,closing,2.0,8,0.75248,0.76426,22,37,-37
B_cldice_s1,B_cldice,13_dr,bridge_only,0.0,0,0.7918,0.795,91,39,-39
B_cldice_s1,B_cldice,13_dr,bridge_only,0.25,1,0.79152,0.79498,87,39,-39
B_cldice_s1,B_cldice,13_dr,bridge_only,0.5,2,0.79089,0.795,76,36,-36
B_cldice_s1,B_cldice,13_dr,bridge_only,0.75,3,0.78991,0.79349,73,34,-34
B_cldice_s1,B_cldice,13_dr,bridge_only,1.0,4,0.78769,0.79119,66,32,-32
B_cldice_s1,B_cldice,13_dr,bridge_only,1.5,6,0.78129,0.78641,53,27,-27
B_cldice_s1,B_cldice,13_dr,bridge_only,2.0,8,0.76865,0.77881,46,28,-28
B_cldice_s1,B_cldice,13_g,closing,0.0,0,0.77462,0.82067,76,88,-88
B_cldice_s1,B_cldice,13_g,closing,0.25,1,0.77411,0.82057,65,81,-81
B_cldice_s1,B_cldice,13_g,closing,0.5,2,0.77252,0.81932,53,75,-75
B_cldice_s1,B_cldice,13_g,closing,0.75,3,0.76929,0.81437,47,72,-72
B_cldice_s1,B_cldice,13_g,closing,1.0,4,0.76472,0.8103,40,69,-69
B_cldice_s1,B_cldice,13_g,closing,1.5,6,0.74887,0.79626,25,68,-68
B_cldice_s1,B_cldice,13_g,closing,2.0,8,0.72414,0.77904,18,71,-71
B_cldice_s1,B_cldice,13_g,bridge_only,0.0,0,0.77462,0.82067,76,88,-88
B_cldice_s1,B_cldice,13_g,bridge_only,0.25,1,0.7742,0.82053,69,83,-83
B_cldice_s1,B_cldice,13_g,bridge_only,0.5,2,0.77348,0.8202,63,78,-78
B_cldice_s1,B_cldice,13_g,bridge_only,0.75,3,0.77181,0.81764,56,74,-74
B_cldice_s1,B_cldice,13_g,bridge_only,1.0,4,0.76929,0.81538,53,72,-72
B_cldice_s1,B_cldice,13_g,bridge_only,1.5,6,0.75995,0.80775,45,68,-68
B_cldice_s1,B_cldice,13_g,bridge_only,2.0,8,0.74469,0.79856,43,69,-69
B_cldice_s1,B_cldice,13_h,closing,0.0,0,0.8409,0.89334,108,9,9
B_cldice_s1,B_cldice,13_h,closing,0.25,1,0.84069,0.89403,99,2,2
B_cldice_s1,B_cldice,13_h,closing,0.5,2,0.84007,0.89408,88,8,8
B_cldice_s1,B_cldice,13_h,closing,0.75,3,0.8391,0.89306,77,12,12
B_cldice_s1,B_cldice,13_h,closing,1.0,4,0.83601,0.89111,73,12,12
B_cldice_s1,B_cldice,13_h,closing,1.5,6,0.8214,0.87921,53,12,12
B_cldice_s1,B_cldice,13_h,closing,2.0,8,0.80149,0.86353,36,13,13
B_cldice_s1,B_cldice,13_h,bridge_only,0.0,0,0.8409,0.89334,108,9,9
B_cldice_s1,B_cldice,13_h,bridge_only,0.25,1,0.84072,0.8935,100,10,10
B_cldice_s1,B_cldice,13_h,bridge_only,0.5,2,0.84026,0.89333,90,14,14
B_cldice_s1,B_cldice,13_h,bridge_only,0.75,3,0.83946,0.89261,81,18,18
B_cldice_s1,B_cldice,13_h,bridge_only,1.0,4,0.83733,0.89125,80,17,17
B_cldice_s1,B_cldice,13_h,bridge_only,1.5,6,0.82619,0.88168,64,20,20
B_cldice_s1,B_cldice,13_h,bridge_only,2.0,8,0.81183,0.86993,54,21,21
B_cldice_s1,B_cldice,14_dr,closing,0.0,0,0.765,0.78975,47,104,-104
B_cldice_s1,B_cldice,14_dr,closing,0.25,1,0.76449,0.78938,41,120,-120
B_cldice_s1,B_cldice,14_dr,closing,0.5,2,0.76298,0.78816,33,116,-116
B_cldice_s1,B_cldice,14_dr,closing,0.75,3,0.75978,0.78445,31,117,-117
B_cldice_s1,B_cldice,14_dr,closing,1.0,4,0.7545,0.77997,20,118,-118
B_cldice_s1,B_cldice,14_dr,closing,1.5,6,0.73591,0.76521,9,122,-122
B_cldice_s1,B_cldice,14_dr,closing,2.0,8,0.71497,0.74978,16,119,-119
B_cldice_s1,B_cldice,14_dr,bridge_only,0.0,0,0.765,0.78975,47,104,-104
B_cldice_s1,B_cldice,14_dr,bridge_only,0.25,1,0.76456,0.78939,42,102,-102
B_cldice_s1,B_cldice,14_dr,bridge_only,0.5,2,0.76365,0.78837,37,100,-100
B_cldice_s1,B_cldice,14_dr,bridge_only,0.75,3,0.76183,0.78632,34,94,-94
B_cldice_s1,B_cldice,14_dr,bridge_only,1.0,4,0.75864,0.78375,24,93,-93
B_cldice_s1,B_cldice,14_dr,bridge_only,1.5,6,0.74763,0.77551,5,91,-91
B_cldice_s1,B_cldice,14_dr,bridge_only,2.0,8,0.73457,0.76707,1,84,-84
B_cldice_s1,B_cldice,14_g,closing,0.0,0,0.76408,0.79614,102,101,-101
B_cldice_s1,B_cldice,14_g,closing,0.25,1,0.76368,0.79576,94,105,-105
B_cldice_s1,B_cldice,14_g,closing,0.5,2,0.7626,0.79495,85,100,-100
B_cldice_s1,B_cldice,14_g,closing,0.75,3,0.7601,0.79226,69,99,-99
B_cldice_s1,B_cldice,14_g,closing,1.0,4,0.7567,0.78874,53,98,-98
B_cldice_s1,B_cldice,14_g,closing,1.5,6,0.7432,0.77852,42,90,-90
B_cldice_s1,B_cldice,14_g,closing,2.0,8,0.72422,0.76317,33,90,-90
B_cldice_s1,B_cldice,14_g,bridge_only,0.0,0,0.76408,0.79614,102,101,-101
B_cldice_s1,B_cldice,14_g,bridge_only,0.25,1,0.76374,0.79565,96,100,-100
B_cldice_s1,B_cldice,14_g,bridge_only,0.5,2,0.76312,0.79519,87,94,-94
B_cldice_s1,B_cldice,14_g,bridge_only,0.75,3,0.76172,0.79353,75,92,-92
B_cldice_s1,B_cldice,14_g,bridge_only,1.0,4,0.75997,0.79194,64,88,-88
B_cldice_s1,B_cldice,14_g,bridge_only,1.5,6,0.75144,0.78534,56,82,-82
B_cldice_s1,B_cldice,14_g,bridge_only,2.0,8,0.74032,0.77687,46,82,-82
B_cldice_s1,B_cldice,14_h,closing,0.0,0,0.84508,0.90395,106,1,-1
B_cldice_s1,B_cldice,14_h,closing,0.25,1,0.84486,0.90443,99,7,-7
B_cldice_s1,B_cldice,14_h,closing,0.5,2,0.84427,0.90358,85,4,-4
B_cldice_s1,B_cldice,14_h,closing,0.75,3,0.84261,0.90112,73,3,-3
B_cldice_s1,B_cldice,14_h,closing,1.0,4,0.83907,0.89716,59,4,4
B_cldice_s1,B_cldice,14_h,closing,1.5,6,0.82487,0.88354,42,6,6
B_cldice_s1,B_cldice,14_h,closing,2.0,8,0.79959,0.86637,31,11,11
B_cldice_s1,B_cldice,14_h,bridge_only,0.0,0,0.84508,0.90395,106,1,-1
B_cldice_s1,B_cldice,14_h,bridge_only,0.25,1,0.84487,0.90418,100,0,0
B_cldice_s1,B_cldice,14_h,bridge_only,0.5,2,0.84454,0.90376,90,0,0
B_cldice_s1,B_cldice,14_h,bridge_only,0.75,3,0.84359,0.90211,83,1,1
B_cldice_s1,B_cldice,14_h,bridge_only,1.0,4,0.84119,0.89921,75,6,6
B_cldice_s1,B_cldice,14_h,bridge_only,1.5,6,0.83228,0.89141,65,9,9
B_cldice_s1,B_cldice,14_h,bridge_only,2.0,8,0.81372,0.87929,55,13,13
B_cldice_s1,B_cldice,15_dr,closing,0.0,0,0.73034,0.7544,170,10,10
B_cldice_s1,B_cldice,15_dr,closing,0.25,1,0.7291,0.75515,159,4,-4
B_cldice_s1,B_cldice,15_dr,closing,0.5,2,0.72682,0.75486,138,11,-11
B_cldice_s1,B_cldice,15_dr,closing,0.75,3,0.72214,0.75135,119,15,-15
B_cldice_s1,B_cldice,15_dr,closing,1.0,4,0.71551,0.74871,106,18,-18
B_cldice_s1,B_cldice,15_dr,closing,1.5,6,0.69571,0.73918,81,17,-17
B_cldice_s1,B_cldice,15_dr,closing,2.0,8,0.67017,0.7222,62,18,-18
B_cldice_s1,B_cldice,15_dr,bridge_only,0.0,0,0.73034,0.7544,170,10,10
B_cldice_s1,B_cldice,15_dr,bridge_only,0.25,1,0.72894,0.75477,160,17,17
B_cldice_s1,B_cldice,15_dr,bridge_only,0.5,2,0.7267,0.75446,140,18,18
B_cldice_s1,B_cldice,15_dr,bridge_only,0.75,3,0.72239,0.75145,125,20,20
B_cldice_s1,B_cldice,15_dr,bridge_only,1.0,4,0.71712,0.75114,113,20,20
B_cldice_s1,B_cldice,15_dr,bridge_only,1.5,6,0.69956,0.74439,93,20,20
B_cldice_s1,B_cldice,15_dr,bridge_only,2.0,8,0.67811,0.73182,75,22,22
B_cldice_s1,B_cldice,15_g,closing,0.0,0,0.78005,0.79286,74,57,-57
B_cldice_s1,B_cldice,15_g,closing,0.25,1,0.77974,0.79278,69,51,-51
B_cldice_s1,B_cldice,15_g,closing,0.5,2,0.77895,0.79207,53,49,-49
B_cldice_s1,B_cldice,15_g,closing,0.75,3,0.77662,0.78908,40,49,-49
B_cldice_s1,B_cldice,15_g,closing,1.0,4,0.77357,0.78726,28,46,-46
B_cldice_s1,B_cldice,15_g,closing,1.5,6,0.75869,0.77342,12,45,-45
B_cldice_s1,B_cldice,15_g,closing,2.0,8,0.7393,0.76063,11,46,-46
B_cldice_s1,B_cldice,15_g,bridge_only,0.0,0,0.78005,0.79286,74,57,-57
B_cldice_s1,B_cldice,15_g,bridge_only,0.25,1,0.77974,0.79288,72,53,-53
B_cldice_s1,B_cldice,15_g,bridge_only,0.5,2,0.77934,0.793,61,51,-51
B_cldice_s1,B_cldice,15_g,bridge_only,0.75,3,0.77811,0.79201,51,50,-50
B_cldice_s1,B_cldice,15_g,bridge_only,1.0,4,0.77648,0.79193,42,49,-49
B_cldice_s1,B_cldice,15_g,bridge_only,1.5,6,0.76982,0.7874,33,45,-45
B_cldice_s1,B_cldice,15_g,bridge_only,2.0,8,0.75793,0.78128,34,44,-44
B_cldice_s1,B_cldice,15_h,closing,0.0,0,0.85471,0.91707,81,3,-3
B_cldice_s1,B_cldice,15_h,closing,0.25,1,0.85503,0.91728,75,7,-7
B_cldice_s1,B_cldice,15_h,closing,0.5,2,0.85527,0.91722,59,7,-7
B_cldice_s1,B_cldice,15_h,closing,0.75,3,0.85436,0.91621,47,4,-4
B_cldice_s1,B_cldice,15_h,closing,1.0,4,0.85291,0.91506,43,3,-3
B_cldice_s1,B_cldice,15_h,closing,1.5,6,0.84556,0.90815,31,1,1
B_cldice_s1,B_cldice,15_h,closing,2.0,8,0.82682,0.8948,17,2,2
B_cldice_s1,B_cldice,15_h,bridge_only,0.0,0,0.85471,0.91707,81,3,-3
B_cldice_s1,B_cldice,15_h,bridge_only,0.25,1,0.85469,0.9169,79,2,-2
B_cldice_s1,B_cldice,15_h,bridge_only,0.5,2,0.85465,0.91669,73,0,0
B_cldice_s1,B_cldice,15_h,bridge_only,0.75,3,0.85423,0.91618,66,1,1
B_cldice_s1,B_cldice,15_h,bridge_only,1.0,4,0.85352,0.9155,64,1,1
B_cldice_s1,B_cldice,15_h,bridge_only,1.5,6,0.85094,0.91271,61,1,1
B_cldice_s1,B_cldice,15_h,bridge_only,2.0,8,0.84471,0.90791,54,1,1
E_cbdice_s1,E_cbdice,11_dr,closing,0.0,0,0.81773,0.83525,30,47,-47
E_cbdice_s1,E_cbdice,11_dr,closing,0.25,1,0.81723,0.83464,23,53,-53
E_cbdice_s1,E_cbdice,11_dr,closing,0.5,2,0.81603,0.83279,12,56,-56
E_cbdice_s1,E_cbdice,11_dr,closing,0.75,3,0.8121,0.82776,4,61,-61
E_cbdice_s1,E_cbdice,11_dr,closing,1.0,4,0.80779,0.82519,7,58,-58
E_cbdice_s1,E_cbdice,11_dr,closing,1.5,6,0.7921,0.81515,15,53,-53
E_cbdice_s1,E_cbdice,11_dr,closing,2.0,8,0.77003,0.80042,15,49,-49
E_cbdice_s1,E_cbdice,11_dr,bridge_only,0.0,0,0.81773,0.83525,30,47,-47
E_cbdice_s1,E_cbdice,11_dr,bridge_only,0.25,1,0.81722,0.83483,26,46,-46
E_cbdice_s1,E_cbdice,11_dr,bridge_only,0.5,2,0.81633,0.83397,21,42,-42
E_cbdice_s1,E_cbdice,11_dr,bridge_only,0.75,3,0.81477,0.83231,8,44,-44
E_cbdice_s1,E_cbdice,11_dr,bridge_only,1.0,4,0.8124,0.8304,6,43,-43
E_cbdice_s1,E_cbdice,11_dr,bridge_only,1.5,6,0.80337,0.82528,1,36,-36
E_cbdice_s1,E_cbdice,11_dr,bridge_only,2.0,8,0.7896,0.81659,3,32,-32
E_cbdice_s1,E_cbdice,11_g,closing,0.0,0,0.81373,0.82474,10,61,-61
E_cbdice_s1,E_cbdice,11_g,closing,0.25,1,0.81294,0.82433,8,61,-61
E_cbdice_s1,E_cbdice,11_g,closing,0.5,2,0.81147,0.8228,9,57,-57
E_cbdice_s1,E_cbdice,11_g,closing,0.75,3,0.80761,0.81934,21,53,-53
E_cbdice_s1,E_cbdice,11_g,closing,1.0,4,0.80396,0.81587,26,58,-58
E_cbdice_s1,E_cbdice,11_g,closing,1.5,6,0.79107,0.80521,34,57,-57
E_cbdice_s1,E_cbdice,11_g,closing,2.0,8,0.77236,0.79424,35,60,-60
E_cbdice_s1,E_cbdice,11_g,bridge_only,0.0,0,0.81373,0.82474,10,61,-61
E_cbdice_s1,E_cbdice,11_g,bridge_only,0.25,1,0.813,0.82443,9,59,-59
E_cbdice_s1,E_cbdice,11_g,bridge_only,0.5,2,0.81184,0.82336,0,57,-57
E_cbdice_s1,E_cbdice,11_g,bridge_only,0.75,3,0.81001,0.82262,8,52,-52
E_cbdice_s1,E_cbdice,11_g,bridge_only,1.0,4,0.80799,0.82081,11,53,-53
E_cbdice_s1,E_cbdice,11_g,bridge_only,1.5,6,0.7997,0.81427,18,51,-51
E_cbdice_s1,E_cbdice,11_g,bridge_only,2.0,8,0.78841,0.80798,15,52,-52
E_cbdice_s1,E_cbdice,11_h,closing,0.0,0,0.86633,0.90252,72,5,-5
E_cbdice_s1,E_cbdice,11_h,closing,0.25,1,0.86624,0.9028,69,7,-7
E_cbdice_s1,E_cbdice,11_h,closing,0.5,2,0.86608,0.90276,60,7,-7
E_cbdice_s1,E_cbdice,11_h,closing,0.75,3,0.8646,0.90026,41,4,-4
E_cbdice_s1,E_cbdice,11_h,closing,1.0,4,0.86134,0.89715,33,1,-1
E_cbdice_s1,E_cbdice,11_h,closing,1.5,6,0.84863,0.88753,25,2,-2
E_cbdice_s1,E_cbdice,11_h,closing,2.0,8,0.83233,0.87493,20,2,-2
E_cbdice_s1,E_cbdice,11_h,bridge_only,0.0,0,0.86633,0.90252,72,5,-5
E_cbdice_s1,E_cbdice,11_h,bridge_only,0.25,1,0.86618,0.90273,69,5,-5
E_cbdice_s1,E_cbdice,11_h,bridge_only,0.5,2,0.86592,0.9026,62,4,-4
E_cbdice_s1,E_cbdice,11_h,bridge_only,0.75,3,0.86506,0.90108,49,1,-1
E_cbdice_s1,E_cbdice,11_h,bridge_only,1.0,4,0.86305,0.89882,43,0,0
E_cbdice_s1,E_cbdice,11_h,bridge_only,1.5,6,0.85467,0.89064,38,0,0
E_cbdice_s1,E_cbdice,11_h,bridge_only,2.0,8,0.84428,0.88251,33,3,3
E_cbdice_s1,E_cbdice,12_dr,closing,0.0,0,0.76975,0.75173,1,115,-115
E_cbdice_s1,E_cbdice,12_dr,closing,0.25,1,0.76962,0.75194,11,113,-113
E_cbdice_s1,E_cbdice,12_dr,closing,0.5,2,0.76893,0.75129,16,116,-116
E_cbdice_s1,E_cbdice,12_dr,closing,0.75,3,0.7672,0.75033,29,113,-113
E_cbdice_s1,E_cbdice,12_dr,closing,1.0,4,0.76421,0.74903,40,111,-111
E_cbdice_s1,E_cbdice,12_dr,closing,1.5,6,0.74946,0.73919,55,108,-108
E_cbdice_s1,E_cbdice,12_dr,closing,2.0,8,0.73236,0.72847,58,98,-98
E_cbdice_s1,E_cbdice,12_dr,bridge_only,0.0,0,0.76975,0.75173,1,115,-115
E_cbdice_s1,E_cbdice,12_dr,bridge_only,0.25,1,0.76966,0.75188,10,110,-110
E_cbdice_s1,E_cbdice,12_dr,bridge_only,0.5,2,0.76916,0.75146,14,110,-110
E_cbdice_s1,E_cbdice,12_dr,bridge_only,0.75,3,0.76838,0.75183,25,104,-104
E_cbdice_s1,E_cbdice,12_dr,bridge_only,1.0,4,0.76604,0.75093,35,101,-101
E_cbdice_s1,E_cbdice,12_dr,bridge_only,1.5,6,0.75498,0.74376,46,98,-98
E_cbdice_s1,E_cbdice,12_dr,bridge_only,2.0,8,0.74174,0.7359,48,89,-89
E_cbdice_s1,E_cbdice,12_g,closing,0.0,0,0.81425,0.81795,79,52,-52
E_cbdice_s1,E_cbdice,12_g,closing,0.25,1,0.8137,0.81734,64,54,-54
E_cbdice_s1,E_cbdice,12_g,closing,0.5,2,0.81248,0.81615,52,54,-54
E_cbdice_s1,E_cbdice,12_g,closing,0.75,3,0.80993,0.81402,37,50,-50
E_cbdice_s1,E_cbdice,12_g,closing,1.0,4,0.80512,0.81046,27,47,-47
E_cbdice_s1,E_cbdice,12_g,closing,1.5,6,0.78737,0.79808,19,49,-49
E_cbdice_s1,E_cbdice,12_g,closing,2.0,8,0.77026,0.78748,12,49,-49
E_cbdice_s1,E_cbdice,12_g,bridge_only,0.0,0,0.81425,0.81795,79,52,-52
E_cbdice_s1,E_cbdice,12_g,bridge_only,0.25,1,0.81372,0.81737,71,51,-51
E_cbdice_s1,E_cbdice,12_g,bridge_only,0.5,2,0.81281,0.81629,62,50,-50
E_cbdice_s1,E_cbdice,12_g,bridge_only,0.75,3,0.81136,0.81504,53,47,-47
E_cbdice_s1,E_cbdice,12_g,bridge_only,1.0,4,0.80831,0.81285,44,45,-45
E_cbdice_s1,E_cbdice,12_g,bridge_only,1.5,6,0.79905,0.8064,42,43,-43
E_cbdice_s1,E_cbdice,12_g,bridge_only,2.0,8,0.78799,0.80043,36,43,-43
E_cbdice_s1,E_cbdice,12_h,closing,0.0,0,0.87378,0.91223,68,8,8
E_cbdice_s1,E_cbdice,12_h,closing,0.25,1,0.87358,0.91219,62,7,7
E_cbdice_s1,E_cbdice,12_h,closing,0.5,2,0.87311,0.91177,48,8,8
E_cbdice_s1,E_cbdice,12_h,closing,0.75,3,0.871,0.90886,32,8,8
E_cbdice_s1,E_cbdice,12_h,closing,1.0,4,0.86866,0.90619,26,12,12
E_cbdice_s1,E_cbdice,12_h,closing,1.5,6,0.85607,0.89539,20,14,14
E_cbdice_s1,E_cbdice,12_h,closing,2.0,8,0.83666,0.87912,16,15,15
E_cbdice_s1,E_cbdice,12_h,bridge_only,0.0,0,0.87378,0.91223,68,8,8
E_cbdice_s1,E_cbdice,12_h,bridge_only,0.25,1,0.87358,0.91231,64,8,8
E_cbdice_s1,E_cbdice,12_h,bridge_only,0.5,2,0.87331,0.91218,52,10,10
E_cbdice_s1,E_cbdice,12_h,bridge_only,0.75,3,0.87226,0.91111,40,12,12
E_cbdice_s1,E_cbdice,12_h,bridge_only,1.0,4,0.87072,0.90955,35,16,16
E_cbdice_s1,E_cbdice,12_h,bridge_only,1.5,6,0.86379,0.9037,31,17,17
E_cbdice_s1,E_cbdice,12_h,bridge_only,2.0,8,0.85313,0.89538,28,18,18
E_cbdice_s1,E_cbdice,13_dr,closing,0.0,0,0.79581,0.76795,63,44,-44
E_cbdice_s1,E_cbdice,13_dr,closing,0.25,1,0.79583,0.76804,58,47,-47
E_cbdice_s1,E_cbdice,13_dr,closing,0.5,2,0.79555,0.76789,54,48,-48
E_cbdice_s1,E_cbdice,13_dr,closing,0.75,3,0.79414,0.76532,43,45,-45
E_cbdice_s1,E_cbdice,13_dr,closing,1.0,4,0.79128,0.76269,33,47,-47
E_cbdice_s1,E_cbdice,13_dr,closing,1.5,6,0.78174,0.75703,20,39,-39
E_cbdice_s1,E_cbdice,13_dr,closing,2.0,8,0.76272,0.74525,14,37,-37
E_cbdice_s1,E_cbdice,13_dr,bridge_only,0.0,0,0.79581,0.76795,63,44,-44
E_cbdice_s1,E_cbdice,13_dr,bridge_only,0.25,1,0.7957,0.76801,58,43,-43
E_cbdice_s1,E_cbdice,13_dr,bridge_only,0.5,2,0.79532,0.76811,55,41,-41
E_cbdice_s1,E_cbdice,13_dr,bridge_only,0.75,3,0.79463,0.76726,48,37,-37
E_cbdice_s1,E_cbdice,13_dr,bridge_only,1.0,4,0.79241,0.76582,39,37,-37
E_cbdice_s1,E_cbdice,13_dr,bridge_only,1.5,6,0.78591,0.76216,26,30,-30
E_cbdice_s1,E_cbdice,13_dr,bridge_only,2.0,8,0.77151,0.75444,21,26,-26
E_cbdice_s1,E_cbdice,13_g,closing,0.0,0,0.78241,0.80551,44,84,-84
E_cbdice_s1,E_cbdice,13_g,closing,0.25,1,0.78192,0.80503,39,82,-82
E_cbdice_s1,E_cbdice,13_g,closing,0.5,2,0.78052,0.8044,32,79,-79
E_cbdice_s1,E_cbdice,13_g,closing,0.75,3,0.77731,0.80005,21,78,-78
E_cbdice_s1,E_cbdice,13_g,closing,1.0,4,0.77338,0.79768,14,74,-74
E_cbdice_s1,E_cbdice,13_g,closing,1.5,6,0.75877,0.78646,7,71,-71
E_cbdice_s1,E_cbdice,13_g,closing,2.0,8,0.73482,0.7702,0,73,-73
E_cbdice_s1,E_cbdice,13_g,bridge_only,0.0,0,0.78241,0.80551,44,84,-84
E_cbdice_s1,E_cbdice,13_g,bridge_only,0.25,1,0.78203,0.80515,43,82,-82
E_cbdice_s1,E_cbdice,13_g,bridge_only,0.5,2,0.78137,0.80497,39,81,-81
E_cbdice_s1,E_cbdice,13_g,bridge_only,0.75,3,0.77979,0.80326,32,79,-79
E_cbdice_s1,E_cbdice,13_g,bridge_only,1.0,4,0.77785,0.80196,26,75,-75
E_cbdice_s1,E_cbdice,13_g,bridge_only,1.5,6,0.77049,0.79718,21,72,-72
E_cbdice_s1,E_cbdice,13_g,bridge_only,2.0,8,0.75779,0.79008,16,71,-71
E_cbdice_s1,E_cbdice,13_h,closing,0.0,0,0.84824,0.89056,85,7,7
E_cbdice_s1,E_cbdice,13_h,closing,0.25,1,0.848,0.89122,70,4,4
E_cbdice_s1,E_cbdice,13_h,closing,0.5,2,0.84757,0.89174,60,3,3
E_cbdice_s1,E_cbdice,13_h,closing,0.75,3,0.84601,0.89054,55,9,9
E_cbdice_s1,E_cbdice,13_h,closing,1.0,4,0.84319,0.88876,43,12,12
E_cbdice_s1,E_cbdice,13_h,closing,1.5,6,0.82914,0.87804,29,13,13
E_cbdice_s1,E_cbdice,13_h,closing,2.0,8,0.80985,0.86523,22,14,14
E_cbdice_s1,E_cbdice,13_h,bridge_only,0.0,0,0.84824,0.89056,85,7,7
E_cbdice_s1,E_cbdice,13_h,bridge_only,0.25,1,0.84796,0.89093,71,11,11
E_cbdice_s1,E_cbdice,13_h,bridge_only,0.5,2,0.84759,0.89109,63,11,11
E_cbdice_s1,E_cbdice,13_h,bridge_only,0.75,3,0.84674,0.89039,59,15,15
E_cbdice_s1,E_cbdice,13_h,bridge_only,1.0,4,0.84455,0.88856,49,18,18
E_cbdice_s1,E_cbdice,13_h,bridge_only,1.5,6,0.83264,0.87915,39,20,20
E_cbdice_s1,E_cbdice,13_h,bridge_only,2.0,8,0.81711,0.86867,34,20,20
E_cbdice_s1,E_cbdice,14_dr,closing,0.0,0,0.7743,0.76649,26,122,-122
E_cbdice_s1,E_cbdice,14_dr,closing,0.25,1,0.77396,0.76694,21,126,-126
E_cbdice_s1,E_cbdice,14_dr,closing,0.5,2,0.7729,0.76607,11,127,-127
E_cbdice_s1,E_cbdice,14_dr,closing,0.75,3,0.77067,0.764,2,132,-132
E_cbdice_s1,E_cbdice,14_dr,closing,1.0,4,0.76584,0.76053,6,129,-129
E_cbdice_s1,E_cbdice,14_dr,closing,1.5,6,0.74908,0.75053,7,130,-130
E_cbdice_s1,E_cbdice,14_dr,closing,2.0,8,0.72974,0.73883,17,132,-132
E_cbdice_s1,E_cbdice,14_dr,bridge_only,0.0,0,0.7743,0.76649,26,122,-122
E_cbdice_s1,E_cbdice,14_dr,bridge_only,0.25,1,0.77393,0.76698,21,121,-121
E_cbdice_s1,E_cbdice,14_dr,bridge_only,0.5,2,0.77333,0.76657,13,119,-119
E_cbdice_s1,E_cbdice,14_dr,bridge_only,0.75,3,0.77188,0.76565,5,117,-117
E_cbdice_s1,E_cbdice,14_dr,bridge_only,1.0,4,0.76855,0.7636,2,114,-114
E_cbdice_s1,E_cbdice,14_dr,bridge_only,1.5,6,0.75831,0.75725,1,109,-109
E_cbdice_s1,E_cbdice,14_dr,bridge_only,2.0,8,0.74552,0.74937,9,107,-107
E_cbdice_s1,E_cbdice,14_g,closing,0.0,0,0.7709,0.78195,85,99,-99
E_cbdice_s1,E_cbdice,14_g,closing,0.25,1,0.77063,0.78175,79,99,-99
E_cbdice_s1,E_cbdice,14_g,closing,0.5,2,0.76956,0.78122,60,99,-99
E_cbdice_s1,E_cbdice,14_g,closing,0.75,3,0.76712,0.77903,52,98,-98
E_cbdice_s1,E_cbdice,14_g,closing,1.0,4,0.7642,0.77653,44,99,-99
E_cbdice_s1,E_cbdice,14_g,closing,1.5,6,0.75159,0.7671,29,94,-94
E_cbdice_s1,E_cbdice,14_g,closing,2.0,8,0.73221,0.75347,26,94,-94
E_cbdice_s1,E_cbdice,14_g,bridge_only,0.0,0,0.7709,0.78195,85,99,-99
E_cbdice_s1,E_cbdice,14_g,bridge_only,0.25,1,0.77064,0.78189,80,97,-97
E_cbdice_s1,E_cbdice,14_g,bridge_only,0.5,2,0.77009,0.78151,65,95,-95
E_cbdice_s1,E_cbdice,14_g,bridge_only,0.75,3,0.769,0.78059,61,93,-93
E_cbdice_s1,E_cbdice,14_g,bridge_only,1.0,4,0.76749,0.77951,55,91,-91
E_cbdice_s1,E_cbdice,14_g,bridge_only,1.5,6,0.76055,0.77428,45,88,-88
E_cbdice_s1,E_cbdice,14_g,bridge_only,2.0,8,0.75086,0.76785,43,89,-89
E_cbdice_s1,E_cbdice,14_h,closing,0.0,0,0.85097,0.90105,76,6,-6
E_cbdice_s1,E_cbdice,14_h,closing,0.25,1,0.85059,0.90138,71,7,-7
E_cbdice_s1,E_cbdice,14_h,closing,0.5,2,0.85008,0.90164,56,2,-2
E_cbdice_s1,E_cbdice,14_h,closing,0.75,3,0.84821,0.89869,42,3,3
E_cbdice_s1,E_cbdice,14_h,closing,1.0,4,0.84478,0.89584,38,4,4
E_cbdice_s1,E_cbdice,14_h,closing,1.5,6,0.8314,0.88556,27,9,9
E_cbdice_s1,E_cbdice,14_h,closing,2.0,8,0.80914,0.86832,21,12,12
E_cbdice_s1,E_cbdice,14_h,bridge_only,0.0,0,0.85097,0.90105,76,6,-6
E_cbdice_s1,E_cbdice,14_h,bridge_only,0.25,1,0.8507,0.90121,74,5,-5
E_cbdice_s1,E_cbdice,14_h,bridge_only,0.5,2,0.8504,0.9015,60,3,-3
E_cbdice_s1,E_cbdice,14_h,bridge_only,0.75,3,0.84909,0.8995,49,1,1
E_cbdice_s1,E_cbdice,14_h,bridge_only,1.0,4,0.84676,0.89763,48,1,1
E_cbdice_s1,E_cbdice,14_h,bridge_only,1.5,6,0.83799,0.89168,41,6,6
E_cbdice_s1,E_cbdice,14_h,bridge_only,2.0,8,0.82198,0.87986,38,10,10
E_cbdice_s1,E_cbdice,15_dr,closing,0.0,0,0.7427,0.73943,136,23,23
E_cbdice_s1,E_cbdice,15_dr,closing,0.25,1,0.74118,0.74202,128,15,-15
E_cbdice_s1,E_cbdice,15_dr,closing,0.5,2,0.73928,0.74272,111,21,-21
E_cbdice_s1,E_cbdice,15_dr,closing,0.75,3,0.73543,0.73995,98,23,-23
E_cbdice_s1,E_cbdice,15_dr,closing,1.0,4,0.72949,0.74003,86,25,-25
E_cbdice_s1,E_cbdice,15_dr,closing,1.5,6,0.7118,0.73129,65,25,-25
E_cbdice_s1,E_cbdice,15_dr,closing,2.0,8,0.68438,0.71589,41,24,-24
E_cbdice_s1,E_cbdice,15_dr,bridge_only,0.0,0,0.7427,0.73943,136,23,23
E_cbdice_s1,E_cbdice,15_dr,bridge_only,0.25,1,0.74123,0.74034,129,26,26
E_cbdice_s1,E_cbdice,15_dr,bridge_only,0.5,2,0.73918,0.73983,114,25,25
E_cbdice_s1,E_cbdice,15_dr,bridge_only,0.75,3,0.73578,0.73624,102,28,28
E_cbdice_s1,E_cbdice,15_dr,bridge_only,1.0,4,0.73143,0.73678,91,30,30
E_cbdice_s1,E_cbdice,15_dr,bridge_only,1.5,6,0.71576,0.7302,70,28,28
E_cbdice_s1,E_cbdice,15_dr,bridge_only,2.0,8,0.69242,0.71831,48,31,31
E_cbdice_s1,E_cbdice,15_g,closing,0.0,0,0.78864,0.78028,60,56,-56
E_cbdice_s1,E_cbdice,15_g,closing,0.25,1,0.78831,0.78,51,53,-53
E_cbdice_s1,E_cbdice,15_g,closing,0.5,2,0.78732,0.77893,39,54,-54
E_cbdice_s1,E_cbdice,15_g,closing,0.75,3,0.78506,0.77622,25,52,-52
E_cbdice_s1,E_cbdice,15_g,closing,1.0,4,0.78234,0.77509,13,47,-47
E_cbdice_s1,E_cbdice,15_g,closing,1.5,6,0.76694,0.76299,3,47,-47
E_cbdice_s1,E_cbdice,15_g,closing,2.0,8,0.74737,0.75047,2,49,-49
E_cbdice_s1,E_cbdice,15_g,bridge_only,0.0,0,0.78864,0.78028,60,56,-56
E_cbdice_s1,E_cbdice,15_g,bridge_only,0.25,1,0.78837,0.78008,55,55,-55
E_cbdice_s1,E_cbdice,15_g,bridge_only,0.5,2,0.78784,0.77976,49,54,-54
E_cbdice_s1,E_cbdice,15_g,bridge_only,0.75,3,0.78676,0.7792,38,52,-52
E_cbdice_s1,E_cbdice,15_g,bridge_only,1.0,4,0.78556,0.77968,30,48,-48
E_cbdice_s1,E_cbdice,15_g,bridge_only,1.5,6,0.7785,0.77568,22,42,-42
E_cbdice_s1,E_cbdice,15_g,bridge_only,2.0,8,0.76697,0.76985,21,43,-43
E_cbdice_s1,E_cbdice,15_h,closing,0.0,0,0.85816,0.91358,67,11,-11
E_cbdice_s1,E_cbdice,15_h,closing,0.25,1,0.85814,0.91363,63,10,-10
E_cbdice_s1,E_cbdice,15_h,closing,0.5,2,0.85843,0.91403,49,9,-9
E_cbdice_s1,E_cbdice,15_h,closing,0.75,3,0.8584,0.91437,39,7,-7
E_cbdice_s1,E_cbdice,15_h,closing,1.0,4,0.85738,0.91324,31,5,-5
E_cbdice_s1,E_cbdice,15_h,closing,1.5,6,0.8517,0.9075,24,4,-4
E_cbdice_s1,E_cbdice,15_h,closing,2.0,8,0.83372,0.89454,17,1,-1
E_cbdice_s1,E_cbdice,15_h,bridge_only,0.0,0,0.85816,0.91358,67,11,-11
E_cbdice_s1,E_cbdice,15_h,bridge_only,0.25,1,0.85803,0.91339,65,11,-11
E_cbdice_s1,E_cbdice,15_h,bridge_only,0.5,2,0.85806,0.91344,58,10,-10
E_cbdice_s1,E_cbdice,15_h,bridge_only,0.75,3,0.85795,0.91344,55,8,-8
E_cbdice_s1,E_cbdice,15_h,bridge_only,1.0,4,0.85737,0.91265,52,7,-7
E_cbdice_s1,E_cbdice,15_h,bridge_only,1.5,6,0.85468,0.91027,50,6,-6
E_cbdice_s1,E_cbdice,15_h,bridge_only,2.0,8,0.84756,0.90429,47,5,-5
