run,config,image,component_multiple,hole_multiple,hole_area,dice,cldice,betti0_err,betti1_err
A_dice_s0,A_dice,11_dr,0.0,0.0,0,0.81344,0.82585,181,33
A_dice_s0,A_dice,11_dr,0.0,0.21,3,0.81346,0.82587,181,44
A_dice_s0,A_dice,11_dr,0.0,0.52,8,0.81359,0.82547,181,56
A_dice_s0,A_dice,11_dr,0.0,1.04,17,0.8136,0.82538,181,58
A_dice_s0,A_dice,11_dr,0.0,2.08,33,0.81364,0.8251,181,61
A_dice_s0,A_dice,11_dr,0.0,5.21,83,0.81351,0.82496,181,62
A_dice_s0,A_dice,11_dr,0.0,10.42,167,0.81338,0.82477,181,65
A_dice_s0,A_dice,11_dr,2.08,0.0,0,0.81456,0.82847,64,33
A_dice_s0,A_dice,11_dr,2.08,0.21,3,0.81458,0.8285,64,44
A_dice_s0,A_dice,11_dr,2.08,0.52,8,0.81471,0.82813,64,56
A_dice_s0,A_dice,11_dr,2.08,1.04,17,0.81472,0.82804,64,58
A_dice_s0,A_dice,11_dr,2.08,2.08,33,0.81476,0.82778,64,61
A_dice_s0,A_dice,11_dr,2.08,5.21,83,0.81463,0.82764,64,62
A_dice_s0,A_dice,11_dr,2.08,10.42,167,0.81449,0.82746,64,65
A_dice_s0,A_dice,11_g,0.0,0.0,0,0.81522,0.82476,122,47
A_dice_s0,A_dice,11_g,0.0,0.21,3,0.81524,0.82478,122,53
A_dice_s0,A_dice,11_g,0.0,0.52,8,0.81529,0.82481,122,55
A_dice_s0,A_dice,11_g,0.0,1.04,17,0.81527,0.82478,122,56
A_dice_s0,A_dice,11_g,0.0,2.08,33,0.81543,0.8248,122,57
A_dice_s0,A_dice,11_g,0.0,5.21,83,0.8156,0.82482,121,58
A_dice_s0,A_dice,11_g,0.0,10.42,167,0.81541,0.8235,121,62
A_dice_s0,A_dice,11_g,2.08,0.0,0,0.81564,0.82528,31,47
A_dice_s0,A_dice,11_g,2.08,0.21,3,0.81567,0.8253,31,53
A_dice_s0,A_dice,11_g,2.08,0.52,8,0.81571,0.82533,31,55
A_dice_s0,A_dice,11_g,2.08,1.04,17,0.81569,0.82531,31,56
A_dice_s0,A_dice,11_g,2.08,2.08,33,0.81585,0.82532,31,57
A_dice_s0,A_dice,11_g,2.08,5.21,83,0.81602,0.82535,31,58
A_dice_s0,A_dice,11_g,2.08,10.42,167,0.81584,0.82404,31,62
A_dice_s0,A_dice,11_h,0.0,0.0,0,0.86135,0.88857,242,2
A_dice_s0,A_dice,11_h,0.0,0.21,3,0.86135,0.88865,242,2
A_dice_s0,A_dice,11_h,0.0,0.52,8,0.86134,0.88901,242,6
A_dice_s0,A_dice,11_h,0.0,1.04,17,0.86138,0.8891,242,9
A_dice_s0,A_dice,11_h,0.0,2.08,33,0.86132,0.889,242,10
A_dice_s0,A_dice,11_h,0.0,5.21,83,0.86124,0.88884,242,11
A_dice_s0,A_dice,11_h,0.0,10.42,167,0.86102,0.88853,242,11
A_dice_s0,A_dice,11_h,2.08,0.0,0,0.86443,0.89884,82,2
A_dice_s0,A_dice,11_h,2.08,0.21,3,0.86443,0.89893,82,2
A_dice_s0,A_dice,11_h,2.08,0.52,8,0.86442,0.89931,82,6
A_dice_s0,A_dice,11_h,2.08,1.04,17,0.86446,0.89941,82,9
A_dice_s0,A_dice,11_h,2.08,2.08,33,0.8644,0.89933,82,10
A_dice_s0,A_dice,11_h,2.08,5.21,83,0.86432,0.89917,82,11
A_dice_s0,A_dice,11_h,2.08,10.42,167,0.86409,0.89886,82,11
A_dice_s0,A_dice,12_dr,0.0,0.0,0,0.76555,0.74831,161,107
A_dice_s0,A_dice,12_dr,0.0,0.21,3,0.76557,0.74837,161,113
A_dice_s0,A_dice,12_dr,0.0,0.52,8,0.7656,0.74828,161,116
A_dice_s0,A_dice,12_dr,0.0,1.04,17,0.76566,0.74829,161,117
A_dice_s0,A_dice,12_dr,0.0,2.08,33,0.76561,0.74816,161,119
A_dice_s0,A_dice,12_dr,0.0,5.21,83,0.76588,0.74837,161,120
A_dice_s0,A_dice,12_dr,0.0,10.42,167,0.76534,0.74796,161,122
A_dice_s0,A_dice,12_dr,2.08,0.0,0,0.76725,0.75216,16,107
A_dice_s0,A_dice,12_dr,2.08,0.21,3,0.76726,0.75222,16,113
A_dice_s0,A_dice,12_dr,2.08,0.52,8,0.76729,0.75213,16,116
A_dice_s0,A_dice,12_dr,2.08,1.04,17,0.76735,0.75215,16,117
A_dice_s0,A_dice,12_dr,2.08,2.08,33,0.76731,0.75203,16,119
A_dice_s0,A_dice,12_dr,2.08,5.21,83,0.76757,0.75225,16,120
A_dice_s0,A_dice,12_dr,2.08,10.42,167,0.76703,0.75184,16,122
A_dice_s0,A_dice,12_g,0.0,0.0,0,0.81453,0.81573,192,47
A_dice_s0,A_dice,12_g,0.0,0.21,3,0.81454,0.81581,192,51
A_dice_s0,A_dice,12_g,0.0,0.52,8,0.81455,0.81584,192,56
A_dice_s0,A_dice,12_g,0.0,1.04,17,0.81458,0.8158,192,57
A_dice_s0,A_dice,12_g,0.0,2.08,33,0.81458,0.8158,192,57
A_dice_s0,A_dice,12_g,0.0,5.21,83,0.81439,0.8154,192,59
A_dice_s0,A_dice,12_g,0.0,10.42,167,0.81416,0.81526,192,59
A_dice_s0,A_dice,12_g,2.08,0.0,0,0.81495,0.81652,80,47
A_dice_s0,A_dice,12_g,2.08,0.21,3,0.81496,0.81661,80,51
A_dice_s0,A_dice,12_g,2.08,0.52,8,0.81497,0.81664,80,56
A_dice_s0,A_dice,12_g,2.08,1.04,17,0.81501,0.81661,80,57
A_dice_s0,A_dice,12_g,2.08,2.08,33,0.81501,0.81661,80,57
A_dice_s0,A_dice,12_g,2.08,5.21,83,0.81481,0.81621,80,59
A_dice_s0,A_dice,12_g,2.08,10.42,167,0.81458,0.81607,80,59
A_dice_s0,A_dice,12_h,0.0,0.0,0,0.86663,0.89716,259,11
A_dice_s0,A_dice,12_h,0.0,0.21,3,0.86662,0.89768,259,1
A_dice_s0,A_dice,12_h,0.0,0.52,8,0.86663,0.89767,259,0
A_dice_s0,A_dice,12_h,0.0,1.04,17,0.86666,0.89756,259,1
A_dice_s0,A_dice,12_h,0.0,2.08,33,0.86666,0.89747,259,2
A_dice_s0,A_dice,12_h,0.0,5.21,83,0.86669,0.89765,259,4
A_dice_s0,A_dice,12_h,0.0,10.42,167,0.86669,0.89765,259,4
A_dice_s0,A_dice,12_h,2.08,0.0,0,0.86897,0.9061,90,11
A_dice_s0,A_dice,12_h,2.08,0.21,3,0.86896,0.90663,90,1
A_dice_s0,A_dice,12_h,2.08,0.52,8,0.86897,0.90663,90,0
A_dice_s0,A_dice,12_h,2.08,1.04,17,0.869,0.90652,90,1
A_dice_s0,A_dice,12_h,2.08,2.08,33,0.86899,0.90644,90,2
A_dice_s0,A_dice,12_h,2.08,5.21,83,0.86903,0.90664,90,4
A_dice_s0,A_dice,12_h,2.08,10.42,167,0.86903,0.90664,90,4
A_dice_s0,A_dice,13_dr,0.0,0.0,0,0.79619,0.77388,158,32
A_dice_s0,A_dice,13_dr,0.0,0.21,3,0.79617,0.77413,158,42
A_dice_s0,A_dice,13_dr,0.0,0.52,8,0.79624,0.77409,158,46
A_dice_s0,A_dice,13_dr,0.0,1.04,17,0.79617,0.77384,158,50
A_dice_s0,A_dice,13_dr,0.0,2.08,33,0.7961,0.77351,158,51
A_dice_s0,A_dice,13_dr,0.0,5.21,83,0.79599,0.77304,158,53
A_dice_s0,A_dice,13_dr,0.0,10.42,167,0.79598,0.77276,158,54
A_dice_s0,A_dice,13_dr,2.08,0.0,0,0.79734,0.77605,62,32
A_dice_s0,A_dice,13_dr,2.08,0.21,3,0.79732,0.77632,62,42
A_dice_s0,A_dice,13_dr,2.08,0.52,8,0.79739,0.77629,62,46
A_dice_s0,A_dice,13_dr,2.08,1.04,17,0.79732,0.77605,62,50
A_dice_s0,A_dice,13_dr,2.08,2.08,33,0.79725,0.77573,62,51
A_dice_s0,A_dice,13_dr,2.08,5.21,83,0.79713,0.77527,62,53
A_dice_s0,A_dice,13_dr,2.08,10.42,167,0.79713,0.775,62,54
A_dice_s0,A_dice,13_g,0.0,0.0,0,0.77956,0.79651,197,80
A_dice_s0,A_dice,13_g,0.0,0.21,3,0.77955,0.79663,197,84
A_dice_s0,A_dice,13_g,0.0,0.52,8,0.77957,0.79662,197,85
A_dice_s0,A_dice,13_g,0.0,1.04,17,0.77958,0.79662,197,87
A_dice_s0,A_dice,13_g,0.0,2.08,33,0.77958,0.79662,197,87
A_dice_s0,A_dice,13_g,0.0,5.21,83,0.77938,0.79613,197,89
A_dice_s0,A_dice,13_g,0.0,10.42,167,0.77895,0.79508,197,91
A_dice_s0,A_dice,13_g,2.08,0.0,0,0.78081,0.79941,60,80
A_dice_s0,A_dice,13_g,2.08,0.21,3,0.78081,0.79954,60,84
A_dice_s0,A_dice,13_g,2.08,0.52,8,0.78082,0.79953,60,85
A_dice_s0,A_dice,13_g,2.08,1.04,17,0.78083,0.79954,60,87
A_dice_s0,A_dice,13_g,2.08,2.08,33,0.78083,0.79954,60,87
A_dice_s0,A_dice,13_g,2.08,5.21,83,0.78063,0.79905,60,89
A_dice_s0,A_dice,13_g,2.08,10.42,167,0.7802,0.79802,60,91
A_dice_s0,A_dice,13_h,0.0,0.0,0,0.8451,0.87656,272,10
A_dice_s0,A_dice,13_h,0.0,0.21,3,0.8451,0.87678,272,3
A_dice_s0,A_dice,13_h,0.0,0.52,8,0.84515,0.87685,272,1
A_dice_s0,A_dice,13_h,0.0,1.04,17,0.84522,0.87681,272,3
A_dice_s0,A_dice,13_h,0.0,2.08,33,0.84529,0.87686,272,4
A_dice_s0,A_dice,13_h,0.0,5.21,83,0.84516,0.87675,271,4
A_dice_s0,A_dice,13_h,0.0,10.42,167,0.8449,0.8762,271,5
A_dice_s0,A_dice,13_h,2.08,0.0,0,0.84786,0.88627,87,10
A_dice_s0,A_dice,13_h,2.08,0.21,3,0.84785,0.88651,87,3
A_dice_s0,A_dice,13_h,2.08,0.52,8,0.8479,0.88659,87,1
A_dice_s0,A_dice,13_h,2.08,1.04,17,0.84798,0.88657,87,3
A_dice_s0,A_dice,13_h,2.08,2.08,33,0.84805,0.88663,87,4
A_dice_s0,A_dice,13_h,2.08,5.21,83,0.84791,0.88649,87,4
A_dice_s0,A_dice,13_h,2.08,10.42,167,0.84765,0.88596,87,5
A_dice_s0,A_dice,14_dr,0.0,0.0,0,0.77144,0.76557,210,98
A_dice_s0,A_dice,14_dr,0.0,0.21,3,0.77146,0.76581,210,115
A_dice_s0,A_dice,14_dr,0.0,0.52,8,0.77155,0.76591,210,124
A_dice_s0,A_dice,14_dr,0.0,1.04,17,0.77166,0.766,210,128
A_dice_s0,A_dice,14_dr,0.0,2.08,33,0.77151,0.76635,210,132
A_dice_s0,A_dice,14_dr,0.0,5.21,83,0.77169,0.7651,209,139
A_dice_s0,A_dice,14_dr,0.0,10.42,167,0.77121,0.76421,209,141
A_dice_s0,A_dice,14_dr,2.08,0.0,0,0.77275,0.76894,37,98
A_dice_s0,A_dice,14_dr,2.08,0.21,3,0.77277,0.7692,37,115
A_dice_s0,A_dice,14_dr,2.08,0.52,8,0.77286,0.76932,37,124
A_dice_s0,A_dice,14_dr,2.08,1.04,17,0.77297,0.76943,37,128
A_dice_s0,A_dice,14_dr,2.08,2.08,33,0.77282,0.76979,37,132
A_dice_s0,A_dice,14_dr,2.08,5.21,83,0.773,0.76857,37,139
A_dice_s0,A_dice,14_dr,2.08,10.42,167,0.77252,0.7677,37,141
A_dice_s0,A_dice,14_g,0.0,0.0,0,0.771,0.77712,232,96
A_dice_s0,A_dice,14_g,0.0,0.21,3,0.77099,0.77726,232,100
A_dice_s0,A_dice,14_g,0.0,0.52,8,0.77098,0.77721,232,101
A_dice_s0,A_dice,14_g,0.0,1.04,17,0.77098,0.77721,232,101
A_dice_s0,A_dice,14_g,0.0,2.08,33,0.77098,0.77721,232,101
A_dice_s0,A_dice,14_g,0.0,5.21,83,0.7706,0.77632,232,105
A_dice_s0,A_dice,14_g,0.0,10.42,167,0.7703,0.77576,232,106
A_dice_s0,A_dice,14_g,2.08,0.0,0,0.77244,0.78111,84,96
A_dice_s0,A_dice,14_g,2.08,0.21,3,0.77242,0.78125,84,100
A_dice_s0,A_dice,14_g,2.08,0.52,8,0.77241,0.7812,84,101
A_dice_s0,A_dice,14_g,2.08,1.04,17,0.77241,0.7812,84,101
A_dice_s0,A_dice,14_g,2.08,2.08,33,0.77241,0.7812,84,101
A_dice_s0,A_dice,14_g,2.08,5.21,83,0.77203,0.78034,84,105
A_dice_s0,A_dice,14_g,2.08,10.42,167,0.77173,0.77978,84,106
A_dice_s0,A_dice,14_h,0.0,0.0,0,0.8465,0.888,262,3
A_dice_s0,A_dice,14_h,0.0,0.21,3,0.84648,0.88821,262,5
A_dice_s0,A_dice,14_h,0.0,0.52,8,0.84648,0.88821,262,5
A_dice_s0,A_dice,14_h,0.0,1.04,17,0.84645,0.88842,262,8
A_dice_s0,A_dice,14_h,0.0,2.08,33,0.8464,0.88832,262,9
A_dice_s0,A_dice,14_h,0.0,5.21,83,0.84622,0.88799,262,10
A_dice_s0,A_dice,14_h,0.0,10.42,167,0.84605,0.88757,262,11
A_dice_s0,A_dice,14_h,2.08,0.0,0,0.84907,0.89616,92,3
A_dice_s0,A_dice,14_h,2.08,0.21,3,0.84905,0.89639,92,5
A_dice_s0,A_dice,14_h,2.08,0.52,8,0.84905,0.89639,92,5
A_dice_s0,A_dice,14_h,2.08,1.04,17,0.84902,0.89661,92,8
A_dice_s0,A_dice,14_h,2.08,2.08,33,0.84897,0.89652,92,9
A_dice_s0,A_dice,14_h,2.08,5.21,83,0.84878,0.8962,92,10
A_dice_s0,A_dice,14_h,2.08,10.42,167,0.84861,0.89579,92,11
A_dice_s0,A_dice,15_dr,0.0,0.0,0,0.73648,0.72776,364,46
A_dice_s0,A_dice,15_dr,0.0,0.21,3,0.7365,0.72831,364,15
A_dice_s0,A_dice,15_dr,0.0,0.52,8,0.73655,0.72894,364,4
A_dice_s0,A_dice,15_dr,0.0,1.04,17,0.73645,0.72967,364,15
A_dice_s0,A_dice,15_dr,0.0,2.08,33,0.73654,0.72956,364,19
A_dice_s0,A_dice,15_dr,0.0,5.21,83,0.73634,0.72965,364,23
A_dice_s0,A_dice,15_dr,0.0,10.42,167,0.7352,0.73101,363,27
A_dice_s0,A_dice,15_dr,2.08,0.0,0,0.73981,0.73682,146,46
A_dice_s0,A_dice,15_dr,2.08,0.21,3,0.73983,0.73741,146,15
A_dice_s0,A_dice,15_dr,2.08,0.52,8,0.73988,0.73812,146,4
A_dice_s0,A_dice,15_dr,2.08,1.04,17,0.73977,0.7389,146,15
A_dice_s0,A_dice,15_dr,2.08,2.08,33,0.73986,0.73882,146,19
A_dice_s0,A_dice,15_dr,2.08,5.21,83,0.73966,0.73894,146,23
A_dice_s0,A_dice,15_dr,2.08,10.42,167,0.7385,0.74034,146,27
A_dice_s0,A_dice,15_g,0.0,0.0,0,0.78788,0.77377,155,48
A_dice_s0,A_dice,15_g,0.0,0.21,3,0.78788,0.77372,155,53
A_dice_s0,A_dice,15_g,0.0,0.52,8,0.78792,0.77383,155,55
A_dice_s0,A_dice,15_g,0.0,1.04,17,0.78796,0.774,155,56
A_dice_s0,A_dice,15_g,0.0,2.08,33,0.78796,0.774,155,56
A_dice_s0,A_dice,15_g,0.0,5.21,83,0.78781,0.77398,155,57
A_dice_s0,A_dice,15_g,0.0,10.42,167,0.7876,0.7737,155,58
A_dice_s0,A_dice,15_g,2.08,0.0,0,0.7891,0.77696,66,48
A_dice_s0,A_dice,15_g,2.08,0.21,3,0.7891,0.77691,66,53
A_dice_s0,A_dice,15_g,2.08,0.52,8,0.78914,0.77703,66,55
A_dice_s0,A_dice,15_g,2.08,1.04,17,0.78918,0.7772,66,56
A_dice_s0,A_dice,15_g,2.08,2.08,33,0.78918,0.7772,66,56
A_dice_s0,A_dice,15_g,2.08,5.21,83,0.78902,0.77719,66,57
A_dice_s0,A_dice,15_g,2.08,10.42,167,0.78882,0.77691,66,58
A_dice_s0,A_dice,15_h,0.0,0.0,0,0.85384,0.90278,167,11
A_dice_s0,A_dice,15_h,0.0,0.21,3,0.85385,0.90278,167,15
A_dice_s0,A_dice,15_h,0.0,0.52,8,0.85386,0.90281,167,16
A_dice_s0,A_dice,15_h,0.0,1.04,17,0.85391,0.90285,167,17
A_dice_s0,A_dice,15_h,0.0,2.08,33,0.85391,0.90285,167,17
A_dice_s0,A_dice,15_h,0.0,5.21,83,0.85372,0.90266,167,17
A_dice_s0,A_dice,15_h,0.0,10.42,167,0.85372,0.90266,167,17
A_dice_s0,A_dice,15_h,2.08,0.0,0,0.85567,0.9092,70,11
A_dice_s0,A_dice,15_h,2.08,0.21,3,0.85568,0.90921,70,15
A_dice_s0,A_dice,15_h,2.08,0.52,8,0.85569,0.90924,70,16
A_dice_s0,A_dice,15_h,2.08,1.04,17,0.85574,0.90929,70,17
A_dice_s0,A_dice,15_h,2.08,2.08,33,0.85574,0.90929,70,17
A_dice_s0,A_dice,15_h,2.08,5.21,83,0.85554,0.90909,70,17
A_dice_s0,A_dice,15_h,2.08,10.42,167,0.85554,0.90909,70,17
B_cldice_s0,B_cldice,11_dr,0.0,0.0,0,0.81059,0.84658,120,39
B_cldice_s0,B_cldice,11_dr,0.0,0.21,3,0.81061,0.84652,120,47
B_cldice_s0,B_cldice,11_dr,0.0,0.52,8,0.81072,0.84638,120,53
B_cldice_s0,B_cldice,11_dr,0.0,1.04,17,0.81079,0.84625,120,57
B_cldice_s0,B_cldice,11_dr,0.0,2.08,33,0.81077,0.84621,120,59
B_cldice_s0,B_cldice,11_dr,0.0,5.21,83,0.81114,0.84585,120,63
B_cldice_s0,B_cldice,11_dr,0.0,10.42,167,0.81057,0.84495,120,65
B_cldice_s0,B_cldice,11_dr,2.08,0.0,0,0.81126,0.84749,64,39
B_cldice_s0,B_cldice,11_dr,2.08,0.21,3,0.81128,0.84744,64,47
B_cldice_s0,B_cldice,11_dr,2.08,0.52,8,0.81139,0.8473,64,53
B_cldice_s0,B_cldice,11_dr,2.08,1.04,17,0.81146,0.84718,64,57
B_cldice_s0,B_cldice,11_dr,2.08,2.08,33,0.81144,0.84713,64,59
B_cldice_s0,B_cldice,11_dr,2.08,5.21,83,0.81181,0.84679,64,63
B_cldice_s0,B_cldice,11_dr,2.08,10.42,167,0.81124,0.84589,64,65
B_cldice_s0,B_cldice,11_g,0.0,0.0,0,0.80971,0.83933,89,47
B_cldice_s0,B_cldice,11_g,0.0,0.21,3,0.80972,0.83934,89,51
B_cldice_s0,B_cldice,11_g,0.0,0.52,8,0.80973,0.8393,89,52
B_cldice_s0,B_cldice,11_g,0.0,1.04,17,0.80977,0.83929,89,54
B_cldice_s0,B_cldice,11_g,0.0,2.08,33,0.80992,0.83923,89,55
B_cldice_s0,B_cldice,11_g,0.0,5.21,83,0.81012,0.83936,89,56
B_cldice_s0,B_cldice,11_g,0.0,10.42,167,0.81009,0.83823,89,61
B_cldice_s0,B_cldice,11_g,2.08,0.0,0,0.81021,0.83966,40,47
B_cldice_s0,B_cldice,11_g,2.08,0.21,3,0.81021,0.83968,40,51
B_cldice_s0,B_cldice,11_g,2.08,0.52,8,0.81023,0.83964,40,52
B_cldice_s0,B_cldice,11_g,2.08,1.04,17,0.81026,0.83963,40,54
B_cldice_s0,B_cldice,11_g,2.08,2.08,33,0.81042,0.83957,40,55
B_cldice_s0,B_cldice,11_g,2.08,5.21,83,0.81062,0.83971,40,56
B_cldice_s0,B_cldice,11_g,2.08,10.42,167,0.81059,0.83859,40,61
B_cldice_s0,B_cldice,11_h,0.0,0.0,0,0.86122,0.90962,172,1
B_cldice_s0,B_cldice,11_h,0.0,0.21,3,0.86124,0.90964,172,7
B_cldice_s0,B_cldice,11_h,0.0,0.52,8,0.86127,0.90966,172,9
B_cldice_s0,B_cldice,11_h,0.0,1.04,17,0.8613,0.90965,172,10
B_cldice_s0,B_cldice,11_h,0.0,2.08,33,0.8613,0.90965,172,10
B_cldice_s0,B_cldice,11_h,0.0,5.21,83,0.86141,0.90972,172,11
B_cldice_s0,B_cldice,11_h,0.0,10.42,167,0.86119,0.90939,172,11
B_cldice_s0,B_cldice,11_h,2.08,0.0,0,0.86322,0.91391,82,1
B_cldice_s0,B_cldice,11_h,2.08,0.21,3,0.86323,0.91393,82,7
B_cldice_s0,B_cldice,11_h,2.08,0.52,8,0.86326,0.91395,82,9
B_cldice_s0,B_cldice,11_h,2.08,1.04,17,0.8633,0.91394,82,10
B_cldice_s0,B_cldice,11_h,2.08,2.08,33,0.8633,0.91394,82,10
B_cldice_s0,B_cldice,11_h,2.08,5.21,83,0.8634,0.91402,82,11
B_cldice_s0,B_cldice,11_h,2.08,10.42,167,0.86318,0.91369,82,11
B_cldice_s0,B_cldice,12_dr,0.0,0.0,0,0.75629,0.76346,125,118
B_cldice_s0,B_cldice,12_dr,0.0,0.21,3,0.75629,0.76348,125,122
B_cldice_s0,B_cldice,12_dr,0.0,0.52,8,0.75632,0.7635,125,124
B_cldice_s0,B_cldice,12_dr,0.0,1.04,17,0.75629,0.76355,125,125
B_cldice_s0,B_cldice,12_dr,0.0,2.08,33,0.75639,0.76362,125,126
B_cldice_s0,B_cldice,12_dr,0.0,5.21,83,0.75639,0.76362,125,126
B_cldice_s0,B_cldice,12_dr,0.0,10.42,167,0.75639,0.76362,125,126
B_cldice_s0,B_cldice,12_dr,2.08,0.0,0,0.75743,0.76471,34,118
B_cldice_s0,B_cldice,12_dr,2.08,0.21,3,0.75743,0.76473,34,122
B_cldice_s0,B_cldice,12_dr,2.08,0.52,8,0.75747,0.76476,34,124
B_cldice_s0,B_cldice,12_dr,2.08,1.04,17,0.75743,0.76481,34,125
B_cldice_s0,B_cldice,12_dr,2.08,2.08,33,0.75753,0.76488,34,126
B_cldice_s0,B_cldice,12_dr,2.08,5.21,83,0.75753,0.76488,34,126
B_cldice_s0,B_cldice,12_dr,2.08,10.42,167,0.75753,0.76488,34,126
B_cldice_s0,B_cldice,12_g,0.0,0.0,0,0.81094,0.82938,147,50
B_cldice_s0,B_cldice,12_g,0.0,0.21,3,0.81097,0.82932,147,58
B_cldice_s0,B_cldice,12_g,0.0,0.52,8,0.81099,0.82936,147,61
B_cldice_s0,B_cldice,12_g,0.0,1.04,17,0.81102,0.82933,147,62
B_cldice_s0,B_cldice,12_g,0.0,2.08,33,0.81102,0.82933,147,62
B_cldice_s0,B_cldice,12_g,0.0,5.21,83,0.81092,0.82912,147,63
B_cldice_s0,B_cldice,12_g,0.0,10.42,167,0.8105,0.82873,147,64
B_cldice_s0,B_cldice,12_g,2.08,0.0,0,0.81154,0.82986,86,50
B_cldice_s0,B_cldice,12_g,2.08,0.21,3,0.81157,0.82981,86,58
B_cldice_s0,B_cldice,12_g,2.08,0.52,8,0.81159,0.82985,86,61
B_cldice_s0,B_cldice,12_g,2.08,1.04,17,0.81162,0.82982,86,62
B_cldice_s0,B_cldice,12_g,2.08,2.08,33,0.81162,0.82982,86,62
B_cldice_s0,B_cldice,12_g,2.08,5.21,83,0.81152,0.82961,86,63
B_cldice_s0,B_cldice,12_g,2.08,10.42,167,0.8111,0.82922,86,64
B_cldice_s0,B_cldice,12_h,0.0,0.0,0,0.86317,0.91478,171,5
B_cldice_s0,B_cldice,12_h,0.0,0.21,3,0.86317,0.91482,171,3
B_cldice_s0,B_cldice,12_h,0.0,0.52,8,0.86318,0.91479,171,2
B_cldice_s0,B_cldice,12_h,0.0,1.04,17,0.86326,0.91492,171,0
B_cldice_s0,B_cldice,12_h,0.0,2.08,33,0.86329,0.91478,171,1
B_cldice_s0,B_cldice,12_h,0.0,5.21,83,0.86347,0.91498,171,2
B_cldice_s0,B_cldice,12_h,0.0,10.42,167,0.86347,0.91498,171,2
B_cldice_s0,B_cldice,12_h,2.08,0.0,0,0.86478,0.9183,95,5
B_cldice_s0,B_cldice,12_h,2.08,0.21,3,0.86479,0.91834,95,3
B_cldice_s0,B_cldice,12_h,2.08,0.52,8,0.8648,0.91832,95,2
B_cldice_s0,B_cldice,12_h,2.08,1.04,17,0.86488,0.91845,95,0
B_cldice_s0,B_cldice,12_h,2.08,2.08,33,0.8649,0.91831,95,1
B_cldice_s0,B_cldice,12_h,2.08,5.21,83,0.86509,0.91852,95,2
B_cldice_s0,B_cldice,12_h,2.08,10.42,167,0.86509,0.91852,95,2
B_cldice_s0,B_cldice,13_dr,0.0,0.0,0,0.79246,0.79037,126,35
B_cldice_s0,B_cldice,13_dr,0.0,0.21,3,0.79246,0.79064,126,46
B_cldice_s0,B_cldice,13_dr,0.0,0.52,8,0.79248,0.79057,126,48
B_cldice_s0,B_cldice,13_dr,0.0,1.04,17,0.79251,0.79046,126,52
B_cldice_s0,B_cldice,13_dr,0.0,2.08,33,0.79251,0.79046,126,52
B_cldice_s0,B_cldice,13_dr,0.0,5.21,83,0.79211,0.78926,125,55
B_cldice_s0,B_cldice,13_dr,0.0,10.42,167,0.79216,0.78903,125,56
B_cldice_s0,B_cldice,13_dr,2.08,0.0,0,0.79309,0.79027,69,35
B_cldice_s0,B_cldice,13_dr,2.08,0.21,3,0.79308,0.79055,69,46
B_cldice_s0,B_cldice,13_dr,2.08,0.52,8,0.7931,0.79047,69,48
B_cldice_s0,B_cldice,13_dr,2.08,1.04,17,0.79313,0.79037,69,52
B_cldice_s0,B_cldice,13_dr,2.08,2.08,33,0.79313,0.79037,69,52
B_cldice_s0,B_cldice,13_dr,2.08,5.21,83,0.79271,0.78916,69,55
B_cldice_s0,B_cldice,13_dr,2.08,10.42,167,0.79276,0.78893,69,56
B_cldice_s0,B_cldice,13_g,0.0,0.0,0,0.77787,0.81524,135,88
B_cldice_s0,B_cldice,13_g,0.0,0.21,3,0.77787,0.81526,135,89
B_cldice_s0,B_cldice,13_g,0.0,0.52,8,0.77788,0.81526,135,90
B_cldice_s0,B_cldice,13_g,0.0,1.04,17,0.77788,0.81526,135,90
B_cldice_s0,B_cldice,13_g,0.0,2.08,33,0.77788,0.81526,135,90
B_cldice_s0,B_cldice,13_g,0.0,5.21,83,0.77782,0.8148,135,92
B_cldice_s0,B_cldice,13_g,0.0,10.42,167,0.77782,0.8148,135,92
B_cldice_s0,B_cldice,13_g,2.08,0.0,0,0.77945,0.81758,68,88
B_cldice_s0,B_cldice,13_g,2.08,0.21,3,0.77945,0.8176,68,89
B_cldice_s0,B_cldice,13_g,2.08,0.52,8,0.77946,0.81759,68,90
B_cldice_s0,B_cldice,13_g,2.08,1.04,17,0.77946,0.81759,68,90
B_cldice_s0,B_cldice,13_g,2.08,2.08,33,0.77946,0.81759,68,90
B_cldice_s0,B_cldice,13_g,2.08,5.21,83,0.7794,0.81714,68,92
B_cldice_s0,B_cldice,13_g,2.08,10.42,167,0.7794,0.81714,68,92
B_cldice_s0,B_cldice,13_h,0.0,0.0,0,0.84047,0.89562,186,10
B_cldice_s0,B_cldice,13_h,0.0,0.21,3,0.84049,0.89568,186,0
B_cldice_s0,B_cldice,13_h,0.0,0.52,8,0.84052,0.89563,186,3
B_cldice_s0,B_cldice,13_h,0.0,1.04,17,0.84064,0.89574,186,6
B_cldice_s0,B_cldice,13_h,0.0,2.08,33,0.84064,0.89574,186,6
B_cldice_s0,B_cldice,13_h,0.0,5.21,83,0.84056,0.89565,186,6
B_cldice_s0,B_cldice,13_h,0.0,10.42,167,0.84056,0.89565,186,6
B_cldice_s0,B_cldice,13_h,2.08,0.0,0,0.84217,0.89926,104,10
B_cldice_s0,B_cldice,13_h,2.08,0.21,3,0.84219,0.89933,104,0
B_cldice_s0,B_cldice,13_h,2.08,0.52,8,0.84222,0.89929,104,3
B_cldice_s0,B_cldice,13_h,2.08,1.04,17,0.84233,0.8994,104,6
B_cldice_s0,B_cldice,13_h,2.08,2.08,33,0.84233,0.8994,104,6
B_cldice_s0,B_cldice,13_h,2.08,5.21,83,0.84225,0.89932,104,6
B_cldice_s0,B_cldice,13_h,2.08,10.42,167,0.84225,0.89932,104,6
B_cldice_s0,B_cldice,14_dr,0.0,0.0,0,0.77053,0.78556,102,108
B_cldice_s0,B_cldice,14_dr,0.0,0.21,3,0.77055,0.78585,102,120
B_cldice_s0,B_cldice,14_dr,0.0,0.52,8,0.77059,0.78533,102,127
B_cldice_s0,B_cldice,14_dr,0.0,1.04,17,0.77064,0.78553,102,130
B_cldice_s0,B_cldice,14_dr,0.0,2.08,33,0.77056,0.78574,102,131
B_cldice_s0,B_cldice,14_dr,0.0,5.21,83,0.7706,0.78545,102,137
B_cldice_s0,B_cldice,14_dr,0.0,10.42,167,0.76945,0.78333,102,142
B_cldice_s0,B_cldice,14_dr,2.08,0.0,0,0.77107,0.78555,39,108
B_cldice_s0,B_cldice,14_dr,2.08,0.21,3,0.77109,0.78585,39,120
B_cldice_s0,B_cldice,14_dr,2.08,0.52,8,0.77113,0.78534,39,127
B_cldice_s0,B_cldice,14_dr,2.08,1.04,17,0.77118,0.78554,39,130
B_cldice_s0,B_cldice,14_dr,2.08,2.08,33,0.7711,0.78575,39,131
B_cldice_s0,B_cldice,14_dr,2.08,5.21,83,0.77114,0.78547,39,137
B_cldice_s0,B_cldice,14_dr,2.08,10.42,167,0.76999,0.78337,39,142
B_cldice_s0,B_cldice,14_g,0.0,0.0,0,0.76454,0.7918,179,84
B_cldice_s0,B_cldice,14_g,0.0,0.21,3,0.76453,0.79202,179,96
B_cldice_s0,B_cldice,14_g,0.0,0.52,8,0.76457,0.79229,179,99
B_cldice_s0,B_cldice,14_g,0.0,1.04,17,0.76463,0.79229,179,100
B_cldice_s0,B_cldice,14_g,0.0,2.08,33,0.76438,0.7919,179,105
B_cldice_s0,B_cldice,14_g,0.0,5.21,83,0.76411,0.79146,179,106
B_cldice_s0,B_cldice,14_g,0.0,10.42,167,0.76383,0.79092,179,107
B_cldice_s0,B_cldice,14_g,2.08,0.0,0,0.76506,0.79204,105,84
B_cldice_s0,B_cldice,14_g,2.08,0.21,3,0.76505,0.79227,105,96
B_cldice_s0,B_cldice,14_g,2.08,0.52,8,0.76509,0.79254,105,99
B_cldice_s0,B_cldice,14_g,2.08,1.04,17,0.76515,0.79255,105,100
B_cldice_s0,B_cldice,14_g,2.08,2.08,33,0.7649,0.79216,105,105
B_cldice_s0,B_cldice,14_g,2.08,5.21,83,0.76462,0.79173,105,106
B_cldice_s0,B_cldice,14_g,2.08,10.42,167,0.76435,0.79119,105,107
B_cldice_s0,B_cldice,14_h,0.0,0.0,0,0.84767,0.90311,178,4
B_cldice_s0,B_cldice,14_h,0.0,0.21,3,0.84768,0.90325,178,3
B_cldice_s0,B_cldice,14_h,0.0,0.52,8,0.84768,0.90339,178,6
B_cldice_s0,B_cldice,14_h,0.0,1.04,17,0.84772,0.90337,178,8
B_cldice_s0,B_cldice,14_h,0.0,2.08,33,0.84772,0.90337,178,8
B_cldice_s0,B_cldice,14_h,0.0,5.21,83,0.84772,0.90337,178,8
B_cldice_s0,B_cldice,14_h,0.0,10.42,167,0.84721,0.9023,178,11
B_cldice_s0,B_cldice,14_h,2.08,0.0,0,0.84937,0.9068,93,4
B_cldice_s0,B_cldice,14_h,2.08,0.21,3,0.84938,0.90695,93,3
B_cldice_s0,B_cldice,14_h,2.08,0.52,8,0.84938,0.90709,93,6
B_cldice_s0,B_cldice,14_h,2.08,1.04,17,0.84942,0.90708,93,8
B_cldice_s0,B_cldice,14_h,2.08,2.08,33,0.84942,0.90708,93,8
B_cldice_s0,B_cldice,14_h,2.08,5.21,83,0.84942,0.90708,93,8
B_cldice_s0,B_cldice,14_h,2.08,10.42,167,0.84891,0.90602,93,11
B_cldice_s0,B_cldice,15_dr,0.0,0.0,0,0.74607,0.76434,260,15
B_cldice_s0,B_cldice,15_dr,0.0,0.21,3,0.7461,0.76462,260,9
B_cldice_s0,B_cldice,15_dr,0.0,0.52,8,0.74611,0.76484,260,16
B_cldice_s0,B_cldice,15_dr,0.0,1.04,17,0.74624,0.76487,260,20
B_cldice_s0,B_cldice,15_dr,0.0,2.08,33,0.74614,0.76542,260,24
B_cldice_s0,B_cldice,15_dr,0.0,5.21,83,0.74636,0.76507,260,30
B_cldice_s0,B_cldice,15_dr,0.0,10.42,167,0.7461,0.7648,260,31
B_cldice_s0,B_cldice,15_dr,2.08,0.0,0,0.7482,0.76825,149,15
B_cldice_s0,B_cldice,15_dr,2.08,0.21,3,0.74823,0.76854,149,9
B_cldice_s0,B_cldice,15_dr,2.08,0.52,8,0.74824,0.76878,149,16
B_cldice_s0,B_cldice,15_dr,2.08,1.04,17,0.74836,0.76882,149,20
B_cldice_s0,B_cldice,15_dr,2.08,2.08,33,0.74827,0.76938,149,24
B_cldice_s0,B_cldice,15_dr,2.08,5.21,83,0.74848,0.76905,149,30
B_cldice_s0,B_cldice,15_dr,2.08,10.42,167,0.74822,0.76879,149,31
B_cldice_s0,B_cldice,15_g,0.0,0.0,0,0.78368,0.79208,135,46
B_cldice_s0,B_cldice,15_g,0.0,0.21,3,0.78368,0.79215,135,48
B_cldice_s0,B_cldice,15_g,0.0,0.52,8,0.78371,0.79209,135,50
B_cldice_s0,B_cldice,15_g,0.0,1.04,17,0.78376,0.79218,135,53
B_cldice_s0,B_cldice,15_g,0.0,2.08,33,0.78375,0.7921,135,54
B_cldice_s0,B_cldice,15_g,0.0,5.21,83,0.7838,0.79219,135,55
B_cldice_s0,B_cldice,15_g,0.0,10.42,167,0.78332,0.79181,135,57
B_cldice_s0,B_cldice,15_g,2.08,0.0,0,0.78455,0.79303,77,46
B_cldice_s0,B_cldice,15_g,2.08,0.21,3,0.78455,0.7931,77,48
B_cldice_s0,B_cldice,15_g,2.08,0.52,8,0.78458,0.79304,77,50
B_cldice_s0,B_cldice,15_g,2.08,1.04,17,0.78463,0.79314,77,53
B_cldice_s0,B_cldice,15_g,2.08,2.08,33,0.78462,0.79305,77,54
B_cldice_s0,B_cldice,15_g,2.08,5.21,83,0.78466,0.79314,77,55
B_cldice_s0,B_cldice,15_g,2.08,10.42,167,0.78418,0.79277,77,57
B_cldice_s0,B_cldice,15_h,0.0,0.0,0,0.85464,0.91811,128,9
B_cldice_s0,B_cldice,15_h,0.0,0.21,3,0.85464,0.91816,128,11
B_cldice_s0,B_cldice,15_h,0.0,0.52,8,0.85464,0.91816,128,11
B_cldice_s0,B_cldice,15_h,0.0,1.04,17,0.85467,0.91827,128,12
B_cldice_s0,B_cldice,15_h,0.0,2.08,33,0.85476,0.91836,128,13
B_cldice_s0,B_cldice,15_h,0.0,5.21,83,0.85456,0.91819,128,13
B_cldice_s0,B_cldice,15_h,0.0,10.42,167,0.85441,0.91781,128,14
B_cldice_s0,B_cldice,15_h,2.08,0.0,0,0.85595,0.92092,80,9
B_cldice_s0,B_cldice,15_h,2.08,0.21,3,0.85595,0.92097,80,11
B_cldice_s0,B_cldice,15_h,2.08,0.52,8,0.85595,0.92097,80,11
B_cldice_s0,B_cldice,15_h,2.08,1.04,17,0.85599,0.92108,80,12
B_cldice_s0,B_cldice,15_h,2.08,2.08,33,0.85607,0.92118,80,13
B_cldice_s0,B_cldice,15_h,2.08,5.21,83,0.85587,0.921,80,13
B_cldice_s0,B_cldice,15_h,2.08,10.42,167,0.85572,0.92063,80,14
E_cbdice_s0,E_cbdice,11_dr,0.0,0.0,0,0.81841,0.8281,172,42
E_cbdice_s0,E_cbdice,11_dr,0.0,0.21,3,0.81841,0.8283,172,50
E_cbdice_s0,E_cbdice,11_dr,0.0,0.52,8,0.81844,0.82839,172,55
E_cbdice_s0,E_cbdice,11_dr,0.0,1.04,17,0.81842,0.82825,172,59
E_cbdice_s0,E_cbdice,11_dr,0.0,2.08,33,0.81853,0.82823,172,62
E_cbdice_s0,E_cbdice,11_dr,0.0,5.21,83,0.81843,0.82796,172,63
E_cbdice_s0,E_cbdice,11_dr,0.0,10.42,167,0.81803,0.82759,172,65
E_cbdice_s0,E_cbdice,11_dr,2.08,0.0,0,0.81891,0.82992,13,42
E_cbdice_s0,E_cbdice,11_dr,2.08,0.21,3,0.81892,0.83013,13,50
E_cbdice_s0,E_cbdice,11_dr,2.08,0.52,8,0.81894,0.83023,13,55
E_cbdice_s0,E_cbdice,11_dr,2.08,1.04,17,0.81892,0.8301,13,59
E_cbdice_s0,E_cbdice,11_dr,2.08,2.08,33,0.81903,0.83009,13,62
E_cbdice_s0,E_cbdice,11_dr,2.08,5.21,83,0.81893,0.82982,13,63
E_cbdice_s0,E_cbdice,11_dr,2.08,10.42,167,0.81853,0.82946,13,65
E_cbdice_s0,E_cbdice,11_g,0.0,0.0,0,0.81911,0.82602,112,49
E_cbdice_s0,E_cbdice,11_g,0.0,0.21,3,0.81914,0.82607,112,55
E_cbdice_s0,E_cbdice,11_g,0.0,0.52,8,0.81913,0.82609,112,58
E_cbdice_s0,E_cbdice,11_g,0.0,1.04,17,0.81916,0.82604,112,59
E_cbdice_s0,E_cbdice,11_g,0.0,2.08,33,0.81924,0.82604,112,59
E_cbdice_s0,E_cbdice,11_g,0.0,5.21,83,0.81924,0.82604,112,59
E_cbdice_s0,E_cbdice,11_g,0.0,10.42,167,0.81892,0.82493,112,63
E_cbdice_s0,E_cbdice,11_g,2.08,0.0,0,0.81927,0.82653,2,49
E_cbdice_s0,E_cbdice,11_g,2.08,0.21,3,0.8193,0.82658,2,55
E_cbdice_s0,E_cbdice,11_g,2.08,0.52,8,0.81929,0.8266,2,58
E_cbdice_s0,E_cbdice,11_g,2.08,1.04,17,0.81932,0.82656,2,59
E_cbdice_s0,E_cbdice,11_g,2.08,2.08,33,0.8194,0.82656,2,59
E_cbdice_s0,E_cbdice,11_g,2.08,5.21,83,0.8194,0.82656,2,59
E_cbdice_s0,E_cbdice,11_g,2.08,10.42,167,0.81908,0.82546,2,63
E_cbdice_s0,E_cbdice,11_h,0.0,0.0,0,0.86783,0.9025,210,5
E_cbdice_s0,E_cbdice,11_h,0.0,0.21,3,0.86783,0.90276,210,4
E_cbdice_s0,E_cbdice,11_h,0.0,0.52,8,0.86783,0.90283,210,7
E_cbdice_s0,E_cbdice,11_h,0.0,1.04,17,0.86783,0.90283,210,7
E_cbdice_s0,E_cbdice,11_h,0.0,2.08,33,0.86783,0.90283,210,7
E_cbdice_s0,E_cbdice,11_h,0.0,5.21,83,0.86793,0.90293,210,8
E_cbdice_s0,E_cbdice,11_h,0.0,10.42,167,0.86763,0.90275,210,9
E_cbdice_s0,E_cbdice,11_h,2.08,0.0,0,0.86886,0.90768,46,5
E_cbdice_s0,E_cbdice,11_h,2.08,0.21,3,0.86886,0.90795,46,4
E_cbdice_s0,E_cbdice,11_h,2.08,0.52,8,0.86886,0.90803,46,7
E_cbdice_s0,E_cbdice,11_h,2.08,1.04,17,0.86886,0.90803,46,7
E_cbdice_s0,E_cbdice,11_h,2.08,2.08,33,0.86886,0.90803,46,7
E_cbdice_s0,E_cbdice,11_h,2.08,5.21,83,0.86897,0.90814,46,8
E_cbdice_s0,E_cbdice,11_h,2.08,10.42,167,0.86866,0.90797,46,9
E_cbdice_s0,E_cbdice,12_dr,0.0,0.0,0,0.77044,0.74422,216,113
E_cbdice_s0,E_cbdice,12_dr,0.0,0.21,3,0.77046,0.74431,216,119
E_cbdice_s0,E_cbdice,12_dr,0.0,0.52,8,0.77046,0.74436,216,121
E_cbdice_s0,E_cbdice,12_dr,0.0,1.04,17,0.77046,0.74448,216,123
E_cbdice_s0,E_cbdice,12_dr,0.0,2.08,33,0.77055,0.7445,216,124
E_cbdice_s0,E_cbdice,12_dr,0.0,5.21,83,0.77055,0.7445,216,124
E_cbdice_s0,E_cbdice,12_dr,0.0,10.42,167,0.77055,0.7445,216,124
E_cbdice_s0,E_cbdice,12_dr,2.08,0.0,0,0.77142,0.74694,10,113
E_cbdice_s0,E_cbdice,12_dr,2.08,0.21,3,0.77143,0.74703,10,119
E_cbdice_s0,E_cbdice,12_dr,2.08,0.52,8,0.77144,0.74709,10,121
E_cbdice_s0,E_cbdice,12_dr,2.08,1.04,17,0.77144,0.74722,10,123
E_cbdice_s0,E_cbdice,12_dr,2.08,2.08,33,0.77152,0.74724,10,124
E_cbdice_s0,E_cbdice,12_dr,2.08,5.21,83,0.77152,0.74724,10,124
E_cbdice_s0,E_cbdice,12_dr,2.08,10.42,167,0.77152,0.74724,10,124
E_cbdice_s0,E_cbdice,12_g,0.0,0.0,0,0.81642,0.81361,196,49
E_cbdice_s0,E_cbdice,12_g,0.0,0.21,3,0.81642,0.81372,196,53
E_cbdice_s0,E_cbdice,12_g,0.0,0.52,8,0.81642,0.81378,196,56
E_cbdice_s0,E_cbdice,12_g,0.0,1.04,17,0.81642,0.81378,196,56
E_cbdice_s0,E_cbdice,12_g,0.0,2.08,33,0.81642,0.81378,196,56
E_cbdice_s0,E_cbdice,12_g,0.0,5.21,83,0.81619,0.81343,196,58
E_cbdice_s0,E_cbdice,12_g,0.0,10.42,167,0.81594,0.81332,196,58
E_cbdice_s0,E_cbdice,12_g,2.08,0.0,0,0.81651,0.814,54,49
E_cbdice_s0,E_cbdice,12_g,2.08,0.21,3,0.81651,0.81412,54,53
E_cbdice_s0,E_cbdice,12_g,2.08,0.52,8,0.8165,0.81419,54,56
E_cbdice_s0,E_cbdice,12_g,2.08,1.04,17,0.8165,0.81419,54,56
E_cbdice_s0,E_cbdice,12_g,2.08,2.08,33,0.8165,0.81419,54,56
E_cbdice_s0,E_cbdice,12_g,2.08,5.21,83,0.81627,0.81384,54,58
E_cbdice_s0,E_cbdice,12_g,2.08,10.42,167,0.81603,0.81373,54,58
E_cbdice_s0,E_cbdice,12_h,0.0,0.0,0,0.87125,0.90887,240,9
E_cbdice_s0,E_cbdice,12_h,0.0,0.21,3,0.87126,0.9089,240,5
E_cbdice_s0,E_cbdice,12_h,0.0,0.52,8,0.87126,0.9089,240,5
E_cbdice_s0,E_cbdice,12_h,0.0,1.04,17,0.87131,0.90902,240,3
E_cbdice_s0,E_cbdice,12_h,0.0,2.08,33,0.8713,0.90905,240,2
E_cbdice_s0,E_cbdice,12_h,0.0,5.21,83,0.87121,0.90909,240,2
E_cbdice_s0,E_cbdice,12_h,0.0,10.42,167,0.871,0.90921,240,3
E_cbdice_s0,E_cbdice,12_h,2.08,0.0,0,0.87281,0.91585,57,9
E_cbdice_s0,E_cbdice,12_h,2.08,0.21,3,0.87282,0.91588,57,5
E_cbdice_s0,E_cbdice,12_h,2.08,0.52,8,0.87282,0.91588,57,5
E_cbdice_s0,E_cbdice,12_h,2.08,1.04,17,0.87287,0.91601,57,3
E_cbdice_s0,E_cbdice,12_h,2.08,2.08,33,0.87286,0.91605,57,2
E_cbdice_s0,E_cbdice,12_h,2.08,5.21,83,0.87277,0.91611,57,2
E_cbdice_s0,E_cbdice,12_h,2.08,10.42,167,0.87256,0.91625,57,3
E_cbdice_s0,E_cbdice,13_dr,0.0,0.0,0,0.79861,0.76332,185,38
E_cbdice_s0,E_cbdice,13_dr,0.0,0.21,3,0.79861,0.76347,185,43
E_cbdice_s0,E_cbdice,13_dr,0.0,0.52,8,0.79863,0.76343,185,44
E_cbdice_s0,E_cbdice,13_dr,0.0,1.04,17,0.79875,0.76341,185,47
E_cbdice_s0,E_cbdice,13_dr,0.0,2.08,33,0.79881,0.76334,185,49
E_cbdice_s0,E_cbdice,13_dr,0.0,5.21,83,0.79866,0.76289,185,51
E_cbdice_s0,E_cbdice,13_dr,0.0,10.42,167,0.79832,0.76133,185,55
E_cbdice_s0,E_cbdice,13_dr,2.08,0.0,0,0.7987,0.76331,48,38
E_cbdice_s0,E_cbdice,13_dr,2.08,0.21,3,0.7987,0.76346,48,43
E_cbdice_s0,E_cbdice,13_dr,2.08,0.52,8,0.79872,0.76342,48,44
E_cbdice_s0,E_cbdice,13_dr,2.08,1.04,17,0.79883,0.76341,48,47
E_cbdice_s0,E_cbdice,13_dr,2.08,2.08,33,0.79889,0.76335,48,49
E_cbdice_s0,E_cbdice,13_dr,2.08,5.21,83,0.79875,0.7629,48,51
E_cbdice_s0,E_cbdice,13_dr,2.08,10.42,167,0.7984,0.76137,48,55
E_cbdice_s0,E_cbdice,13_g,0.0,0.0,0,0.7867,0.80065,188,81
E_cbdice_s0,E_cbdice,13_g,0.0,0.21,3,0.78669,0.8007,188,84
E_cbdice_s0,E_cbdice,13_g,0.0,0.52,8,0.78672,0.80071,188,85
E_cbdice_s0,E_cbdice,13_g,0.0,1.04,17,0.78672,0.80071,188,85
E_cbdice_s0,E_cbdice,13_g,0.0,2.08,33,0.78666,0.80041,188,86
E_cbdice_s0,E_cbdice,13_g,0.0,5.21,83,0.7866,0.80027,188,88
E_cbdice_s0,E_cbdice,13_g,0.0,10.42,167,0.78628,0.7998,188,89
E_cbdice_s0,E_cbdice,13_g,2.08,0.0,0,0.78737,0.80271,27,81
E_cbdice_s0,E_cbdice,13_g,2.08,0.21,3,0.78737,0.80277,27,84
E_cbdice_s0,E_cbdice,13_g,2.08,0.52,8,0.78739,0.80278,27,85
E_cbdice_s0,E_cbdice,13_g,2.08,1.04,17,0.78739,0.80278,27,85
E_cbdice_s0,E_cbdice,13_g,2.08,2.08,33,0.78733,0.80249,27,86
E_cbdice_s0,E_cbdice,13_g,2.08,5.21,83,0.78727,0.80235,27,88
E_cbdice_s0,E_cbdice,13_g,2.08,10.42,167,0.78695,0.80189,27,89
E_cbdice_s0,E_cbdice,13_h,0.0,0.0,0,0.85104,0.89261,253,7
E_cbdice_s0,E_cbdice,13_h,0.0,0.21,3,0.85104,0.89284,253,2
E_cbdice_s0,E_cbdice,13_h,0.0,0.52,8,0.85105,0.89279,253,0
E_cbdice_s0,E_cbdice,13_h,0.0,1.04,17,0.85101,0.89281,253,1
E_cbdice_s0,E_cbdice,13_h,0.0,2.08,33,0.85097,0.89298,253,4
E_cbdice_s0,E_cbdice,13_h,0.0,5.21,83,0.85097,0.89298,253,4
E_cbdice_s0,E_cbdice,13_h,0.0,10.42,167,0.85071,0.8924,253,5
E_cbdice_s0,E_cbdice,13_h,2.08,0.0,0,0.85298,0.89934,63,7
E_cbdice_s0,E_cbdice,13_h,2.08,0.21,3,0.85299,0.89958,63,2
E_cbdice_s0,E_cbdice,13_h,2.08,0.52,8,0.853,0.89954,63,0
E_cbdice_s0,E_cbdice,13_h,2.08,1.04,17,0.85295,0.89956,63,1
E_cbdice_s0,E_cbdice,13_h,2.08,2.08,33,0.85291,0.89975,63,4
E_cbdice_s0,E_cbdice,13_h,2.08,5.21,83,0.85291,0.89975,63,4
E_cbdice_s0,E_cbdice,13_h,2.08,10.42,167,0.85265,0.89917,63,5
E_cbdice_s0,E_cbdice,14_dr,0.0,0.0,0,0.77502,0.76311,195,116
E_cbdice_s0,E_cbdice,14_dr,0.0,0.21,3,0.77505,0.76314,195,126
E_cbdice_s0,E_cbdice,14_dr,0.0,0.52,8,0.77507,0.7632,195,130
E_cbdice_s0,E_cbdice,14_dr,0.0,1.04,17,0.77513,0.76321,195,136
E_cbdice_s0,E_cbdice,14_dr,0.0,2.08,33,0.77522,0.76351,195,141
E_cbdice_s0,E_cbdice,14_dr,0.0,5.21,83,0.77544,0.7634,195,143
E_cbdice_s0,E_cbdice,14_dr,0.0,10.42,167,0.77516,0.76234,195,145
E_cbdice_s0,E_cbdice,14_dr,2.08,0.0,0,0.7748,0.76307,4,116
E_cbdice_s0,E_cbdice,14_dr,2.08,0.21,3,0.77482,0.7631,4,126
E_cbdice_s0,E_cbdice,14_dr,2.08,0.52,8,0.77485,0.76317,4,130
E_cbdice_s0,E_cbdice,14_dr,2.08,1.04,17,0.7749,0.7632,4,136
E_cbdice_s0,E_cbdice,14_dr,2.08,2.08,33,0.77499,0.76352,4,141
E_cbdice_s0,E_cbdice,14_dr,2.08,5.21,83,0.77521,0.76342,4,143
E_cbdice_s0,E_cbdice,14_dr,2.08,10.42,167,0.77494,0.76237,4,145
E_cbdice_s0,E_cbdice,14_g,0.0,0.0,0,0.77309,0.7784,242,98
E_cbdice_s0,E_cbdice,14_g,0.0,0.21,3,0.7731,0.77835,242,100
E_cbdice_s0,E_cbdice,14_g,0.0,0.52,8,0.77312,0.77832,242,101
E_cbdice_s0,E_cbdice,14_g,0.0,1.04,17,0.77311,0.77836,242,102
E_cbdice_s0,E_cbdice,14_g,0.0,2.08,33,0.77297,0.77813,242,104
E_cbdice_s0,E_cbdice,14_g,0.0,5.21,83,0.77254,0.77747,242,106
E_cbdice_s0,E_cbdice,14_g,0.0,10.42,167,0.77219,0.77686,242,107
E_cbdice_s0,E_cbdice,14_g,2.08,0.0,0,0.7741,0.78088,65,98
E_cbdice_s0,E_cbdice,14_g,2.08,0.21,3,0.77412,0.78083,65,100
E_cbdice_s0,E_cbdice,14_g,2.08,0.52,8,0.77414,0.78081,65,101
E_cbdice_s0,E_cbdice,14_g,2.08,1.04,17,0.77413,0.78085,65,102
E_cbdice_s0,E_cbdice,14_g,2.08,2.08,33,0.77399,0.78063,65,104
E_cbdice_s0,E_cbdice,14_g,2.08,5.21,83,0.77355,0.77998,65,106
E_cbdice_s0,E_cbdice,14_g,2.08,10.42,167,0.7732,0.77937,65,107
E_cbdice_s0,E_cbdice,14_h,0.0,0.0,0,0.8544,0.89961,250,6
E_cbdice_s0,E_cbdice,14_h,0.0,0.21,3,0.8544,0.89975,250,0
E_cbdice_s0,E_cbdice,14_h,0.0,0.52,8,0.85438,0.89972,250,1
E_cbdice_s0,E_cbdice,14_h,0.0,1.04,17,0.85435,0.89988,250,2
E_cbdice_s0,E_cbdice,14_h,0.0,2.08,33,0.85428,0.89983,250,3
E_cbdice_s0,E_cbdice,14_h,0.0,5.21,83,0.85405,0.89949,250,6
E_cbdice_s0,E_cbdice,14_h,0.0,10.42,167,0.85385,0.89919,250,7
E_cbdice_s0,E_cbdice,14_h,2.08,0.0,0,0.85608,0.90643,56,6
E_cbdice_s0,E_cbdice,14_h,2.08,0.21,3,0.85608,0.90658,56,0
E_cbdice_s0,E_cbdice,14_h,2.08,0.52,8,0.85606,0.90654,56,1
E_cbdice_s0,E_cbdice,14_h,2.08,1.04,17,0.85603,0.90671,56,2
E_cbdice_s0,E_cbdice,14_h,2.08,2.08,33,0.85596,0.90667,56,3
E_cbdice_s0,E_cbdice,14_h,2.08,5.21,83,0.85572,0.90635,56,6
E_cbdice_s0,E_cbdice,14_h,2.08,10.42,167,0.85552,0.90606,56,7
E_cbdice_s0,E_cbdice,15_dr,0.0,0.0,0,0.75622,0.74615,355,21
E_cbdice_s0,E_cbdice,15_dr,0.0,0.21,3,0.7562,0.74695,355,6
E_cbdice_s0,E_cbdice,15_dr,0.0,0.52,8,0.75618,0.74787,355,17
E_cbdice_s0,E_cbdice,15_dr,0.0,1.04,17,0.75621,0.74881,355,25
E_cbdice_s0,E_cbdice,15_dr,0.0,2.08,33,0.75623,0.7488,355,30
E_cbdice_s0,E_cbdice,15_dr,0.0,5.21,83,0.75608,0.74911,355,31
E_cbdice_s0,E_cbdice,15_dr,0.0,10.42,167,0.75629,0.74928,355,33
E_cbdice_s0,E_cbdice,15_dr,2.08,0.0,0,0.75847,0.75225,94,20
E_cbdice_s0,E_cbdice,15_dr,2.08,0.21,3,0.75845,0.7531,94,6
E_cbdice_s0,E_cbdice,15_dr,2.08,0.52,8,0.75843,0.75406,94,17
E_cbdice_s0,E_cbdice,15_dr,2.08,1.04,17,0.75846,0.75505,94,25
E_cbdice_s0,E_cbdice,15_dr,2.08,2.08,33,0.75848,0.75508,94,30
E_cbdice_s0,E_cbdice,15_dr,2.08,5.21,83,0.75833,0.7554,94,31
E_cbdice_s0,E_cbdice,15_dr,2.08,10.42,167,0.75854,0.75559,94,33
E_cbdice_s0,E_cbdice,15_g,0.0,0.0,0,0.79043,0.77661,171,49
E_cbdice_s0,E_cbdice,15_g,0.0,0.21,3,0.79044,0.77658,171,50
E_cbdice_s0,E_cbdice,15_g,0.0,0.52,8,0.79043,0.77644,171,51
E_cbdice_s0,E_cbdice,15_g,0.0,1.04,17,0.79046,0.77645,171,52
E_cbdice_s0,E_cbdice,15_g,0.0,2.08,33,0.79046,0.77643,171,53
E_cbdice_s0,E_cbdice,15_g,0.0,5.21,83,0.79044,0.77644,171,54
E_cbdice_s0,E_cbdice,15_g,0.0,10.42,167,0.79028,0.77623,171,55
E_cbdice_s0,E_cbdice,15_g,2.08,0.0,0,0.79098,0.77822,38,49
E_cbdice_s0,E_cbdice,15_g,2.08,0.21,3,0.79099,0.77819,38,50
E_cbdice_s0,E_cbdice,15_g,2.08,0.52,8,0.79098,0.77806,38,51
E_cbdice_s0,E_cbdice,15_g,2.08,1.04,17,0.79101,0.77807,38,52
E_cbdice_s0,E_cbdice,15_g,2.08,2.08,33,0.791,0.77806,38,53
E_cbdice_s0,E_cbdice,15_g,2.08,5.21,83,0.79099,0.77807,38,54
E_cbdice_s0,E_cbdice,15_g,2.08,10.42,167,0.79082,0.77786,38,55
E_cbdice_s0,E_cbdice,15_h,0.0,0.0,0,0.85969,0.91299,175,8
E_cbdice_s0,E_cbdice,15_h,0.0,0.21,3,0.8597,0.91305,175,10
E_cbdice_s0,E_cbdice,15_h,0.0,0.52,8,0.85972,0.91302,175,12
E_cbdice_s0,E_cbdice,15_h,0.0,1.04,17,0.85972,0.91302,175,12
E_cbdice_s0,E_cbdice,15_h,0.0,2.08,33,0.85981,0.91312,175,13
E_cbdice_s0,E_cbdice,15_h,0.0,5.21,83,0.85961,0.91295,175,13
E_cbdice_s0,E_cbdice,15_h,0.0,10.42,167,0.85961,0.91295,175,13
E_cbdice_s0,E_cbdice,15_h,2.08,0.0,0,0.86124,0.91975,45,8
E_cbdice_s0,E_cbdice,15_h,2.08,0.21,3,0.86124,0.91982,45,10
E_cbdice_s0,E_cbdice,15_h,2.08,0.52,8,0.86126,0.91979,45,12
E_cbdice_s0,E_cbdice,15_h,2.08,1.04,17,0.86126,0.91979,45,12
E_cbdice_s0,E_cbdice,15_h,2.08,2.08,33,0.86135,0.9199,45,13
E_cbdice_s0,E_cbdice,15_h,2.08,5.21,83,0.86116,0.91972,45,13
E_cbdice_s0,E_cbdice,15_h,2.08,10.42,167,0.86116,0.91972,45,13
A_dice_s1,A_dice,11_dr,0.0,0.0,0,0.81287,0.82726,218,35
A_dice_s1,A_dice,11_dr,0.0,0.21,3,0.8129,0.82728,218,42
A_dice_s1,A_dice,11_dr,0.0,0.52,8,0.813,0.82714,218,49
A_dice_s1,A_dice,11_dr,0.0,1.04,17,0.81332,0.82717,218,58
A_dice_s1,A_dice,11_dr,0.0,2.08,33,0.81363,0.82727,218,63
A_dice_s1,A_dice,11_dr,0.0,5.21,83,0.81405,0.82718,218,67
A_dice_s1,A_dice,11_dr,0.0,10.42,167,0.81364,0.82661,218,69
A_dice_s1,A_dice,11_dr,2.08,0.0,0,0.81477,0.83276,57,35
A_dice_s1,A_dice,11_dr,2.08,0.21,3,0.8148,0.83278,57,42
A_dice_s1,A_dice,11_dr,2.08,0.52,8,0.8149,0.83267,57,49
A_dice_s1,A_dice,11_dr,2.08,1.04,17,0.81522,0.83273,57,58
A_dice_s1,A_dice,11_dr,2.08,2.08,33,0.81553,0.83286,57,63
A_dice_s1,A_dice,11_dr,2.08,5.21,83,0.81595,0.8328,57,67
A_dice_s1,A_dice,11_dr,2.08,10.42,167,0.81554,0.83226,57,69
A_dice_s1,A_dice,11_g,0.0,0.0,0,0.81272,0.82117,130,56
A_dice_s1,A_dice,11_g,0.0,0.21,3,0.81272,0.82117,130,57
A_dice_s1,A_dice,11_g,0.0,0.52,8,0.81275,0.82099,130,60
A_dice_s1,A_dice,11_g,0.0,1.04,17,0.81291,0.82101,130,64
A_dice_s1,A_dice,11_g,0.0,2.08,33,0.81299,0.82108,130,65
A_dice_s1,A_dice,11_g,0.0,5.21,83,0.81299,0.82108,130,65
A_dice_s1,A_dice,11_g,0.0,10.42,167,0.81255,0.81981,130,68
A_dice_s1,A_dice,11_g,2.08,0.0,0,0.81311,0.82186,27,56
A_dice_s1,A_dice,11_g,2.08,0.21,3,0.81311,0.82186,27,57
A_dice_s1,A_dice,11_g,2.08,0.52,8,0.81315,0.82168,27,60
A_dice_s1,A_dice,11_g,2.08,1.04,17,0.81331,0.82171,27,64
A_dice_s1,A_dice,11_g,2.08,2.08,33,0.81339,0.82179,27,65
A_dice_s1,A_dice,11_g,2.08,5.21,83,0.81339,0.82179,27,65
A_dice_s1,A_dice,11_g,2.08,10.42,167,0.81294,0.82053,27,68
A_dice_s1,A_dice,11_h,0.0,0.0,0,0.85814,0.88765,286,1
A_dice_s1,A_dice,11_h,0.0,0.21,3,0.85814,0.88762,286,8
A_dice_s1,A_dice,11_h,0.0,0.52,8,0.85815,0.88761,286,9
A_dice_s1,A_dice,11_h,0.0,1.04,17,0.85823,0.88753,286,12
A_dice_s1,A_dice,11_h,0.0,2.08,33,0.85823,0.88753,286,12
A_dice_s1,A_dice,11_h,0.0,5.21,83,0.85817,0.88746,286,13
A_dice_s1,A_dice,11_h,0.0,10.42,167,0.85795,0.88715,286,13
A_dice_s1,A_dice,11_h,2.08,0.0,0,0.86078,0.89627,91,1
A_dice_s1,A_dice,11_h,2.08,0.21,3,0.86079,0.89626,91,8
A_dice_s1,A_dice,11_h,2.08,0.52,8,0.8608,0.89625,91,9
A_dice_s1,A_dice,11_h,2.08,1.04,17,0.86088,0.89619,91,12
A_dice_s1,A_dice,11_h,2.08,2.08,33,0.86088,0.89619,91,12
A_dice_s1,A_dice,11_h,2.08,5.21,83,0.86081,0.89612,91,13
A_dice_s1,A_dice,11_h,2.08,10.42,167,0.86059,0.89581,91,13
A_dice_s1,A_dice,12_dr,0.0,0.0,0,0.75691,0.74029,226,120
A_dice_s1,A_dice,12_dr,0.0,0.21,3,0.75693,0.74024,226,127
A_dice_s1,A_dice,12_dr,0.0,0.52,8,0.75697,0.74018,226,129
A_dice_s1,A_dice,12_dr,0.0,1.04,17,0.75697,0.74018,226,129
A_dice_s1,A_dice,12_dr,0.0,2.08,33,0.75707,0.74024,226,130
A_dice_s1,A_dice,12_dr,0.0,5.21,83,0.75695,0.74003,226,131
A_dice_s1,A_dice,12_dr,0.0,10.42,167,0.75687,0.74008,226,132
A_dice_s1,A_dice,12_dr,2.08,0.0,0,0.75863,0.74463,42,120
A_dice_s1,A_dice,12_dr,2.08,0.21,3,0.75865,0.74459,42,127
A_dice_s1,A_dice,12_dr,2.08,0.52,8,0.75869,0.74454,42,129
A_dice_s1,A_dice,12_dr,2.08,1.04,17,0.75869,0.74454,42,129
A_dice_s1,A_dice,12_dr,2.08,2.08,33,0.75879,0.74461,42,130
A_dice_s1,A_dice,12_dr,2.08,5.21,83,0.75866,0.7444,42,131
A_dice_s1,A_dice,12_dr,2.08,10.42,167,0.75859,0.74446,42,132
A_dice_s1,A_dice,12_g,0.0,0.0,0,0.8146,0.81642,201,57
A_dice_s1,A_dice,12_g,0.0,0.21,3,0.81461,0.8164,201,58
A_dice_s1,A_dice,12_g,0.0,0.52,8,0.81462,0.81643,201,60
A_dice_s1,A_dice,12_g,0.0,1.04,17,0.8147,0.81642,201,63
A_dice_s1,A_dice,12_g,0.0,2.08,33,0.8147,0.81642,201,63
A_dice_s1,A_dice,12_g,0.0,5.21,83,0.81456,0.81622,201,64
A_dice_s1,A_dice,12_g,0.0,10.42,167,0.81433,0.81604,201,64
A_dice_s1,A_dice,12_g,2.08,0.0,0,0.81502,0.81694,85,57
A_dice_s1,A_dice,12_g,2.08,0.21,3,0.81503,0.81693,85,58
A_dice_s1,A_dice,12_g,2.08,0.52,8,0.81504,0.81696,85,60
A_dice_s1,A_dice,12_g,2.08,1.04,17,0.81512,0.81695,85,63
A_dice_s1,A_dice,12_g,2.08,2.08,33,0.81512,0.81695,85,63
A_dice_s1,A_dice,12_g,2.08,5.21,83,0.81498,0.81676,85,64
A_dice_s1,A_dice,12_g,2.08,10.42,167,0.81475,0.81658,85,64
A_dice_s1,A_dice,12_h,0.0,0.0,0,0.86614,0.89643,276,7
A_dice_s1,A_dice,12_h,0.0,0.21,3,0.86615,0.89652,276,4
A_dice_s1,A_dice,12_h,0.0,0.52,8,0.86615,0.89652,276,4
A_dice_s1,A_dice,12_h,0.0,1.04,17,0.86618,0.89655,276,2
A_dice_s1,A_dice,12_h,0.0,2.08,33,0.86644,0.89665,276,0
A_dice_s1,A_dice,12_h,0.0,5.21,83,0.86664,0.89666,276,4
A_dice_s1,A_dice,12_h,0.0,10.42,167,0.86664,0.89666,276,4
A_dice_s1,A_dice,12_h,2.08,0.0,0,0.86917,0.90676,91,7
A_dice_s1,A_dice,12_h,2.08,0.21,3,0.86917,0.90685,91,4
A_dice_s1,A_dice,12_h,2.08,0.52,8,0.86917,0.90685,91,4
A_dice_s1,A_dice,12_h,2.08,1.04,17,0.86921,0.90689,91,2
A_dice_s1,A_dice,12_h,2.08,2.08,33,0.86947,0.907,91,0
A_dice_s1,A_dice,12_h,2.08,5.21,83,0.86967,0.90705,91,4
A_dice_s1,A_dice,12_h,2.08,10.42,167,0.86967,0.90705,91,4
A_dice_s1,A_dice,13_dr,0.0,0.0,0,0.79267,0.77045,216,47
A_dice_s1,A_dice,13_dr,0.0,0.21,3,0.7927,0.77047,216,54
A_dice_s1,A_dice,13_dr,0.0,0.52,8,0.79275,0.77041,216,57
A_dice_s1,A_dice,13_dr,0.0,1.04,17,0.79278,0.77045,216,58
A_dice_s1,A_dice,13_dr,0.0,2.08,33,0.79278,0.77045,216,58
A_dice_s1,A_dice,13_dr,0.0,5.21,83,0.79286,0.77013,216,59
A_dice_s1,A_dice,13_dr,0.0,10.42,167,0.79267,0.7695,216,60
A_dice_s1,A_dice,13_dr,2.08,0.0,0,0.79411,0.7735,79,47
A_dice_s1,A_dice,13_dr,2.08,0.21,3,0.79413,0.77353,79,54
A_dice_s1,A_dice,13_dr,2.08,0.52,8,0.79419,0.77349,79,57
A_dice_s1,A_dice,13_dr,2.08,1.04,17,0.79421,0.77353,79,58
A_dice_s1,A_dice,13_dr,2.08,2.08,33,0.79421,0.77353,79,58
A_dice_s1,A_dice,13_dr,2.08,5.21,83,0.79429,0.77322,79,59
A_dice_s1,A_dice,13_dr,2.08,10.42,167,0.79411,0.7726,79,60
A_dice_s1,A_dice,13_g,0.0,0.0,0,0.78034,0.79832,210,88
A_dice_s1,A_dice,13_g,0.0,0.21,3,0.78035,0.79833,210,89
A_dice_s1,A_dice,13_g,0.0,0.52,8,0.78035,0.79833,210,89
A_dice_s1,A_dice,13_g,0.0,1.04,17,0.78041,0.79849,210,90
A_dice_s1,A_dice,13_g,0.0,2.08,33,0.78041,0.79849,210,90
A_dice_s1,A_dice,13_g,0.0,5.21,83,0.78041,0.79849,210,90
A_dice_s1,A_dice,13_g,0.0,10.42,167,0.78011,0.79735,210,93
A_dice_s1,A_dice,13_g,2.08,0.0,0,0.78158,0.80121,63,88
A_dice_s1,A_dice,13_g,2.08,0.21,3,0.78158,0.80122,63,89
A_dice_s1,A_dice,13_g,2.08,0.52,8,0.78158,0.80122,63,89
A_dice_s1,A_dice,13_g,2.08,1.04,17,0.78165,0.80139,63,90
A_dice_s1,A_dice,13_g,2.08,2.08,33,0.78165,0.80139,63,90
A_dice_s1,A_dice,13_g,2.08,5.21,83,0.78165,0.80139,63,90
A_dice_s1,A_dice,13_g,2.08,10.42,167,0.78135,0.80026,63,93
A_dice_s1,A_dice,13_h,0.0,0.0,0,0.84612,0.87878,289,4
A_dice_s1,A_dice,13_h,0.0,0.21,3,0.84612,0.87891,289,3
A_dice_s1,A_dice,13_h,0.0,0.52,8,0.84617,0.8789,289,4
A_dice_s1,A_dice,13_h,0.0,1.04,17,0.8462,0.87892,289,5
A_dice_s1,A_dice,13_h,0.0,2.08,33,0.84628,0.87888,289,6
A_dice_s1,A_dice,13_h,0.0,5.21,83,0.84615,0.87882,288,6
A_dice_s1,A_dice,13_h,0.0,10.42,167,0.84615,0.87882,288,6
A_dice_s1,A_dice,13_h,2.08,0.0,0,0.84926,0.88916,100,4
A_dice_s1,A_dice,13_h,2.08,0.21,3,0.84926,0.8893,100,3
A_dice_s1,A_dice,13_h,2.08,0.52,8,0.84932,0.8893,100,4
A_dice_s1,A_dice,13_h,2.08,1.04,17,0.84935,0.88932,100,5
A_dice_s1,A_dice,13_h,2.08,2.08,33,0.84943,0.88929,100,6
A_dice_s1,A_dice,13_h,2.08,5.21,83,0.84929,0.88921,100,6
A_dice_s1,A_dice,13_h,2.08,10.42,167,0.84929,0.88921,100,6
A_dice_s1,A_dice,14_dr,0.0,0.0,0,0.76744,0.76275,250,109
A_dice_s1,A_dice,14_dr,0.0,0.21,3,0.76746,0.76284,250,122
A_dice_s1,A_dice,14_dr,0.0,0.52,8,0.76749,0.76281,250,127
A_dice_s1,A_dice,14_dr,0.0,1.04,17,0.76763,0.76273,250,132
A_dice_s1,A_dice,14_dr,0.0,2.08,33,0.7678,0.7629,250,134
A_dice_s1,A_dice,14_dr,0.0,5.21,83,0.76816,0.76339,250,139
A_dice_s1,A_dice,14_dr,0.0,10.42,167,0.76868,0.76275,249,143
A_dice_s1,A_dice,14_dr,2.08,0.0,0,0.76891,0.7664,56,109
A_dice_s1,A_dice,14_dr,2.08,0.21,3,0.76893,0.7665,56,122
A_dice_s1,A_dice,14_dr,2.08,0.52,8,0.76896,0.76649,56,127
A_dice_s1,A_dice,14_dr,2.08,1.04,17,0.7691,0.76643,56,132
A_dice_s1,A_dice,14_dr,2.08,2.08,33,0.76927,0.76662,56,134
A_dice_s1,A_dice,14_dr,2.08,5.21,83,0.76963,0.76715,56,139
A_dice_s1,A_dice,14_dr,2.08,10.42,167,0.77016,0.76656,56,143
A_dice_s1,A_dice,14_g,0.0,0.0,0,0.76834,0.77685,227,101
A_dice_s1,A_dice,14_g,0.0,0.21,3,0.76835,0.77684,227,103
A_dice_s1,A_dice,14_g,0.0,0.52,8,0.76835,0.77684,227,103
A_dice_s1,A_dice,14_g,0.0,1.04,17,0.76841,0.77686,227,104
A_dice_s1,A_dice,14_g,0.0,2.08,33,0.76848,0.77687,227,105
A_dice_s1,A_dice,14_g,0.0,5.21,83,0.76788,0.77606,227,110
A_dice_s1,A_dice,14_g,0.0,10.42,167,0.76788,0.77606,227,110
A_dice_s1,A_dice,14_g,2.08,0.0,0,0.76934,0.77938,98,101
A_dice_s1,A_dice,14_g,2.08,0.21,3,0.76935,0.77938,98,103
A_dice_s1,A_dice,14_g,2.08,0.52,8,0.76935,0.77938,98,103
A_dice_s1,A_dice,14_g,2.08,1.04,17,0.76941,0.77941,98,104
A_dice_s1,A_dice,14_g,2.08,2.08,33,0.76948,0.77941,98,105
A_dice_s1,A_dice,14_g,2.08,5.21,83,0.76888,0.77863,98,110
A_dice_s1,A_dice,14_g,2.08,10.42,167,0.76888,0.77863,98,110
A_dice_s1,A_dice,14_h,0.0,0.0,0,0.84737,0.89141,282,6
A_dice_s1,A_dice,14_h,0.0,0.21,3,0.84737,0.89137,282,9
A_dice_s1,A_dice,14_h,0.0,0.52,8,0.84741,0.89133,282,12
A_dice_s1,A_dice,14_h,0.0,1.04,17,0.84741,0.89133,282,12
A_dice_s1,A_dice,14_h,0.0,2.08,33,0.84741,0.89133,282,12
A_dice_s1,A_dice,14_h,0.0,5.21,83,0.84731,0.89079,282,13
A_dice_s1,A_dice,14_h,0.0,10.42,167,0.84731,0.89079,282,13
A_dice_s1,A_dice,14_h,2.08,0.0,0,0.85003,0.90037,101,6
A_dice_s1,A_dice,14_h,2.08,0.21,3,0.85003,0.90034,101,9
A_dice_s1,A_dice,14_h,2.08,0.52,8,0.85008,0.90031,101,12
A_dice_s1,A_dice,14_h,2.08,1.04,17,0.85008,0.90031,101,12
A_dice_s1,A_dice,14_h,2.08,2.08,33,0.85008,0.90031,101,12
A_dice_s1,A_dice,14_h,2.08,5.21,83,0.84997,0.89979,101,13
A_dice_s1,A_dice,14_h,2.08,10.42,167,0.84997,0.89979,101,13
A_dice_s1,A_dice,15_dr,0.0,0.0,0,0.73327,0.71864,434,11
A_dice_s1,A_dice,15_dr,0.0,0.21,3,0.73328,0.71874,434,1
A_dice_s1,A_dice,15_dr,0.0,0.52,8,0.73332,0.71911,434,10
A_dice_s1,A_dice,15_dr,0.0,1.04,17,0.73361,0.71927,434,19
A_dice_s1,A_dice,15_dr,0.0,2.08,33,0.73365,0.71943,434,23
A_dice_s1,A_dice,15_dr,0.0,5.21,83,0.73444,0.72029,434,29
A_dice_s1,A_dice,15_dr,0.0,10.42,167,0.73433,0.72031,434,29
A_dice_s1,A_dice,15_dr,2.08,0.0,0,0.73728,0.72931,184,11
A_dice_s1,A_dice,15_dr,2.08,0.21,3,0.7373,0.72943,184,1
A_dice_s1,A_dice,15_dr,2.08,0.52,8,0.73733,0.72986,184,10
A_dice_s1,A_dice,15_dr,2.08,1.04,17,0.73762,0.73008,184,19
A_dice_s1,A_dice,15_dr,2.08,2.08,33,0.73766,0.73027,184,23
A_dice_s1,A_dice,15_dr,2.08,5.21,83,0.73845,0.73121,184,29
A_dice_s1,A_dice,15_dr,2.08,10.42,167,0.73833,0.73124,184,29
A_dice_s1,A_dice,15_g,0.0,0.0,0,0.78556,0.77465,183,50
A_dice_s1,A_dice,15_g,0.0,0.21,3,0.78557,0.77463,183,53
A_dice_s1,A_dice,15_g,0.0,0.52,8,0.78558,0.77464,183,53
A_dice_s1,A_dice,15_g,0.0,1.04,17,0.78561,0.77465,183,54
A_dice_s1,A_dice,15_g,0.0,2.08,33,0.78583,0.77475,183,57
A_dice_s1,A_dice,15_g,0.0,5.21,83,0.78598,0.77454,183,59
A_dice_s1,A_dice,15_g,0.0,10.42,167,0.78543,0.77423,183,61
A_dice_s1,A_dice,15_g,2.08,0.0,0,0.78657,0.77714,75,50
A_dice_s1,A_dice,15_g,2.08,0.21,3,0.78658,0.77712,75,53
A_dice_s1,A_dice,15_g,2.08,0.52,8,0.78659,0.77714,75,53
A_dice_s1,A_dice,15_g,2.08,1.04,17,0.78662,0.77715,75,54
A_dice_s1,A_dice,15_g,2.08,2.08,33,0.78684,0.77725,75,57
A_dice_s1,A_dice,15_g,2.08,5.21,83,0.78699,0.77706,75,59
A_dice_s1,A_dice,15_g,2.08,10.42,167,0.78644,0.77675,75,61
A_dice_s1,A_dice,15_h,0.0,0.0,0,0.84942,0.90022,179,10
A_dice_s1,A_dice,15_h,0.0,0.21,3,0.84942,0.90021,179,12
A_dice_s1,A_dice,15_h,0.0,0.52,8,0.84942,0.90021,179,12
A_dice_s1,A_dice,15_h,0.0,1.04,17,0.84942,0.90021,179,12
A_dice_s1,A_dice,15_h,0.0,2.08,33,0.84949,0.90029,179,13
A_dice_s1,A_dice,15_h,0.0,5.21,83,0.84965,0.90049,179,14
A_dice_s1,A_dice,15_h,0.0,10.42,167,0.84954,0.9008,179,16
A_dice_s1,A_dice,15_h,2.08,0.0,0,0.85166,0.90761,79,10
A_dice_s1,A_dice,15_h,2.08,0.21,3,0.85167,0.9076,79,12
A_dice_s1,A_dice,15_h,2.08,0.52,8,0.85167,0.9076,79,12
A_dice_s1,A_dice,15_h,2.08,1.04,17,0.85167,0.9076,79,12
A_dice_s1,A_dice,15_h,2.08,2.08,33,0.85174,0.90769,79,13
A_dice_s1,A_dice,15_h,2.08,5.21,83,0.85189,0.90789,79,14
A_dice_s1,A_dice,15_h,2.08,10.42,167,0.85179,0.90824,79,16
B_cldice_s1,B_cldice,11_dr,0.0,0.0,0,0.80485,0.84517,131,38
B_cldice_s1,B_cldice,11_dr,0.0,0.21,3,0.80485,0.84524,131,51
B_cldice_s1,B_cldice,11_dr,0.0,0.52,8,0.80488,0.84519,131,53
B_cldice_s1,B_cldice,11_dr,0.0,1.04,17,0.80495,0.84513,131,57
B_cldice_s1,B_cldice,11_dr,0.0,2.08,33,0.80502,0.8449,131,60
B_cldice_s1,B_cldice,11_dr,0.0,5.21,83,0.8054,0.84499,131,63
B_cldice_s1,B_cldice,11_dr,0.0,10.42,167,0.80498,0.84455,131,64
B_cldice_s1,B_cldice,11_dr,2.08,0.0,0,0.80611,0.8471,50,38
B_cldice_s1,B_cldice,11_dr,2.08,0.21,3,0.80612,0.84719,50,51
B_cldice_s1,B_cldice,11_dr,2.08,0.52,8,0.80614,0.84713,50,53
B_cldice_s1,B_cldice,11_dr,2.08,1.04,17,0.80621,0.84708,50,57
B_cldice_s1,B_cldice,11_dr,2.08,2.08,33,0.80628,0.84686,50,60
B_cldice_s1,B_cldice,11_dr,2.08,5.21,83,0.80667,0.84696,50,63
B_cldice_s1,B_cldice,11_dr,2.08,10.42,167,0.80624,0.84653,50,64
B_cldice_s1,B_cldice,11_g,0.0,0.0,0,0.80494,0.8415,96,55
B_cldice_s1,B_cldice,11_g,0.0,0.21,3,0.80495,0.84149,96,58
B_cldice_s1,B_cldice,11_g,0.0,0.52,8,0.80499,0.84149,96,61
B_cldice_s1,B_cldice,11_g,0.0,1.04,17,0.80499,0.84149,96,61
B_cldice_s1,B_cldice,11_g,0.0,2.08,33,0.80518,0.8415,96,62
B_cldice_s1,B_cldice,11_g,0.0,5.21,83,0.805,0.84119,96,63
B_cldice_s1,B_cldice,11_g,0.0,10.42,167,0.80481,0.8405,96,65
B_cldice_s1,B_cldice,11_g,2.08,0.0,0,0.80527,0.84114,32,55
B_cldice_s1,B_cldice,11_g,2.08,0.21,3,0.80528,0.84114,32,58
B_cldice_s1,B_cldice,11_g,2.08,0.52,8,0.80532,0.84114,32,61
B_cldice_s1,B_cldice,11_g,2.08,1.04,17,0.80532,0.84114,32,61
B_cldice_s1,B_cldice,11_g,2.08,2.08,33,0.80551,0.84115,32,62
B_cldice_s1,B_cldice,11_g,2.08,5.21,83,0.80533,0.84084,32,63
B_cldice_s1,B_cldice,11_g,2.08,10.42,167,0.80514,0.84016,32,65
B_cldice_s1,B_cldice,11_h,0.0,0.0,0,0.85664,0.90044,193,2
B_cldice_s1,B_cldice,11_h,0.0,0.21,3,0.85666,0.90041,193,6
B_cldice_s1,B_cldice,11_h,0.0,0.52,8,0.85667,0.90042,193,7
B_cldice_s1,B_cldice,11_h,0.0,1.04,17,0.85672,0.90041,193,9
B_cldice_s1,B_cldice,11_h,0.0,2.08,33,0.85672,0.90041,193,9
B_cldice_s1,B_cldice,11_h,0.0,5.21,83,0.85667,0.90038,193,10
B_cldice_s1,B_cldice,11_h,0.0,10.42,167,0.85645,0.90006,193,10
B_cldice_s1,B_cldice,11_h,2.08,0.0,0,0.85894,0.90565,92,2
B_cldice_s1,B_cldice,11_h,2.08,0.21,3,0.85896,0.90562,92,6
B_cldice_s1,B_cldice,11_h,2.08,0.52,8,0.85897,0.90563,92,7
B_cldice_s1,B_cldice,11_h,2.08,1.04,17,0.85902,0.90562,92,9
B_cldice_s1,B_cldice,11_h,2.08,2.08,33,0.85902,0.90562,92,9
B_cldice_s1,B_cldice,11_h,2.08,5.21,83,0.85897,0.9056,92,10
B_cldice_s1,B_cldice,11_h,2.08,10.42,167,0.85875,0.90528,92,10
B_cldice_s1,B_cldice,12_dr,0.0,0.0,0,0.75345,0.76649,148,112
B_cldice_s1,B_cldice,12_dr,0.0,0.21,3,0.75345,0.7666,148,119
B_cldice_s1,B_cldice,12_dr,0.0,0.52,8,0.75344,0.76655,148,120
B_cldice_s1,B_cldice,12_dr,0.0,1.04,17,0.75348,0.7667,148,122
B_cldice_s1,B_cldice,12_dr,0.0,2.08,33,0.75348,0.7667,148,122
B_cldice_s1,B_cldice,12_dr,0.0,5.21,83,0.75354,0.76665,148,123
B_cldice_s1,B_cldice,12_dr,0.0,10.42,167,0.75354,0.76665,148,123
B_cldice_s1,B_cldice,12_dr,2.08,0.0,0,0.7553,0.76893,38,112
B_cldice_s1,B_cldice,12_dr,2.08,0.21,3,0.7553,0.76905,38,119
B_cldice_s1,B_cldice,12_dr,2.08,0.52,8,0.75529,0.769,38,120
B_cldice_s1,B_cldice,12_dr,2.08,1.04,17,0.75532,0.76916,38,122
B_cldice_s1,B_cldice,12_dr,2.08,2.08,33,0.75532,0.76916,38,122
B_cldice_s1,B_cldice,12_dr,2.08,5.21,83,0.75538,0.76912,38,123
B_cldice_s1,B_cldice,12_dr,2.08,10.42,167,0.75538,0.76912,38,123
B_cldice_s1,B_cldice,12_g,0.0,0.0,0,0.80467,0.83416,155,57
B_cldice_s1,B_cldice,12_g,0.0,0.21,3,0.80468,0.83414,155,58
B_cldice_s1,B_cldice,12_g,0.0,0.52,8,0.80467,0.83414,155,58
B_cldice_s1,B_cldice,12_g,0.0,1.04,17,0.80467,0.83414,155,58
B_cldice_s1,B_cldice,12_g,0.0,2.08,33,0.80467,0.83414,155,58
B_cldice_s1,B_cldice,12_g,0.0,5.21,83,0.80457,0.83394,155,59
B_cldice_s1,B_cldice,12_g,0.0,10.42,167,0.80429,0.83352,155,60
B_cldice_s1,B_cldice,12_g,2.08,0.0,0,0.80505,0.83425,88,57
B_cldice_s1,B_cldice,12_g,2.08,0.21,3,0.80506,0.83423,88,58
B_cldice_s1,B_cldice,12_g,2.08,0.52,8,0.80505,0.83423,88,58
B_cldice_s1,B_cldice,12_g,2.08,1.04,17,0.80505,0.83423,88,58
B_cldice_s1,B_cldice,12_g,2.08,2.08,33,0.80505,0.83423,88,58
B_cldice_s1,B_cldice,12_g,2.08,5.21,83,0.80496,0.83404,88,59
B_cldice_s1,B_cldice,12_g,2.08,10.42,167,0.80467,0.83362,88,60
B_cldice_s1,B_cldice,12_h,0.0,0.0,0,0.86575,0.90922,202,7
B_cldice_s1,B_cldice,12_h,0.0,0.21,3,0.86575,0.90921,202,6
B_cldice_s1,B_cldice,12_h,0.0,0.52,8,0.86577,0.90912,202,3
B_cldice_s1,B_cldice,12_h,0.0,1.04,17,0.86579,0.90918,202,3
B_cldice_s1,B_cldice,12_h,0.0,2.08,33,0.86585,0.90902,202,1
B_cldice_s1,B_cldice,12_h,0.0,5.21,83,0.86585,0.90902,202,1
B_cldice_s1,B_cldice,12_h,0.0,10.42,167,0.86585,0.90902,202,1
B_cldice_s1,B_cldice,12_h,2.08,0.0,0,0.86778,0.91364,101,7
B_cldice_s1,B_cldice,12_h,2.08,0.21,3,0.86779,0.91363,101,6
B_cldice_s1,B_cldice,12_h,2.08,0.52,8,0.8678,0.91355,101,3
B_cldice_s1,B_cldice,12_h,2.08,1.04,17,0.86782,0.91361,101,3
B_cldice_s1,B_cldice,12_h,2.08,2.08,33,0.86789,0.91346,101,1
B_cldice_s1,B_cldice,12_h,2.08,5.21,83,0.86789,0.91346,101,1
B_cldice_s1,B_cldice,12_h,2.08,10.42,167,0.86789,0.91346,101,1
B_cldice_s1,B_cldice,13_dr,0.0,0.0,0,0.79078,0.79377,160,39
B_cldice_s1,B_cldice,13_dr,0.0,0.21,3,0.79079,0.79377,160,42
B_cldice_s1,B_cldice,13_dr,0.0,0.52,8,0.79081,0.79374,160,47
B_cldice_s1,B_cldice,13_dr,0.0,1.04,17,0.79084,0.79371,160,48
B_cldice_s1,B_cldice,13_dr,0.0,2.08,33,0.79092,0.79373,160,49
B_cldice_s1,B_cldice,13_dr,0.0,5.21,83,0.79099,0.79313,160,51
B_cldice_s1,B_cldice,13_dr,0.0,10.42,167,0.79067,0.7922,160,53
B_cldice_s1,B_cldice,13_dr,2.08,0.0,0,0.7918,0.795,91,39
B_cldice_s1,B_cldice,13_dr,2.08,0.21,3,0.79181,0.79501,91,42
B_cldice_s1,B_cldice,13_dr,2.08,0.52,8,0.79183,0.79498,91,47
B_cldice_s1,B_cldice,13_dr,2.08,1.04,17,0.79186,0.79495,91,48
B_cldice_s1,B_cldice,13_dr,2.08,2.08,33,0.79195,0.79497,91,49
B_cldice_s1,B_cldice,13_dr,2.08,5.21,83,0.79201,0.79438,91,51
B_cldice_s1,B_cldice,13_dr,2.08,10.42,167,0.79169,0.79346,91,53
B_cldice_s1,B_cldice,13_g,0.0,0.0,0,0.77355,0.81969,157,88
B_cldice_s1,B_cldice,13_g,0.0,0.21,3,0.77355,0.81969,157,88
B_cldice_s1,B_cldice,13_g,0.0,0.52,8,0.77356,0.81967,157,89
B_cldice_s1,B_cldice,13_g,0.0,1.04,17,0.7736,0.81976,157,90
B_cldice_s1,B_cldice,13_g,0.0,2.08,33,0.7736,0.81976,157,90
B_cldice_s1,B_cldice,13_g,0.0,5.21,83,0.77341,0.81916,157,92
B_cldice_s1,B_cldice,13_g,0.0,10.42,167,0.77356,0.81902,157,93
B_cldice_s1,B_cldice,13_g,2.08,0.0,0,0.77462,0.82067,76,88
B_cldice_s1,B_cldice,13_g,2.08,0.21,3,0.77462,0.82067,76,88
B_cldice_s1,B_cldice,13_g,2.08,0.52,8,0.77463,0.82065,76,89
B_cldice_s1,B_cldice,13_g,2.08,1.04,17,0.77467,0.82074,76,90
B_cldice_s1,B_cldice,13_g,2.08,2.08,33,0.77467,0.82074,76,90
B_cldice_s1,B_cldice,13_g,2.08,5.21,83,0.77448,0.82015,76,92
B_cldice_s1,B_cldice,13_g,2.08,10.42,167,0.77463,0.82002,76,93
B_cldice_s1,B_cldice,13_h,0.0,0.0,0,0.83889,0.8885,233,9
B_cldice_s1,B_cldice,13_h,0.0,0.21,3,0.83887,0.88883,233,2
B_cldice_s1,B_cldice,13_h,0.0,0.52,8,0.8389,0.88878,233,0
B_cldice_s1,B_cldice,13_h,0.0,1.04,17,0.83882,0.88915,233,3
B_cldice_s1,B_cldice,13_h,0.0,2.08,33,0.83882,0.88915,233,3
B_cldice_s1,B_cldice,13_h,0.0,5.21,83,0.8387,0.88904,233,3
B_cldice_s1,B_cldice,13_h,0.0,10.42,167,0.8387,0.88904,233,3
B_cldice_s1,B_cldice,13_h,2.08,0.0,0,0.8409,0.89334,108,9
B_cldice_s1,B_cldice,13_h,2.08,0.21,3,0.84088,0.89368,108,2
B_cldice_s1,B_cldice,13_h,2.08,0.52,8,0.84092,0.89363,108,0
B_cldice_s1,B_cldice,13_h,2.08,1.04,17,0.84084,0.89401,108,3
B_cldice_s1,B_cldice,13_h,2.08,2.08,33,0.84084,0.89401,108,3
B_cldice_s1,B_cldice,13_h,2.08,5.21,83,0.84071,0.8939,108,3
B_cldice_s1,B_cldice,13_h,2.08,10.42,167,0.84071,0.8939,108,3
B_cldice_s1,B_cldice,14_dr,0.0,0.0,0,0.76342,0.78686,183,103
B_cldice_s1,B_cldice,14_dr,0.0,0.21,3,0.76342,0.78708,183,115
B_cldice_s1,B_cldice,14_dr,0.0,0.52,8,0.76343,0.78712,183,121
B_cldice_s1,B_cldice,14_dr,0.0,1.04,17,0.76353,0.78701,183,126
B_cldice_s1,B_cldice,14_dr,0.0,2.08,33,0.76353,0.78701,183,126
B_cldice_s1,B_cldice,14_dr,0.0,5.21,83,0.76327,0.78669,183,131
B_cldice_s1,B_cldice,14_dr,0.0,10.42,167,0.76295,0.78502,183,137
B_cldice_s1,B_cldice,14_dr,2.08,0.0,0,0.765,0.78975,47,104
B_cldice_s1,B_cldice,14_dr,2.08,0.21,3,0.76501,0.78994,47,115
B_cldice_s1,B_cldice,14_dr,2.08,0.52,8,0.76501,0.78999,47,121
B_cldice_s1,B_cldice,14_dr,2.08,1.04,17,0.76512,0.7899,47,126
B_cldice_s1,B_cldice,14_dr,2.08,2.08,33,0.76512,0.7899,47,126
B_cldice_s1,B_cldice,14_dr,2.08,5.21,83,0.76485,0.7896,47,131
B_cldice_s1,B_cldice,14_dr,2.08,10.42,167,0.76453,0.78797,47,137
B_cldice_s1,B_cldice,14_g,0.0,0.0,0,0.76323,0.79567,190,101
B_cldice_s1,B_cldice,14_g,0.0,0.21,3,0.76323,0.79568,190,103
B_cldice_s1,B_cldice,14_g,0.0,0.52,8,0.76322,0.7957,190,106
B_cldice_s1,B_cldice,14_g,0.0,1.04,17,0.76322,0.7957,190,106
B_cldice_s1,B_cldice,14_g,0.0,2.08,33,0.76317,0.79577,190,107
B_cldice_s1,B_cldice,14_g,0.0,5.21,83,0.76269,0.79483,190,110
B_cldice_s1,B_cldice,14_g,0.0,10.42,167,0.76242,0.79428,190,111
B_cldice_s1,B_cldice,14_g,2.08,0.0,0,0.76408,0.79614,102,101
B_cldice_s1,B_cldice,14_g,2.08,0.21,3,0.76409,0.79615,102,103
B_cldice_s1,B_cldice,14_g,2.08,0.52,8,0.76408,0.79617,102,106
B_cldice_s1,B_cldice,14_g,2.08,1.04,17,0.76408,0.79617,102,106
B_cldice_s1,B_cldice,14_g,2.08,2.08,33,0.76402,0.79624,102,107
B_cldice_s1,B_cldice,14_g,2.08,5.21,83,0.76354,0.79531,102,110
B_cldice_s1,B_cldice,14_g,2.08,10.42,167,0.76327,0.79476,102,111
B_cldice_s1,B_cldice,14_h,0.0,0.0,0,0.84257,0.89822,224,1
B_cldice_s1,B_cldice,14_h,0.0,0.21,3,0.84258,0.89829,224,8
B_cldice_s1,B_cldice,14_h,0.0,0.52,8,0.84259,0.89823,224,10
B_cldice_s1,B_cldice,14_h,0.0,1.04,17,0.84257,0.89819,224,10
B_cldice_s1,B_cldice,14_h,0.0,2.08,33,0.84257,0.89819,224,10
B_cldice_s1,B_cldice,14_h,0.0,5.21,83,0.84248,0.89761,224,11
B_cldice_s1,B_cldice,14_h,0.0,10.42,167,0.84232,0.89727,224,12
B_cldice_s1,B_cldice,14_h,2.08,0.0,0,0.84508,0.90395,106,1
B_cldice_s1,B_cldice,14_h,2.08,0.21,3,0.84509,0.90402,106,8
B_cldice_s1,B_cldice,14_h,2.08,0.52,8,0.8451,0.90398,106,10
B_cldice_s1,B_cldice,14_h,2.08,1.04,17,0.84508,0.90393,106,10
B_cldice_s1,B_cldice,14_h,2.08,2.08,33,0.84508,0.90393,106,10
B_cldice_s1,B_cldice,14_h,2.08,5.21,83,0.84498,0.90336,106,11
B_cldice_s1,B_cldice,14_h,2.08,10.42,167,0.84483,0.90303,106,12
B_cldice_s1,B_cldice,15_dr,0.0,0.0,0,0.72782,0.74942,326,10
B_cldice_s1,B_cldice,15_dr,0.0,0.21,3,0.72782,0.7497,326,4
B_cldice_s1,B_cldice,15_dr,0.0,0.52,8,0.72787,0.74973,326,10
B_cldice_s1,B_cldice,15_dr,0.0,1.04,17,0.72795,0.74955,326,16
B_cldice_s1,B_cldice,15_dr,0.0,2.08,33,0.728,0.74971,326,20
B_cldice_s1,B_cldice,15_dr,0.0,5.21,83,0.72829,0.75047,326,26
B_cldice_s1,B_cldice,15_dr,0.0,10.42,167,0.72811,0.74978,326,29
B_cldice_s1,B_cldice,15_dr,2.08,0.0,0,0.73034,0.7544,170,10
B_cldice_s1,B_cldice,15_dr,2.08,0.21,3,0.73034,0.75469,170,4
B_cldice_s1,B_cldice,15_dr,2.08,0.52,8,0.73039,0.75474,170,10
B_cldice_s1,B_cldice,15_dr,2.08,1.04,17,0.73047,0.75457,170,16
B_cldice_s1,B_cldice,15_dr,2.08,2.08,33,0.73052,0.75475,170,20
B_cldice_s1,B_cldice,15_dr,2.08,5.21,83,0.73081,0.75553,170,26
B_cldice_s1,B_cldice,15_dr,2.08,10.42,167,0.73062,0.75487,170,29
B_cldice_s1,B_cldice,15_g,0.0,0.0,0,0.77948,0.79251,126,57
B_cldice_s1,B_cldice,15_g,0.0,0.21,3,0.77949,0.7925,126,58
B_cldice_s1,B_cldice,15_g,0.0,0.52,8,0.77949,0.7925,126,58
B_cldice_s1,B_cldice,15_g,0.0,1.04,17,0.77949,0.79239,126,59
B_cldice_s1,B_cldice,15_g,0.0,2.08,33,0.77956,0.79246,126,60
B_cldice_s1,B_cldice,15_g,0.0,5.21,83,0.77956,0.79246,126,60
B_cldice_s1,B_cldice,15_g,0.0,10.42,167,0.77936,0.79229,126,61
B_cldice_s1,B_cldice,15_g,2.08,0.0,0,0.78005,0.79286,74,57
B_cldice_s1,B_cldice,15_g,2.08,0.21,3,0.78005,0.79285,74,58
B_cldice_s1,B_cldice,15_g,2.08,0.52,8,0.78005,0.79285,74,58
B_cldice_s1,B_cldice,15_g,2.08,1.04,17,0.78005,0.79274,74,59
B_cldice_s1,B_cldice,15_g,2.08,2.08,33,0.78013,0.79281,74,60
B_cldice_s1,B_cldice,15_g,2.08,5.21,83,0.78013,0.79281,74,60
B_cldice_s1,B_cldice,15_g,2.08,10.42,167,0.77992,0.79265,74,61
B_cldice_s1,B_cldice,15_h,0.0,0.0,0,0.85285,0.91312,141,3
B_cldice_s1,B_cldice,15_h,0.0,0.21,3,0.85285,0.91311,141,4
B_cldice_s1,B_cldice,15_h,0.0,0.52,8,0.85293,0.91314,141,8
B_cldice_s1,B_cldice,15_h,0.0,1.04,17,0.85297,0.91317,141,9
B_cldice_s1,B_cldice,15_h,0.0,2.08,33,0.85306,0.91329,141,10
B_cldice_s1,B_cldice,15_h,0.0,5.21,83,0.85276,0.91318,141,11
B_cldice_s1,B_cldice,15_h,0.0,10.42,167,0.85276,0.91318,141,11
B_cldice_s1,B_cldice,15_h,2.08,0.0,0,0.85471,0.91707,81,3
B_cldice_s1,B_cldice,15_h,2.08,0.21,3,0.85472,0.91706,81,4
B_cldice_s1,B_cldice,15_h,2.08,0.52,8,0.8548,0.9171,81,8
B_cldice_s1,B_cldice,15_h,2.08,1.04,17,0.85483,0.91714,81,9
B_cldice_s1,B_cldice,15_h,2.08,2.08,33,0.85493,0.91726,81,10
B_cldice_s1,B_cldice,15_h,2.08,5.21,83,0.85462,0.91715,81,11
B_cldice_s1,B_cldice,15_h,2.08,10.42,167,0.85462,0.91715,81,11
E_cbdice_s1,E_cbdice,11_dr,0.0,0.0,0,0.81695,0.83238,180,47
E_cbdice_s1,E_cbdice,11_dr,0.0,0.21,3,0.81695,0.8325,180,53
E_cbdice_s1,E_cbdice,11_dr,0.0,0.52,8,0.81699,0.83226,180,58
E_cbdice_s1,E_cbdice,11_dr,0.0,1.04,17,0.81707,0.8322,180,61
E_cbdice_s1,E_cbdice,11_dr,0.0,2.08,33,0.81713,0.83199,180,64
E_cbdice_s1,E_cbdice,11_dr,0.0,5.21,83,0.81732,0.83183,180,66
E_cbdice_s1,E_cbdice,11_dr,0.0,10.42,167,0.81732,0.83183,180,66
E_cbdice_s1,E_cbdice,11_dr,2.08,0.0,0,0.81773,0.83525,30,47
E_cbdice_s1,E_cbdice,11_dr,2.08,0.21,3,0.81773,0.83538,30,53
E_cbdice_s1,E_cbdice,11_dr,2.08,0.52,8,0.81777,0.83514,30,58
E_cbdice_s1,E_cbdice,11_dr,2.08,1.04,17,0.81785,0.83511,30,61
E_cbdice_s1,E_cbdice,11_dr,2.08,2.08,33,0.8179,0.83491,30,64
E_cbdice_s1,E_cbdice,11_dr,2.08,5.21,83,0.8181,0.83476,30,66
E_cbdice_s1,E_cbdice,11_dr,2.08,10.42,167,0.8181,0.83476,30,66
E_cbdice_s1,E_cbdice,11_g,0.0,0.0,0,0.81359,0.82385,137,61
E_cbdice_s1,E_cbdice,11_g,0.0,0.21,3,0.81359,0.82385,137,63
E_cbdice_s1,E_cbdice,11_g,0.0,0.52,8,0.81359,0.82385,137,63
E_cbdice_s1,E_cbdice,11_g,0.0,1.04,17,0.81363,0.82385,137,63
E_cbdice_s1,E_cbdice,11_g,0.0,2.08,33,0.81363,0.82385,137,63
E_cbdice_s1,E_cbdice,11_g,0.0,5.21,83,0.81363,0.82385,137,63
E_cbdice_s1,E_cbdice,11_g,0.0,10.42,167,0.81347,0.82258,137,67
E_cbdice_s1,E_cbdice,11_g,2.08,0.0,0,0.81373,0.82474,10,61
E_cbdice_s1,E_cbdice,11_g,2.08,0.21,3,0.81373,0.82474,10,63
E_cbdice_s1,E_cbdice,11_g,2.08,0.52,8,0.81373,0.82474,10,63
E_cbdice_s1,E_cbdice,11_g,2.08,1.04,17,0.81378,0.82474,10,63
E_cbdice_s1,E_cbdice,11_g,2.08,2.08,33,0.81378,0.82474,10,63
E_cbdice_s1,E_cbdice,11_g,2.08,5.21,83,0.81378,0.82474,10,63
E_cbdice_s1,E_cbdice,11_g,2.08,10.42,167,0.81361,0.82349,10,67
E_cbdice_s1,E_cbdice,11_h,0.0,0.0,0,0.86373,0.89178,290,5
E_cbdice_s1,E_cbdice,11_h,0.0,0.21,3,0.86373,0.89181,290,6
E_cbdice_s1,E_cbdice,11_h,0.0,0.52,8,0.86375,0.89177,290,8
E_cbdice_s1,E_cbdice,11_h,0.0,1.04,17,0.86375,0.89177,290,8
E_cbdice_s1,E_cbdice,11_h,0.0,2.08,33,0.86369,0.89176,290,9
E_cbdice_s1,E_cbdice,11_h,0.0,5.21,83,0.86369,0.89176,290,9
E_cbdice_s1,E_cbdice,11_h,0.0,10.42,167,0.86344,0.89145,290,9
E_cbdice_s1,E_cbdice,11_h,2.08,0.0,0,0.86633,0.90252,72,5
E_cbdice_s1,E_cbdice,11_h,2.08,0.21,3,0.86633,0.90255,72,6
E_cbdice_s1,E_cbdice,11_h,2.08,0.52,8,0.86635,0.90252,72,8
E_cbdice_s1,E_cbdice,11_h,2.08,1.04,17,0.86635,0.90252,72,8
E_cbdice_s1,E_cbdice,11_h,2.08,2.08,33,0.8663,0.90252,72,9
E_cbdice_s1,E_cbdice,11_h,2.08,5.21,83,0.8663,0.90252,72,9
E_cbdice_s1,E_cbdice,11_h,2.08,10.42,167,0.86604,0.90221,72,9
E_cbdice_s1,E_cbdice,12_dr,0.0,0.0,0,0.76884,0.74872,206,115
E_cbdice_s1,E_cbdice,12_dr,0.0,0.21,3,0.76883,0.74877,206,118
E_cbdice_s1,E_cbdice,12_dr,0.0,0.52,8,0.76883,0.74877,206,118
E_cbdice_s1,E_cbdice,12_dr,0.0,1.04,17,0.76884,0.7488,206,120
E_cbdice_s1,E_cbdice,12_dr,0.0,2.08,33,0.76889,0.74877,206,124
E_cbdice_s1,E_cbdice,12_dr,0.0,5.21,83,0.76889,0.74877,206,124
E_cbdice_s1,E_cbdice,12_dr,0.0,10.42,167,0.76889,0.74877,206,124
E_cbdice_s1,E_cbdice,12_dr,2.08,0.0,0,0.76975,0.75173,1,115
E_cbdice_s1,E_cbdice,12_dr,2.08,0.21,3,0.76975,0.75178,1,118
E_cbdice_s1,E_cbdice,12_dr,2.08,0.52,8,0.76975,0.75178,1,118
E_cbdice_s1,E_cbdice,12_dr,2.08,1.04,17,0.76975,0.75182,1,120
E_cbdice_s1,E_cbdice,12_dr,2.08,2.08,33,0.7698,0.75181,1,124
E_cbdice_s1,E_cbdice,12_dr,2.08,5.21,83,0.7698,0.75181,1,124
E_cbdice_s1,E_cbdice,12_dr,2.08,10.42,167,0.7698,0.75181,1,124
E_cbdice_s1,E_cbdice,12_g,0.0,0.0,0,0.81408,0.81718,208,52
E_cbdice_s1,E_cbdice,12_g,0.0,0.21,3,0.81407,0.81728,208,56
E_cbdice_s1,E_cbdice,12_g,0.0,0.52,8,0.81406,0.81728,208,56
E_cbdice_s1,E_cbdice,12_g,0.0,1.04,17,0.8141,0.81727,208,57
E_cbdice_s1,E_cbdice,12_g,0.0,2.08,33,0.81412,0.81722,208,58
E_cbdice_s1,E_cbdice,12_g,0.0,5.21,83,0.81395,0.81686,208,60
E_cbdice_s1,E_cbdice,12_g,0.0,10.42,167,0.81371,0.81669,208,60
E_cbdice_s1,E_cbdice,12_g,2.08,0.0,0,0.81425,0.81795,79,52
E_cbdice_s1,E_cbdice,12_g,2.08,0.21,3,0.81424,0.81805,79,56
E_cbdice_s1,E_cbdice,12_g,2.08,0.52,8,0.81423,0.81805,79,56
E_cbdice_s1,E_cbdice,12_g,2.08,1.04,17,0.81427,0.81804,79,57
E_cbdice_s1,E_cbdice,12_g,2.08,2.08,33,0.81429,0.81799,79,58
E_cbdice_s1,E_cbdice,12_g,2.08,5.21,83,0.81413,0.81765,79,60
E_cbdice_s1,E_cbdice,12_g,2.08,10.42,167,0.81388,0.81748,79,60
E_cbdice_s1,E_cbdice,12_h,0.0,0.0,0,0.87116,0.90013,296,8
E_cbdice_s1,E_cbdice,12_h,0.0,0.21,3,0.87116,0.90025,296,3
E_cbdice_s1,E_cbdice,12_h,0.0,0.52,8,0.87116,0.90025,296,3
E_cbdice_s1,E_cbdice,12_h,0.0,1.04,17,0.87118,0.90027,296,2
E_cbdice_s1,E_cbdice,12_h,0.0,2.08,33,0.87124,0.90032,296,2
E_cbdice_s1,E_cbdice,12_h,0.0,5.21,83,0.87125,0.90045,296,0
E_cbdice_s1,E_cbdice,12_h,0.0,10.42,167,0.87125,0.90045,296,0
E_cbdice_s1,E_cbdice,12_h,2.08,0.0,0,0.87378,0.91223,68,8
E_cbdice_s1,E_cbdice,12_h,2.08,0.21,3,0.87378,0.91235,68,3
E_cbdice_s1,E_cbdice,12_h,2.08,0.52,8,0.87378,0.91235,68,3
E_cbdice_s1,E_cbdice,12_h,2.08,1.04,17,0.8738,0.91238,68,2
E_cbdice_s1,E_cbdice,12_h,2.08,2.08,33,0.87386,0.91243,68,2
E_cbdice_s1,E_cbdice,12_h,2.08,5.21,83,0.87387,0.91258,68,0
E_cbdice_s1,E_cbdice,12_h,2.08,10.42,167,0.87387,0.91258,68,0
E_cbdice_s1,E_cbdice,13_dr,0.0,0.0,0,0.79564,0.76741,210,44
E_cbdice_s1,E_cbdice,13_dr,0.0,0.21,3,0.79564,0.76745,210,47
E_cbdice_s1,E_cbdice,13_dr,0.0,0.52,8,0.79568,0.76744,210,49
E_cbdice_s1,E_cbdice,13_dr,0.0,1.04,17,0.79568,0.76744,210,49
E_cbdice_s1,E_cbdice,13_dr,0.0,2.08,33,0.79582,0.76736,210,51
E_cbdice_s1,E_cbdice,13_dr,0.0,5.21,83,0.79558,0.76596,210,55
E_cbdice_s1,E_cbdice,13_dr,0.0,10.42,167,0.79558,0.76596,210,55
E_cbdice_s1,E_cbdice,13_dr,2.08,0.0,0,0.79581,0.76795,63,44
E_cbdice_s1,E_cbdice,13_dr,2.08,0.21,3,0.79581,0.76799,63,47
E_cbdice_s1,E_cbdice,13_dr,2.08,0.52,8,0.79585,0.76798,63,49
E_cbdice_s1,E_cbdice,13_dr,2.08,1.04,17,0.79585,0.76798,63,49
E_cbdice_s1,E_cbdice,13_dr,2.08,2.08,33,0.79599,0.76791,63,51
E_cbdice_s1,E_cbdice,13_dr,2.08,5.21,83,0.79575,0.76654,63,55
E_cbdice_s1,E_cbdice,13_dr,2.08,10.42,167,0.79575,0.76654,63,55
E_cbdice_s1,E_cbdice,13_g,0.0,0.0,0,0.78171,0.80302,220,84
E_cbdice_s1,E_cbdice,13_g,0.0,0.21,3,0.78171,0.80312,220,85
E_cbdice_s1,E_cbdice,13_g,0.0,0.52,8,0.78172,0.80298,220,87
E_cbdice_s1,E_cbdice,13_g,0.0,1.04,17,0.78175,0.803,220,88
E_cbdice_s1,E_cbdice,13_g,0.0,2.08,33,0.78175,0.803,220,88
E_cbdice_s1,E_cbdice,13_g,0.0,5.21,83,0.78162,0.80282,220,89
E_cbdice_s1,E_cbdice,13_g,0.0,10.42,167,0.78178,0.80247,220,91
E_cbdice_s1,E_cbdice,13_g,2.08,0.0,0,0.78241,0.80551,44,84
E_cbdice_s1,E_cbdice,13_g,2.08,0.21,3,0.78241,0.80562,44,85
E_cbdice_s1,E_cbdice,13_g,2.08,0.52,8,0.78242,0.80549,44,87
E_cbdice_s1,E_cbdice,13_g,2.08,1.04,17,0.78246,0.80551,44,88
E_cbdice_s1,E_cbdice,13_g,2.08,2.08,33,0.78246,0.80551,44,88
E_cbdice_s1,E_cbdice,13_g,2.08,5.21,83,0.78232,0.80534,44,89
E_cbdice_s1,E_cbdice,13_g,2.08,10.42,167,0.78249,0.80501,44,91
E_cbdice_s1,E_cbdice,13_h,0.0,0.0,0,0.84522,0.87929,299,7
E_cbdice_s1,E_cbdice,13_h,0.0,0.21,3,0.84523,0.87931,299,1
E_cbdice_s1,E_cbdice,13_h,0.0,0.52,8,0.84523,0.8794,299,1
E_cbdice_s1,E_cbdice,13_h,0.0,1.04,17,0.84527,0.87936,299,2
E_cbdice_s1,E_cbdice,13_h,0.0,2.08,33,0.84524,0.87946,299,3
E_cbdice_s1,E_cbdice,13_h,0.0,5.21,83,0.84522,0.87945,299,4
E_cbdice_s1,E_cbdice,13_h,0.0,10.42,167,0.84496,0.87881,299,5
E_cbdice_s1,E_cbdice,13_h,2.08,0.0,0,0.84824,0.89056,85,7
E_cbdice_s1,E_cbdice,13_h,2.08,0.21,3,0.84825,0.89058,85,1
E_cbdice_s1,E_cbdice,13_h,2.08,0.52,8,0.84825,0.89068,85,1
E_cbdice_s1,E_cbdice,13_h,2.08,1.04,17,0.84829,0.89065,85,2
E_cbdice_s1,E_cbdice,13_h,2.08,2.08,33,0.84826,0.89076,85,3
E_cbdice_s1,E_cbdice,13_h,2.08,5.21,83,0.84824,0.89076,85,4
E_cbdice_s1,E_cbdice,13_h,2.08,10.42,167,0.84797,0.89013,85,5
E_cbdice_s1,E_cbdice,14_dr,0.0,0.0,0,0.77328,0.76329,256,122
E_cbdice_s1,E_cbdice,14_dr,0.0,0.21,3,0.7733,0.76335,256,130
E_cbdice_s1,E_cbdice,14_dr,0.0,0.52,8,0.77329,0.76328,256,131
E_cbdice_s1,E_cbdice,14_dr,0.0,1.04,17,0.77333,0.76326,256,132
E_cbdice_s1,E_cbdice,14_dr,0.0,2.08,33,0.77335,0.76328,256,134
E_cbdice_s1,E_cbdice,14_dr,0.0,5.21,83,0.77334,0.76334,256,137
E_cbdice_s1,E_cbdice,14_dr,0.0,10.42,167,0.77329,0.76225,255,142
E_cbdice_s1,E_cbdice,14_dr,2.08,0.0,0,0.7743,0.76649,26,122
E_cbdice_s1,E_cbdice,14_dr,2.08,0.21,3,0.77432,0.76655,26,130
E_cbdice_s1,E_cbdice,14_dr,2.08,0.52,8,0.77431,0.76648,26,131
E_cbdice_s1,E_cbdice,14_dr,2.08,1.04,17,0.77435,0.76647,26,132
E_cbdice_s1,E_cbdice,14_dr,2.08,2.08,33,0.77437,0.76651,26,134
E_cbdice_s1,E_cbdice,14_dr,2.08,5.21,83,0.77437,0.76658,26,137
E_cbdice_s1,E_cbdice,14_dr,2.08,10.42,167,0.77432,0.76558,26,142
E_cbdice_s1,E_cbdice,14_g,0.0,0.0,0,0.77,0.77883,261,99
E_cbdice_s1,E_cbdice,14_g,0.0,0.21,3,0.77,0.77883,261,101
E_cbdice_s1,E_cbdice,14_g,0.0,0.52,8,0.77003,0.77876,261,103
E_cbdice_s1,E_cbdice,14_g,0.0,1.04,17,0.77003,0.77876,261,103
E_cbdice_s1,E_cbdice,14_g,0.0,2.08,33,0.76997,0.77859,261,104
E_cbdice_s1,E_cbdice,14_g,0.0,5.21,83,0.76947,0.77805,261,107
E_cbdice_s1,E_cbdice,14_g,0.0,10.42,167,0.76917,0.77744,261,108
E_cbdice_s1,E_cbdice,14_g,2.08,0.0,0,0.7709,0.78195,85,99
E_cbdice_s1,E_cbdice,14_g,2.08,0.21,3,0.77091,0.78196,85,101
E_cbdice_s1,E_cbdice,14_g,2.08,0.52,8,0.77094,0.78189,85,103
E_cbdice_s1,E_cbdice,14_g,2.08,1.04,17,0.77094,0.78189,85,103
E_cbdice_s1,E_cbdice,14_g,2.08,2.08,33,0.77087,0.78172,85,104
E_cbdice_s1,E_cbdice,14_g,2.08,5.21,83,0.77037,0.78119,85,107
E_cbdice_s1,E_cbdice,14_g,2.08,10.42,167,0.77007,0.78058,85,108
E_cbdice_s1,E_cbdice,14_h,0.0,0.0,0,0.84871,0.89205,263,6
E_cbdice_s1,E_cbdice,14_h,0.0,0.21,3,0.8487,0.89217,263,9
E_cbdice_s1,E_cbdice,14_h,0.0,0.52,8,0.84868,0.89214,263,10
E_cbdice_s1,E_cbdice,14_h,0.0,1.04,17,0.84868,0.89214,263,10
E_cbdice_s1,E_cbdice,14_h,0.0,2.08,33,0.84868,0.89214,263,10
E_cbdice_s1,E_cbdice,14_h,0.0,5.21,83,0.84838,0.89129,263,12
E_cbdice_s1,E_cbdice,14_h,0.0,10.42,167,0.84838,0.89129,263,12
E_cbdice_s1,E_cbdice,14_h,2.08,0.0,0,0.85097,0.90105,76,6
E_cbdice_s1,E_cbdice,14_h,2.08,0.21,3,0.85097,0.90118,76,9
E_cbdice_s1,E_cbdice,14_h,2.08,0.52,8,0.85094,0.90116,76,10
E_cbdice_s1,E_cbdice,14_h,2.08,1.04,17,0.85094,0.90116,76,10
E_cbdice_s1,E_cbdice,14_h,2.08,2.08,33,0.85094,0.90116,76,10
E_cbdice_s1,E_cbdice,14_h,2.08,5.21,83,0.85065,0.90032,76,12
E_cbdice_s1,E_cbdice,14_h,2.08,10.42,167,0.85065,0.90032,76,12
E_cbdice_s1,E_cbdice,15_dr,0.0,0.0,0,0.73825,0.72715,450,24
E_cbdice_s1,E_cbdice,15_dr,0.0,0.21,3,0.73826,0.72767,450,3
E_cbdice_s1,E_cbdice,15_dr,0.0,0.52,8,0.7382,0.72853,450,16
E_cbdice_s1,E_cbdice,15_dr,0.0,1.04,17,0.73821,0.72876,450,21
E_cbdice_s1,E_cbdice,15_dr,0.0,2.08,33,0.73834,0.72912,450,24
E_cbdice_s1,E_cbdice,15_dr,0.0,5.21,83,0.73857,0.72909,450,29
E_cbdice_s1,E_cbdice,15_dr,0.0,10.42,167,0.73771,0.72974,450,32
E_cbdice_s1,E_cbdice,15_dr,2.08,0.0,0,0.7427,0.73943,136,23
E_cbdice_s1,E_cbdice,15_dr,2.08,0.21,3,0.74271,0.73999,136,3
E_cbdice_s1,E_cbdice,15_dr,2.08,0.52,8,0.74265,0.74092,136,16
E_cbdice_s1,E_cbdice,15_dr,2.08,1.04,17,0.74265,0.74118,136,21
E_cbdice_s1,E_cbdice,15_dr,2.08,2.08,33,0.74279,0.74157,136,24
E_cbdice_s1,E_cbdice,15_dr,2.08,5.21,83,0.74301,0.7416,136,29
E_cbdice_s1,E_cbdice,15_dr,2.08,10.42,167,0.74215,0.7423,136,32
E_cbdice_s1,E_cbdice,15_g,0.0,0.0,0,0.78822,0.7788,156,56
E_cbdice_s1,E_cbdice,15_g,0.0,0.21,3,0.78822,0.7788,156,56
E_cbdice_s1,E_cbdice,15_g,0.0,0.52,8,0.78824,0.77869,156,57
E_cbdice_s1,E_cbdice,15_g,0.0,1.04,17,0.78822,0.77866,156,58
E_cbdice_s1,E_cbdice,15_g,0.0,2.08,33,0.78822,0.77866,156,58
E_cbdice_s1,E_cbdice,15_g,0.0,5.21,83,0.78822,0.77866,156,58
E_cbdice_s1,E_cbdice,15_g,0.0,10.42,167,0.788,0.77845,156,59
E_cbdice_s1,E_cbdice,15_g,2.08,0.0,0,0.78864,0.78028,60,56
E_cbdice_s1,E_cbdice,15_g,2.08,0.21,3,0.78864,0.78028,60,56
E_cbdice_s1,E_cbdice,15_g,2.08,0.52,8,0.78866,0.78017,60,57
E_cbdice_s1,E_cbdice,15_g,2.08,1.04,17,0.78864,0.78015,60,58
E_cbdice_s1,E_cbdice,15_g,2.08,2.08,33,0.78864,0.78015,60,58
E_cbdice_s1,E_cbdice,15_g,2.08,5.21,83,0.78864,0.78015,60,58
E_cbdice_s1,E_cbdice,15_g,2.08,10.42,167,0.78842,0.77994,60,59
E_cbdice_s1,E_cbdice,15_h,0.0,0.0,0,0.85661,0.90656,198,11
E_cbdice_s1,E_cbdice,15_h,0.0,0.21,3,0.85661,0.90656,198,11
E_cbdice_s1,E_cbdice,15_h,0.0,0.52,8,0.85663,0.90661,198,12
E_cbdice_s1,E_cbdice,15_h,0.0,1.04,17,0.85663,0.90661,198,12
E_cbdice_s1,E_cbdice,15_h,0.0,2.08,33,0.85671,0.90669,198,13
E_cbdice_s1,E_cbdice,15_h,0.0,5.21,83,0.85651,0.90651,198,13
E_cbdice_s1,E_cbdice,15_h,0.0,10.42,167,0.85644,0.90616,198,14
E_cbdice_s1,E_cbdice,15_h,2.08,0.0,0,0.85816,0.91358,67,11
E_cbdice_s1,E_cbdice,15_h,2.08,0.21,3,0.85816,0.91358,67,11
E_cbdice_s1,E_cbdice,15_h,2.08,0.52,8,0.85819,0.91364,67,12
E_cbdice_s1,E_cbdice,15_h,2.08,1.04,17,0.85819,0.91364,67,12
E_cbdice_s1,E_cbdice,15_h,2.08,2.08,33,0.85826,0.91372,67,13
E_cbdice_s1,E_cbdice,15_h,2.08,5.21,83,0.85806,0.91355,67,13
E_cbdice_s1,E_cbdice,15_h,2.08,10.42,167,0.85799,0.9132,67,14
