method,image,dice,cldice,betti0_err,betti1_err,b0_pred,b0_gt,hd95
frangi_s1-3_f0.08,21,0.5580143267783,0.6190366614191339,703,12,722,19,18.601075237738275
frangi_s1-3_f0.1,21,0.5852183926955663,0.6265518986879113,1181,2,1200,19,18.027756377319946
frangi_s1-3_f0.12,21,0.5808202766702233,0.591374870296276,1859,2,1878,19,18.35755975068582
frangi_s1-3_f0.14,21,0.5635660912136048,0.5457624785948901,2640,7,2659,19,18.439088914585774
frangi_s1-5_f0.08,21,0.5580143267783,0.6190366614191339,703,12,722,19,18.601075237738275
frangi_s1-5_f0.1,21,0.5852183926955663,0.6265518986879113,1181,2,1200,19,18.027756377319946
frangi_s1-5_f0.12,21,0.5808202766702233,0.591374870296276,1859,2,1878,19,18.35755975068582
frangi_s1-5_f0.14,21,0.5635660912136048,0.5457624785948901,2640,7,2659,19,18.439088914585774
frangi_s1-7_f0.08,21,0.5632157685814665,0.615365252655235,773,0,792,19,18.24828759089466
frangi_s1-7_f0.1,21,0.5844369499054043,0.616248625085843,1331,36,1350,19,18.0
frangi_s1-7_f0.12,21,0.57610303064338,0.582307257957282,2059,44,2078,19,18.24828759089466
frangi_s1-7_f0.14,21,0.558756334278107,0.5374722283884946,2802,36,2821,19,18.384776310850235
sato_s1-3_f0.08,21,0.45193229000319385,0.47579211506156543,122,48,141,19,37.938097375967835
sato_s1-3_f0.1,21,0.5442543390639137,0.5741692609370971,133,48,152,19,27.459060435491963
sato_s1-3_f0.12,21,0.6039198068175436,0.6443927410372925,193,41,212,19,23.323807579381203
sato_s1-3_f0.14,21,0.6328609464914541,0.6765164525058276,338,29,357,19,20.248456731316587
sato_s1-5_f0.08,21,0.3420176118994388,0.3504781966430283,56,48,75,19,49.16805933738011
sato_s1-5_f0.1,21,0.44311919058978366,0.45483736672067504,114,46,133,19,39.429045661361826
sato_s1-5_f0.12,21,0.520432039834522,0.5468966083768149,128,40,147,19,30.62350924409358
sato_s1-5_f0.14,21,0.5692347333161556,0.6084152559001497,147,35,166,19,26.0
sato_s1-7_f0.08,21,0.28854314002828857,0.2875579935646483,48,45,67,19,60.00958249437767
sato_s1-7_f0.1,21,0.39417619478489757,0.3840769830426072,99,46,118,19,42.01190307520001
sato_s1-7_f0.12,21,0.469964995039404,0.47567535933104577,150,41,169,19,34.0
sato_s1-7_f0.14,21,0.5147470583183028,0.5451352021857205,162,40,181,19,29.68164415931166
meijering_s1-3_f0.08,21,0.4560843181092303,0.5025159186544265,230,50,249,19,28.42973693199179
meijering_s1-3_f0.1,21,0.5484905815579502,0.6030650818935881,301,46,320,19,23.769728648009426
meijering_s1-3_f0.12,21,0.6005129069092678,0.6506212029618161,529,42,548,19,20.396078054371138
meijering_s1-3_f0.14,21,0.619805891952246,0.6542032078374649,983,37,1002,19,19.4164878389476
meijering_s1-5_f0.08,21,0.33594926312907786,0.36582708259070207,122,48,141,19,42.419331870638985
meijering_s1-5_f0.1,21,0.4445175618984947,0.47442162720281794,187,47,206,19,31.622776601683793
meijering_s1-5_f0.12,21,0.5224911551636997,0.5688255135224811,242,43,261,19,26.419689627245813
meijering_s1-5_f0.14,21,0.5702310401099373,0.6226035783311626,420,40,439,19,23.021728866442675
meijering_s1-7_f0.08,21,0.27389697495095133,0.27273509184648,94,21,113,19,50.32891812864648
meijering_s1-7_f0.1,21,0.3832771242905322,0.39354453296037745,175,43,194,19,37.48332962798263
meijering_s1-7_f0.12,21,0.4564497107878924,0.48150642915478603,247,40,266,19,30.083217912982647
meijering_s1-7_f0.14,21,0.49963067937816713,0.5504787933449987,283,41,302,19,26.866333489579592
otsu,21,0.19740202065060508,0.20776551004414642,266,19,285,19,50.32891812864648
frangi_s1-3_f0.08,22,0.5421328133018577,0.5896584998983642,539,10,541,2,16.140004959000304
frangi_s1-3_f0.1,22,0.5906700847663778,0.6267864209208256,970,2,972,2,13.038404810405298
frangi_s1-3_f0.12,22,0.5987484527575299,0.6090440026264138,1617,15,1619,2,12.806248474865697
frangi_s1-3_f0.14,22,0.5880688141953128,0.5752656445644034,2297,16,2299,2,13.038404810405298
frangi_s1-5_f0.08,22,0.5421328133018577,0.5896584998983642,539,10,541,2,16.140004959000304
frangi_s1-5_f0.1,22,0.5906700847663778,0.6267864209208256,970,2,972,2,13.038404810405298
frangi_s1-5_f0.12,22,0.5987484527575299,0.6090440026264138,1617,15,1619,2,12.806248474865697
frangi_s1-5_f0.14,22,0.5880688141953128,0.5752656445644034,2297,16,2299,2,13.038404810405298
frangi_s1-7_f0.08,22,0.5507954428820692,0.5930337135497161,573,17,575,2,15.556349186104045
frangi_s1-7_f0.1,22,0.5948241986489774,0.6225511691346306,1086,26,1088,2,12.806248474865697
frangi_s1-7_f0.12,22,0.5986453032595241,0.6023036050665594,1770,20,1772,2,12.806248474865697
frangi_s1-7_f0.14,22,0.586606035551881,0.5707056192305465,2430,28,2432,2,13.038404810405298
sato_s1-3_f0.08,22,0.4589551472852304,0.4538241613468932,111,52,113,2,34.22279642353804
sato_s1-3_f0.1,22,0.5518983551954492,0.5403889553333588,164,49,166,2,25.96150997149434
sato_s1-3_f0.12,22,0.6168339980745428,0.611252885675161,203,41,205,2,22.561028345356956
sato_s1-3_f0.14,22,0.6516996851845963,0.6530234302052492,301,30,303,2,17.88854381999832
sato_s1-5_f0.08,22,0.3951144411372267,0.38828408648626306,106,53,108,2,37.73592452822641
sato_s1-5_f0.1,22,0.48793997118317395,0.47009173721953856,115,49,117,2,31.953090617340916
sato_s1-5_f0.12,22,0.5569041397331866,0.5384619109186477,158,45,160,2,26.1725046566048
sato_s1-5_f0.14,22,0.6000572391643082,0.5935987488020456,194,37,196,2,23.53720459187964
sato_s1-7_f0.08,22,0.357384789079339,0.33914820639144466,122,48,124,2,40.59062464253699
sato_s1-7_f0.1,22,0.4443404876405756,0.42135271240405414,137,45,139,2,33.301651610693426
sato_s1-7_f0.12,22,0.5100742676385641,0.4918860301170687,181,45,183,2,28.284271247461902
sato_s1-7_f0.14,22,0.5501637676089929,0.5457110079212414,199,38,201,2,25.298221281347036
meijering_s1-3_f0.08,22,0.4614595093913579,0.47975163047270586,240,48,242,2,27.018512172212592
meijering_s1-3_f0.1,22,0.5527965419808761,0.5639638337938879,332,50,334,2,22.47220505424423
meijering_s1-3_f0.12,22,0.6136019804703617,0.6252667955610557,502,47,504,2,17.0
meijering_s1-3_f0.14,22,0.6419372277164753,0.6452897148417772,854,40,856,2,14.422205101855956
meijering_s1-5_f0.08,22,0.3818536385096993,0.36544637081553416,141,50,143,2,37.64306044943742
meijering_s1-5_f0.1,22,0.4743923205029846,0.45744397506798345,206,50,208,2,29.068883707497267
meijering_s1-5_f0.12,22,0.5449387979645166,0.5334905495591388,255,43,257,2,25.632011235952593
meijering_s1-5_f0.14,22,0.5889910007313893,0.5850469568599214,354,40,356,2,21.37755832643195
meijering_s1-7_f0.08,22,0.3441239864518116,0.3152187629333585,168,24,170,2,39.05124837953327
meijering_s1-7_f0.1,22,0.4228214292397223,0.39996626438645616,198,38,200,2,31.89043743820395
meijering_s1-7_f0.12,22,0.4809517260349333,0.4716090196034768,260,37,262,2,27.018512172212592
meijering_s1-7_f0.14,22,0.523324959455592,0.5306372852989377,327,43,329,2,24.186773244895647
otsu,22,0.3741729022542237,0.3571164712823272,1304,1438,1306,2,18.681541692269406
frangi_s1-3_f0.08,23,0.47858527131782946,0.5545907656566834,834,4,835,1,31.11269837220809
frangi_s1-3_f0.1,23,0.4863003313911932,0.528254868264866,1105,14,1106,1,32.28002478313795
frangi_s1-3_f0.12,23,0.47659524462376124,0.4929387394637371,1477,4,1478,1,33.015148038438355
frangi_s1-3_f0.14,23,0.4598637996675425,0.4560447229697519,1805,15,1806,1,33.24154027718932
frangi_s1-5_f0.08,23,0.47858527131782946,0.5545907656566834,834,4,835,1,31.11269837220809
frangi_s1-5_f0.1,23,0.4863003313911932,0.528254868264866,1105,14,1106,1,32.28002478313795
frangi_s1-5_f0.12,23,0.47659524462376124,0.4929387394637371,1477,4,1478,1,33.015148038438355
frangi_s1-5_f0.14,23,0.4598637996675425,0.4560447229697519,1805,15,1806,1,33.24154027718932
frangi_s1-7_f0.08,23,0.4875,0.551919516242133,871,0,872,1,31.304951684997057
frangi_s1-7_f0.1,23,0.4900690939808096,0.5242542747175134,1162,2,1163,1,32.30789243684004
frangi_s1-7_f0.12,23,0.47859297269771633,0.49026497456343304,1536,11,1537,1,33.0
frangi_s1-7_f0.14,23,0.4607217545176685,0.4532145272586079,1853,31,1854,1,33.24154027718932
sato_s1-3_f0.08,23,0.40411821705426354,0.4884291595219695,162,30,163,1,35.510561809129406
sato_s1-3_f0.1,23,0.44761636595984317,0.5230538577660836,225,27,226,1,32.55764119219941
sato_s1-3_f0.12,23,0.47036703356966586,0.5321867358560999,232,25,233,1,32.31098884280702
sato_s1-3_f0.14,23,0.4781668364702307,0.5295757467491271,281,16,282,1,32.526911934581186
sato_s1-5_f0.08,23,0.3177325581395349,0.40459146639242605,125,19,126,1,44.28317965096906
sato_s1-5_f0.1,23,0.372241114167515,0.46367378404982335,151,12,152,1,37.0
sato_s1-5_f0.12,23,0.4098867954091425,0.49423270960617627,178,16,179,1,34.91130986989744
sato_s1-5_f0.14,23,0.42912041753802704,0.5099878244489681,222,12,223,1,33.95585369269929
sato_s1-7_f0.08,23,0.268265503875969,0.33080079300768245,128,11,129,1,51.66236541235796
sato_s1-7_f0.1,23,0.3156230371028179,0.39066155321833046,143,5,144,1,44.94107182578002
sato_s1-7_f0.12,23,0.3584942614281797,0.4323388830174972,155,7,156,1,39.45883931389772
sato_s1-7_f0.14,23,0.38436377285645346,0.4574288723741856,200,5,201,1,36.22154055254967
meijering_s1-3_f0.08,23,0.4005329457364341,0.4930191421712413,219,31,220,1,33.95953414525599
meijering_s1-3_f0.1,23,0.4473997704087158,0.5292664921987612,290,27,291,1,32.02498476648399
meijering_s1-3_f0.12,23,0.4695836107955658,0.5392891620725323,350,24,351,1,32.01562118716424
meijering_s1-3_f0.14,23,0.47766636280765723,0.534839355984551,444,19,445,1,32.89376840679705
meijering_s1-5_f0.08,23,0.30324612403100776,0.3871551676514357,144,19,145,1,42.3337726711877
meijering_s1-5_f0.1,23,0.3585522753362646,0.44747300913062027,170,17,171,1,37.48332962798263
meijering_s1-5_f0.12,23,0.39731285988483683,0.48836937169129957,220,12,221,1,34.655446902326915
meijering_s1-5_f0.14,23,0.41996889913668295,0.5043413920699125,274,10,275,1,34.0
meijering_s1-7_f0.08,23,0.257218992248062,0.31828666635695246,177,16,178,1,52.77878239222333
meijering_s1-7_f0.1,23,0.3034070480192337,0.370475052113753,167,16,168,1,43.37337404465282
meijering_s1-7_f0.12,23,0.3437267421363939,0.42125393057531096,183,1,184,1,39.20459156782532
meijering_s1-7_f0.14,23,0.371172717035766,0.4534951057486181,219,5,220,1,36.6742416417845
otsu,23,0.30142470694319207,0.3120514172630788,856,1037,857,1,36.89173349139343
frangi_s1-3_f0.08,24,0.48216976393771976,0.5374759331506471,429,35,430,1,16.97056274847714
frangi_s1-3_f0.1,24,0.5528618883352497,0.6099677560831309,664,22,665,1,14.0
frangi_s1-3_f0.12,24,0.5882980457232602,0.6284275784021774,1166,22,1167,1,12.206555615733702
frangi_s1-3_f0.14,24,0.5998341854359541,0.6174647015054203,1787,37,1788,1,12.206555615733702
frangi_s1-5_f0.08,24,0.48216976393771976,0.5374759331506471,429,35,430,1,16.97056274847714
frangi_s1-5_f0.1,24,0.5528618883352497,0.6099677560831309,664,22,665,1,14.0
frangi_s1-5_f0.12,24,0.5882980457232602,0.6284275784021774,1166,22,1167,1,12.206555615733702
frangi_s1-5_f0.14,24,0.5998341854359541,0.6174647015054203,1787,37,1788,1,12.206555615733702
frangi_s1-7_f0.08,24,0.4981728121373768,0.5439958551736818,447,21,448,1,15.652475842498529
frangi_s1-7_f0.1,24,0.5655104126740769,0.608695601341584,803,42,804,1,13.0
frangi_s1-7_f0.12,24,0.5908464581512157,0.6223571603843056,1315,45,1316,1,12.083045973594572
frangi_s1-7_f0.14,24,0.5967389802404311,0.6118186833780701,1919,44,1920,1,12.083045973594572
sato_s1-3_f0.08,24,0.36536829525970316,0.4065444896678512,105,85,106,1,42.05948168962618
sato_s1-3_f0.1,24,0.46643030535326435,0.49784421061531553,91,81,92,1,31.25699921617557
sato_s1-3_f0.12,24,0.5469011601203088,0.5666434230967423,101,74,102,1,24.698178070456937
sato_s1-3_f0.14,24,0.6097830592787067,0.6191137934858515,149,66,150,1,21.02379604162864
sato_s1-5_f0.08,24,0.2614177592268657,0.29165784014426344,93,83,94,1,55.00909015790027
sato_s1-5_f0.1,24,0.3597163664239172,0.3918578637099814,108,80,109,1,42.654412713841836
sato_s1-5_f0.12,24,0.4482242602936601,0.4734953003286396,96,75,97,1,32.7566787083184
sato_s1-5_f0.14,24,0.5189995854635899,0.5342481860302154,103,71,104,1,29.068883707497267
sato_s1-7_f0.08,24,0.20900950830461212,0.21066426440136313,70,74,71,1,79.78971975101345
sato_s1-7_f0.1,24,0.29896512073591414,0.312681288572499,118,79,119,1,51.62363799656123
sato_s1-7_f0.12,24,0.38886995688441767,0.3967284642446509,127,75,128,1,39.56008088970496
sato_s1-7_f0.14,24,0.4635622495509189,0.4704238970782437,131,76,132,1,32.55764119219941
meijering_s1-3_f0.08,24,0.3685204108141811,0.42584471419031367,156,82,157,1,32.7566787083184
meijering_s1-3_f0.1,24,0.4704548358247093,0.5224824623651371,163,79,164,1,26.40075756488817
meijering_s1-3_f0.12,24,0.5512868001126042,0.590461235065395,212,78,213,1,20.591260281974
meijering_s1-3_f0.14,24,0.6107503109023076,0.6389568836849574,369,64,370,1,17.0
meijering_s1-5_f0.08,24,0.25552919170751137,0.2983945324013385,119,81,120,1,52.392747589718944
meijering_s1-5_f0.1,24,0.3561070652868277,0.4021173735167666,134,78,135,1,37.78225879847785
meijering_s1-5_f0.12,24,0.4464166654319707,0.48713910904808844,164,72,165,1,30.610455730027933
meijering_s1-5_f0.14,24,0.5190824927456128,0.549432066081529,183,73,184,1,25.553864678361276
meijering_s1-7_f0.08,24,0.18552451549212837,0.17915919368594463,106,63,107,1,75.43208866258443
meijering_s1-7_f0.1,24,0.2739555385205059,0.28030962764117023,171,69,172,1,47.80167361086848
meijering_s1-7_f0.12,24,0.3661120412487221,0.38073348703312565,171,76,172,1,34.66987164671943
meijering_s1-7_f0.14,24,0.43321818433052367,0.4459491477830071,200,72,201,1,32.2490309931942
otsu,24,0.29655509546813896,0.34932855775742555,544,15,545,1,33.54101966249684
frangi_s1-3_f0.08,25,0.45696240007894995,0.47938638362179714,1449,23,1450,1,17.029386365926403
frangi_s1-3_f0.1,25,0.48139459342404445,0.48717737363000496,2262,24,2263,1,17.72004514666935
frangi_s1-3_f0.12,25,0.4863121852301248,0.47351443865577797,3033,17,3034,1,18.35755975068582
frangi_s1-3_f0.14,25,0.48225289622874046,0.45462446037768445,3721,14,3722,1,18.973665961010276
frangi_s1-5_f0.08,25,0.45696240007894995,0.47938638362179714,1449,23,1450,1,17.029386365926403
frangi_s1-5_f0.1,25,0.48139459342404445,0.48717737363000496,2262,24,2263,1,17.72004514666935
frangi_s1-5_f0.12,25,0.4863121852301248,0.47351443865577797,3033,17,3034,1,18.35755975068582
frangi_s1-5_f0.14,25,0.48225289622874046,0.45462446037768445,3721,14,3722,1,18.973665961010276
frangi_s1-7_f0.08,25,0.45700187506167966,0.4745725899637254,1564,10,1565,1,17.0
frangi_s1-7_f0.1,25,0.47818240877756524,0.4790252312086351,2402,0,2403,1,17.69180601295413
frangi_s1-7_f0.12,25,0.4837192294267241,0.4698159993914979,3197,17,3198,1,18.35755975068582
frangi_s1-7_f0.14,25,0.4796955878728124,0.4516117258863662,3829,12,3830,1,18.973665961010276
sato_s1-3_f0.08,25,0.4141715187999605,0.43338259348099684,180,46,181,1,34.132096331752024
sato_s1-3_f0.1,25,0.495939654239001,0.5155622723421529,201,38,202,1,28.209915299075945
sato_s1-3_f0.12,25,0.5563219919219454,0.5698391329812468,344,33,345,1,21.02379604162864
sato_s1-3_f0.14,25,0.5915701257086518,0.5911874541095475,692,14,693,1,18.027756377319946
sato_s1-5_f0.08,25,0.3257080825027139,0.3263907467589292,138,48,139,1,44.654227123532216
sato_s1-5_f0.1,25,0.4143718193958206,0.42822103725505145,172,44,173,1,35.0
sato_s1-5_f0.12,25,0.48588002592955803,0.5022646821339061,191,17,192,1,29.732137494637012
sato_s1-5_f0.14,25,0.5406396351984225,0.5536498895884203,281,14,282,1,23.40939982143925
sato_s1-7_f0.08,25,0.2766801539524327,0.2608056544292565,117,39,118,1,56.04462507680822
sato_s1-7_f0.1,25,0.3641678998087126,0.3598210695024454,173,37,174,1,37.53664875824692
sato_s1-7_f0.12,25,0.44193274936422716,0.4495582325509364,216,35,217,1,32.0
sato_s1-7_f0.14,25,0.4957172787774217,0.5115604359681122,259,28,260,1,26.1725046566048
meijering_s1-3_f0.08,25,0.41255304450804303,0.4426686027672269,495,39,496,1,22.0
meijering_s1-3_f0.1,25,0.48475114591980367,0.506265881413786,883,40,884,1,18.06926332679739
meijering_s1-3_f0.12,25,0.5249738211192926,0.5298271951605636,1520,35,1521,1,18.384776310850235
meijering_s1-3_f0.14,25,0.546462903623367,0.5270413160452012,2195,27,2196,1,18.788294228055936
meijering_s1-5_f0.08,25,0.30952333958353895,0.30540282805868696,269,16,270,1,36.71511950137164
meijering_s1-5_f0.1,25,0.39935756307070414,0.41088789392638064,386,38,387,1,30.01666203960727
meijering_s1-5_f0.12,25,0.4708209364559613,0.48541513309661294,601,27,602,1,21.93171219946131
meijering_s1-5_f0.14,25,0.517408183386739,0.5178136112143243,1021,20,1022,1,21.095023109728988
meijering_s1-7_f0.08,25,0.27012730681930325,0.2567186399199503,192,35,193,1,42.1070065428546
meijering_s1-7_f0.1,25,0.35586674847511457,0.35885949381174415,331,38,332,1,33.60059523282288
meijering_s1-7_f0.12,25,0.4320928145205525,0.4471346655824563,487,25,488,1,24.20743687382041
meijering_s1-7_f0.14,25,0.48200640867636185,0.49464171632679693,746,34,747,1,22.02271554554524
otsu,25,0.13723430049300897,0.1504105804532983,307,20,308,1,52.81098370604357
frangi_s1-3_f0.08,26,0.481728863225028,0.5125891774481953,1351,3,1353,2,17.46424919657298
frangi_s1-3_f0.1,26,0.5052619224599977,0.5128477489003122,2112,5,2114,2,18.0
frangi_s1-3_f0.12,26,0.5090361985276997,0.491272476914301,2862,26,2864,2,18.384776310850235
frangi_s1-3_f0.14,26,0.5018086916304653,0.4600367564714407,3405,19,3407,2,18.973665961010276
frangi_s1-5_f0.08,26,0.481728863225028,0.5125891774481953,1351,3,1353,2,17.46424919657298
frangi_s1-5_f0.1,26,0.5052619224599977,0.5128477489003122,2112,5,2114,2,18.0
frangi_s1-5_f0.12,26,0.5090361985276997,0.491272476914301,2862,26,2864,2,18.384776310850235
frangi_s1-5_f0.14,26,0.5018086916304653,0.4600367564714407,3405,19,3407,2,18.973665961010276
frangi_s1-7_f0.08,26,0.4810393863655951,0.5118832761245399,1359,4,1361,2,17.46424919657298
frangi_s1-7_f0.1,26,0.5031102069559094,0.5094692531541157,2178,11,2180,2,17.88854381999832
frangi_s1-7_f0.12,26,0.5038777739965252,0.4856781900388594,2948,42,2950,2,18.384776310850235
frangi_s1-7_f0.14,26,0.49625873375068136,0.45632961463578114,3515,59,3517,2,18.867962264113206
sato_s1-3_f0.08,26,0.4613031112643282,0.46702472045682397,107,32,109,2,33.24154027718932
sato_s1-3_f0.1,26,0.5442275341340324,0.5474399965330893,156,29,158,2,26.30589287593181
sato_s1-3_f0.12,26,0.602747577510702,0.6028557456932218,283,22,285,2,22.02271554554524
sato_s1-3_f0.14,26,0.6236104458135808,0.6121022240636671,564,12,566,2,18.681541692269406
sato_s1-5_f0.08,26,0.396793932603637,0.39491830544942447,67,31,69,2,51.61395160225576
sato_s1-5_f0.1,26,0.48605297132350067,0.46982222024622805,108,30,110,2,33.24154027718932
sato_s1-5_f0.12,26,0.5534917877165015,0.5385990649739509,151,27,153,2,27.202941017470888
sato_s1-5_f0.14,26,0.5949356634346972,0.5852268288372389,237,20,239,2,24.0
sato_s1-7_f0.08,26,0.3624493665431354,0.34698616733469345,65,31,67,2,65.77385351239583
sato_s1-7_f0.1,26,0.4527209420601698,0.4272024177659893,99,30,101,2,36.6742416417845
sato_s1-7_f0.12,26,0.5175977503537461,0.4961625455198861,155,28,157,2,30.265491900843113
sato_s1-7_f0.14,26,0.5595546819510745,0.5457313568379452,228,23,230,2,25.238858928247925
meijering_s1-3_f0.08,26,0.4559165733000086,0.48738657457517376,334,35,336,2,23.853720883753127
meijering_s1-3_f0.1,26,0.5303783107077188,0.551916095745099,627,32,629,2,19.1049731745428
meijering_s1-3_f0.12,26,0.5700059106947754,0.5691006283045492,1165,29,1167,2,18.35755975068582
meijering_s1-3_f0.14,26,0.5846616342643828,0.5532331674391024,1833,27,1835,2,18.788294228055936
meijering_s1-5_f0.08,26,0.39054554856502627,0.4120382348047956,192,29,194,2,32.57299494980466
meijering_s1-5_f0.1,26,0.4822190055162161,0.49194337987214315,327,31,329,2,24.413111231467404
meijering_s1-5_f0.12,26,0.5447153015349895,0.5474423754322552,603,28,605,2,20.591260281974
meijering_s1-5_f0.14,26,0.5774929386696619,0.5631177983464534,1049,24,1051,2,19.6468827043885
meijering_s1-7_f0.08,26,0.3546927518745152,0.36219966041566565,176,23,178,2,33.734255586866
meijering_s1-7_f0.1,26,0.44912170885333125,0.4497085841191977,307,28,309,2,26.40075756488817
meijering_s1-7_f0.12,26,0.5145528469846501,0.5153697833011972,513,32,515,2,22.02271554554524
meijering_s1-7_f0.14,26,0.549710113807172,0.5454802278578389,899,29,901,2,20.12461179749811
otsu,26,0.33865329558216417,0.28741591127090077,2062,2495,2064,2,21.840329667841555
frangi_s1-3_f0.08,27,0.5534622274383841,0.6056074972988776,632,57,635,3,14.212670403551895
frangi_s1-3_f0.1,27,0.5851047904191616,0.6223963355994491,1182,61,1185,3,13.0
frangi_s1-3_f0.12,27,0.5864457934629763,0.5981724907884285,1929,52,1932,3,13.435015956036224
frangi_s1-3_f0.14,27,0.5721746561792774,0.560633643624699,2681,39,2684,3,14.7648230602334
frangi_s1-5_f0.08,27,0.5534622274383841,0.6056074972988776,632,57,635,3,14.212670403551895
frangi_s1-5_f0.1,27,0.5851047904191616,0.6223963355994491,1182,61,1185,3,13.0
frangi_s1-5_f0.12,27,0.5864457934629763,0.5981724907884285,1929,52,1932,3,13.435015956036224
frangi_s1-5_f0.14,27,0.5721746561792774,0.560633643624699,2681,39,2684,3,14.7648230602334
frangi_s1-7_f0.08,27,0.5558918607284782,0.6038734420273043,665,39,668,3,14.0
frangi_s1-7_f0.1,27,0.5873877245508982,0.6168163491855473,1307,23,1310,3,13.0
frangi_s1-7_f0.12,27,0.5881606475288953,0.5911155461758328,2110,11,2113,3,13.601470508735444
frangi_s1-7_f0.14,27,0.572807697785937,0.5529319305076662,2825,8,2828,3,14.7648230602334
sato_s1-3_f0.08,27,0.4333395103671217,0.45385515559419154,183,93,186,3,27.80107859191404
sato_s1-3_f0.1,27,0.5255988023952096,0.5506046582868515,197,88,200,3,22.20360331117452
sato_s1-3_f0.12,27,0.5947456871420242,0.6232380665895095,225,79,228,3,18.867962264113206
sato_s1-3_f0.14,27,0.6341810815515849,0.6658141627872344,353,68,356,3,15.620499351813308
sato_s1-5_f0.08,27,0.3231824078077707,0.34481879478359867,137,95,140,3,37.56259963189235
sato_s1-5_f0.1,27,0.4163922155688623,0.446716650778273,167,92,170,3,28.844410203711913
sato_s1-5_f0.12,27,0.49480399218026544,0.5283042972645234,179,83,182,3,23.769728648009426
sato_s1-5_f0.14,27,0.5520439330875022,0.591628475744673,202,80,205,3,20.808652046684813
sato_s1-7_f0.08,27,0.2603825642926267,0.26616747021772535,134,83,137,3,44.40720662234904
sato_s1-7_f0.1,27,0.3463323353293413,0.36849079626419773,199,84,202,3,32.202484376209235
sato_s1-7_f0.12,27,0.4291936756182049,0.4603335078262051,203,83,206,3,28.30194339616981
sato_s1-7_f0.14,27,0.4915568075711776,0.5273512986994374,236,82,239,3,22.825424421026653
meijering_s1-3_f0.08,27,0.4343690159985175,0.4850816890433642,357,88,360,3,21.470910553583888
meijering_s1-3_f0.1,27,0.5272455089820359,0.5768857293952296,435,82,438,3,18.027756377319946
meijering_s1-3_f0.12,27,0.5845251569091471,0.6280485213433221,644,80,647,3,15.0
meijering_s1-3_f0.14,27,0.6145567917451374,0.6450544079105849,1027,74,1030,3,13.92838827718412
meijering_s1-5_f0.08,27,0.302015772026273,0.33140033661195434,242,79,245,3,32.202484376209235
meijering_s1-5_f0.1,27,0.40134730538922153,0.44369629267759825,275,80,278,3,26.832815729997478
meijering_s1-5_f0.12,27,0.48255993414960385,0.5288081771274559,345,75,348,3,21.18962010041709
meijering_s1-5_f0.14,27,0.5383069302229889,0.5912815479478607,462,79,465,3,18.681541692269406
meijering_s1-7_f0.08,27,0.2358391500401507,0.2353514114354927,210,27,213,3,43.829214001622255
meijering_s1-7_f0.1,27,0.32413922155688624,0.3536093428216412,266,66,269,3,31.304951684997057
meijering_s1-7_f0.12,27,0.40635181946016397,0.4493394347129626,317,76,320,3,26.0
meijering_s1-7_f0.14,27,0.46898887429376296,0.5224965853653375,370,69,373,3,21.93171219946131
otsu,27,0.19331593073274753,0.23073392457914452,385,68,388,3,39.355430768027055
frangi_s1-3_f0.08,28,0.5327934276870364,0.5794968208157496,683,16,686,3,13.341664064126334
frangi_s1-3_f0.1,28,0.5811116453847661,0.61835244855692,1056,11,1059,3,12.041594578792296
frangi_s1-3_f0.12,28,0.5966259682289615,0.6137833832396161,1619,15,1622,3,12.083045973594572
frangi_s1-3_f0.14,28,0.5924832623250152,0.5862254282451312,2303,2,2306,3,12.649110640673518
frangi_s1-5_f0.08,28,0.5327934276870364,0.5794968208157496,683,16,686,3,13.341664064126334
frangi_s1-5_f0.1,28,0.5811116453847661,0.61835244855692,1056,11,1059,3,12.041594578792296
frangi_s1-5_f0.12,28,0.5966259682289615,0.6137833832396161,1619,15,1622,3,12.083045973594572
frangi_s1-5_f0.14,28,0.5924832623250152,0.5862254282451312,2303,2,2306,3,12.649110640673518
frangi_s1-7_f0.08,28,0.532443008156988,0.57689950094176,720,17,723,3,13.0
frangi_s1-7_f0.1,28,0.5779060034549697,0.6127076940291603,1158,9,1161,3,12.041594578792296
frangi_s1-7_f0.12,28,0.590192989365892,0.6064526854451008,1774,34,1777,3,12.041594578792296
frangi_s1-7_f0.14,28,0.5846622032866707,0.5783036853466265,2442,60,2445,3,12.649110640673518
sato_s1-3_f0.08,28,0.45628516362645277,0.46487015862601416,136,78,139,3,28.619917851071545
sato_s1-3_f0.1,28,0.5418247226229275,0.5435833744709732,177,75,180,3,22.360679774997898
sato_s1-3_f0.12,28,0.6053892608638571,0.6086852922055488,235,67,238,3,17.88854381999832
sato_s1-3_f0.14,28,0.6457395009129641,0.6531860946060142,337,63,340,3,15.297058540778355
sato_s1-5_f0.08,28,0.3812175131894018,0.38950963300400593,109,79,112,3,37.65833141164624
sato_s1-5_f0.1,28,0.46200423857099604,0.46622155758375095,135,66,138,3,29.154759474226502
sato_s1-5_f0.12,28,0.5318366811080478,0.5304559667031806,155,53,158,3,23.259406699226016
sato_s1-5_f0.14,28,0.5824710894704809,0.58492277649315,194,61,197,3,20.12461179749811
sato_s1-7_f0.08,28,0.3325481340160025,0.32687922350982007,117,58,120,3,40.02374258276007
sato_s1-7_f0.1,28,0.4100372210646293,0.40566290161661983,158,69,161,3,31.016124838541646
sato_s1-7_f0.12,28,0.48568990416174346,0.48213034144484046,170,59,173,3,25.0
sato_s1-7_f0.14,28,0.5410225197808887,0.5437411464789669,214,65,217,3,22.20360331117452
meijering_s1-3_f0.08,28,0.45301458134600037,0.46170745538578484,201,82,204,3,25.238858928247925
meijering_s1-3_f0.1,28,0.5396163915157344,0.5464862669304669,253,75,256,3,21.02379604162864
meijering_s1-3_f0.12,28,0.6015819876591834,0.608790984053542,366,73,369,3,16.492422502470642
meijering_s1-3_f0.14,28,0.6375532562385879,0.6433742703946539,617,66,620,3,14.0
meijering_s1-5_f0.08,28,0.360231276889832,0.34010350423118085,116,67,119,3,45.20840337533999
meijering_s1-5_f0.1,28,0.4405620558850243,0.42095295194945465,171,63,174,3,30.463092423455635
meijering_s1-5_f0.12,28,0.5094197190494946,0.4974687664281091,188,66,191,3,24.166091947189145
meijering_s1-5_f0.14,28,0.5624163116250761,0.5570288792308441,245,61,248,3,21.470910553583888
meijering_s1-7_f0.08,28,0.31576693207701445,0.2824869845867304,116,68,119,3,52.0
meijering_s1-7_f0.1,28,0.39080336948585065,0.36060714664314414,150,62,153,3,34.785054261852174
meijering_s1-7_f0.12,28,0.45992516738873573,0.4389306159126112,184,63,187,3,28.160255680657446
meijering_s1-7_f0.14,28,0.5131388749410386,0.5034449216875406,216,59,219,3,23.45736291875988
otsu,28,0.28103949452576976,0.3203681666221049,487,18,490,3,32.01562118716424
frangi_s1-3_f0.08,29,0.5457931920359667,0.5535742272063915,978,13,983,5,14.265245733414124
frangi_s1-3_f0.1,29,0.5701957278081207,0.5554425263554832,1673,6,1678,5,14.866068747318506
frangi_s1-3_f0.12,29,0.5696132695011479,0.5320811860769286,2403,12,2408,5,15.524174696260024
frangi_s1-3_f0.14,29,0.556328781512605,0.50060672083104,3120,11,3125,5,16.0
frangi_s1-5_f0.08,29,0.5457931920359667,0.5535742272063915,978,13,983,5,14.265245733414124
frangi_s1-5_f0.1,29,0.5701957278081207,0.5554425263554832,1673,6,1678,5,14.866068747318506
frangi_s1-5_f0.12,29,0.5696132695011479,0.5320811860769286,2403,12,2408,5,15.524174696260024
frangi_s1-5_f0.14,29,0.556328781512605,0.50060672083104,3120,11,3125,5,16.0
frangi_s1-7_f0.08,29,0.5391136801541426,0.5462889608010933,1013,21,1018,5,14.142135623730951
frangi_s1-7_f0.1,29,0.5590390483780054,0.550210955738173,1737,47,1742,5,14.7648230602334
frangi_s1-7_f0.12,29,0.5565502144547865,0.529322797418829,2522,66,2527,5,15.297058540778355
frangi_s1-7_f0.14,29,0.5437237394957983,0.49974153266087484,3208,80,3213,5,16.0
sato_s1-3_f0.08,29,0.5244701348747591,0.48363863998068984,98,62,103,5,27.294688127912362
sato_s1-3_f0.1,29,0.589515831211491,0.5524137118600827,93,56,98,5,23.706539182259394
sato_s1-3_f0.12,29,0.6296606097278827,0.5988546250094697,153,49,158,5,19.313207915827967
sato_s1-3_f0.14,29,0.6468618697478992,0.6267244329122208,357,36,362,5,16.1245154965971
sato_s1-5_f0.08,29,0.4740740740740741,0.4306752139028867,111,61,116,5,32.57299494980466
sato_s1-5_f0.1,29,0.5287177593344866,0.4863636340625708,92,51,97,5,27.65863337187866
sato_s1-5_f0.12,29,0.5771236362989197,0.5392746715943776,99,44,104,5,25.059928172283335
sato_s1-5_f0.14,29,0.607733718487395,0.5764746107783957,114,45,119,5,21.470910553583888
sato_s1-7_f0.08,29,0.4394348105330764,0.38298748946475264,129,35,134,5,36.124783736376884
sato_s1-7_f0.1,29,0.49081614803008805,0.4398674195594036,113,44,118,5,31.016124838541646
sato_s1-7_f0.12,29,0.5379700653152752,0.4871893834323486,104,34,109,5,26.35806845485774
sato_s1-7_f0.14,29,0.5722492121848739,0.5369411744364064,142,47,147,5,23.53720459187964
meijering_s1-3_f0.08,29,0.5369299935773925,0.5385975405938697,616,57,621,5,16.1245154965971
meijering_s1-3_f0.1,29,0.5782036579914089,0.5750582499679904,1004,49,1009,5,15.0
meijering_s1-3_f0.12,29,0.5946359607752407,0.5730445995240083,1594,50,1599,5,15.264337522473747
meijering_s1-3_f0.14,29,0.5972951680672269,0.5515128434093294,2260,42,2265,5,15.811388300841896
meijering_s1-5_f0.08,29,0.4840933418968101,0.4662265647401551,366,39,371,5,20.518284528683193
meijering_s1-5_f0.1,29,0.5333436995859978,0.5256774031372426,486,9,491,5,18.384776310850235
meijering_s1-5_f0.12,29,0.5699692110555447,0.5659782115801103,730,15,735,5,17.029386365926403
meijering_s1-5_f0.14,29,0.5924698004201681,0.5779467192267115,1170,36,1175,5,16.55294535724685
meijering_s1-7_f0.08,29,0.4504816955684008,0.42279226137594533,375,37,380,5,22.360679774997898
meijering_s1-7_f0.1,29,0.49964042061070185,0.48737607402511574,458,21,463,5,20.248456731316587
meijering_s1-7_f0.12,29,0.5376853120717578,0.5322912170082448,636,26,641,5,19.0
meijering_s1-7_f0.14,29,0.5622373949579832,0.5598725715162907,950,9,955,5,18.35755975068582
otsu,29,0.3207384833109526,0.2802566523250021,1688,2641,1693,5,21.095023109728988
frangi_s1-3_f0.08,30,0.48509667024704617,0.5197006854577793,1342,25,1344,2,18.439088914585774
frangi_s1-3_f0.1,30,0.505294701249266,0.5174493052808932,2125,34,2127,2,18.788294228055936
frangi_s1-3_f0.12,30,0.5039009058975781,0.4940656563786657,2914,26,2916,2,19.235384061671343
frangi_s1-3_f0.14,30,0.49320474222244903,0.46574708868120085,3543,17,3545,2,19.697715603592208
frangi_s1-5_f0.08,30,0.48509667024704617,0.5197006854577793,1342,25,1344,2,18.439088914585774
frangi_s1-5_f0.1,30,0.505294701249266,0.5174493052808932,2125,34,2127,2,18.788294228055936
frangi_s1-5_f0.12,30,0.5039009058975781,0.4940656563786657,2914,26,2916,2,19.235384061671343
frangi_s1-5_f0.14,30,0.49320474222244903,0.46574708868120085,3543,17,3545,2,19.697715603592208
frangi_s1-7_f0.08,30,0.49279448621553884,0.5191307406324172,1466,4,1468,2,18.35755975068582
frangi_s1-7_f0.1,30,0.5086152787057847,0.514497101823926,2277,2,2279,2,18.852028656901695
frangi_s1-7_f0.12,30,0.503568127195415,0.49097624560813236,3052,10,3054,2,19.235384061671343
frangi_s1-7_f0.14,30,0.4924563283495773,0.4641677002189251,3634,23,3636,2,19.6468827043885
sato_s1-3_f0.08,30,0.458780880773362,0.46455244963581627,175,59,177,2,31.622776601683793
sato_s1-3_f0.1,30,0.5468829091498106,0.5575787411775849,227,56,229,2,26.076809620810597
sato_s1-3_f0.12,30,0.5953041227583656,0.6065241919665617,430,50,432,2,21.400934559032695
sato_s1-3_f0.14,30,0.6128489054447109,0.6122748514425042,837,40,839,2,19.235384061671343
sato_s1-5_f0.08,30,0.4018080916577157,0.3967308393501241,115,54,117,2,46.09772228646444
sato_s1-5_f0.1,30,0.4934297110692664,0.4916556375379129,178,47,180,2,31.064449134018133
sato_s1-5_f0.12,30,0.5546681456831207,0.5609454900712241,223,33,225,2,26.570660511172846
sato_s1-5_f0.14,30,0.5901243387593339,0.5986701390316722,407,24,409,2,23.021728866442675
sato_s1-7_f0.08,30,0.35235409953455066,0.33630042796570303,115,47,117,2,49.399898549443876
sato_s1-7_f0.1,30,0.44835894632408024,0.43972264153315055,195,44,197,2,32.202484376209235
sato_s1-7_f0.12,30,0.5149565538916621,0.5137662653968345,257,47,259,2,27.85677655436824
sato_s1-7_f0.14,30,0.5536561718630403,0.5598749717502639,396,43,398,2,24.698178070456937
meijering_s1-3_f0.08,30,0.45394736842105265,0.4699009047180852,321,60,323,2,28.071337695236398
meijering_s1-3_f0.1,30,0.5390269088258519,0.5504294977839507,554,57,556,2,22.40528988669619
meijering_s1-3_f0.12,30,0.5792567942318358,0.5799827243023998,1035,53,1037,2,20.0
meijering_s1-3_f0.14,30,0.5903284516337535,0.5675369313353631,1746,53,1748,2,19.235384061671343
meijering_s1-5_f0.08,30,0.391156462585034,0.3815393382448038,202,55,204,2,44.024989738034584
meijering_s1-5_f0.1,30,0.48557371074530764,0.48290102169999066,334,48,336,2,28.160255680657446
meijering_s1-5_f0.12,30,0.5481974486966168,0.5467589363838248,521,34,523,2,23.706539182259394
meijering_s1-5_f0.14,30,0.5788300930414519,0.5695292833402895,935,23,937,2,21.2602916254693
meijering_s1-7_f0.08,30,0.346983530254207,0.3294036173159777,181,45,183,2,46.22769732530488
meijering_s1-7_f0.1,30,0.4423657089635344,0.4366346399736967,312,48,314,2,30.42120461728567
meijering_s1-7_f0.12,30,0.5064891846921797,0.5088620479100083,464,52,466,2,25.942243542145693
meijering_s1-7_f0.14,30,0.5471245598816146,0.5459221850701325,776,44,778,2,23.0
otsu,30,0.2383709008312696,0.23862221537013487,788,2963,790,2,27.018512172212592
frangi_s1-3_f0.08,31,0.5321603028055548,0.5673998111552293,915,4,916,1,25.94417018508053
frangi_s1-3_f0.1,31,0.5299075212974352,0.533652712951729,1551,11,1552,1,26.30589287593181
frangi_s1-3_f0.12,31,0.5129868796583372,0.48899480301352194,2162,4,2163,1,26.92582403567252
frangi_s1-3_f0.14,31,0.49035586124401914,0.4473054830889368,2723,5,2724,1,27.313000567495326
frangi_s1-5_f0.08,31,0.5321603028055548,0.5673998111552293,915,4,916,1,25.94417018508053
frangi_s1-5_f0.1,31,0.5299075212974352,0.533652712951729,1551,11,1552,1,26.30589287593181
frangi_s1-5_f0.12,31,0.5129868796583372,0.48899480301352194,2162,4,2163,1,26.92582403567252
frangi_s1-5_f0.14,31,0.49035586124401914,0.4473054830889368,2723,5,2724,1,27.313000567495326
frangi_s1-7_f0.08,31,0.5427994168947086,0.5627426250332577,1024,6,1025,1,25.96150997149434
frangi_s1-7_f0.1,31,0.5349186825201585,0.5260008944596969,1661,8,1662,1,26.40075756488817
frangi_s1-7_f0.12,31,0.5141777713898528,0.48238697705868216,2276,7,2277,1,26.92582403567252
frangi_s1-7_f0.14,31,0.4889354066985646,0.4409570580222456,2816,14,2817,1,27.313000567495326
sato_s1-3_f0.08,31,0.4615227232040101,0.47118340477904513,64,17,65,1,38.600518131237564
sato_s1-3_f0.1,31,0.5220263313744249,0.5470318397934412,123,17,124,1,33.24154027718932
sato_s1-3_f0.12,31,0.5495349362462272,0.5874722928410339,157,5,158,1,30.886890422961002
sato_s1-3_f0.14,31,0.5504635167464115,0.596474667586564,288,11,289,1,28.071337695236398
sato_s1-5_f0.08,31,0.35160226081174395,0.3677006388191789,48,18,49,1,48.76474136094644
sato_s1-5_f0.1,31,0.4075440754407544,0.4325077646553015,48,12,49,1,41.17765732926836
sato_s1-5_f0.12,31,0.4543457281892286,0.48978150252899627,77,6,78,1,36.779067849187136
sato_s1-5_f0.14,31,0.48145933014354064,0.5352075781636261,125,1,126,1,33.52610922848042
sato_s1-7_f0.08,31,0.2911945986036163,0.3018348702663409,36,13,37,1,65.19202405202648
sato_s1-7_f0.1,31,0.34649902054576104,0.3593045853259155,61,4,62,1,49.01020301937138
sato_s1-7_f0.12,31,0.3925425538467856,0.42142778806295106,53,7,54,1,43.73785545725808
sato_s1-7_f0.14,31,0.4289398923444976,0.4744192589080885,86,4,87,1,37.33630940518894
meijering_s1-3_f0.08,31,0.4633129587478581,0.4995164195593774,196,24,197,1,35.0
meijering_s1-3_f0.1,31,0.5230285636189695,0.5618817774966132,383,16,384,1,28.284271247461902
meijering_s1-3_f0.12,31,0.5457980001231957,0.5790873940014384,645,8,646,1,26.68332812825267
meijering_s1-3_f0.14,31,0.5419781698564593,0.5606309654132969,1102,1,1103,1,26.92582403567252
meijering_s1-5_f0.08,31,0.33349530702539576,0.358473526664656,93,15,94,1,54.20332093147061
meijering_s1-5_f0.1,31,0.4047196027515831,0.4417674996944136,138,9,139,1,40.45491272189802
meijering_s1-5_f0.12,31,0.4540993367965012,0.5029433760997307,218,9,219,1,34.72749878470614
meijering_s1-5_f0.14,31,0.4804126794258373,0.5398868798043327,386,5,387,1,30.0
meijering_s1-7_f0.08,31,0.2659267026418762,0.28551677865294084,71,13,72,1,66.91038783328041
meijering_s1-7_f0.1,31,0.329278848344039,0.36098139139605584,107,9,108,1,52.952809179494906
meijering_s1-7_f0.12,31,0.3869576822782991,0.4357945408163047,140,6,141,1,39.84971769034255
meijering_s1-7_f0.14,31,0.42123953349282295,0.48457834517064174,223,3,224,1,35.65947700890146
otsu,31,0.17314938320887166,0.1859701914392497,322,1540,323,1,36.6742416417845
frangi_s1-3_f0.08,32,0.5473401606512656,0.5783478826570708,707,17,710,3,16.97056274847714
frangi_s1-3_f0.1,32,0.579665803718522,0.5904728742149257,1345,14,1348,3,16.024975633505097
frangi_s1-3_f0.12,32,0.578429439495241,0.5579099072413752,2087,14,2090,3,16.76305461424021
frangi_s1-3_f0.14,32,0.5631715327864794,0.5184308888367493,2745,7,2748,3,17.46424919657298
frangi_s1-5_f0.08,32,0.5473401606512656,0.5783478826570708,707,17,710,3,16.97056274847714
frangi_s1-5_f0.1,32,0.579665803718522,0.5904728742149257,1345,14,1348,3,16.024975633505097
frangi_s1-5_f0.12,32,0.578429439495241,0.5579099072413752,2087,14,2090,3,16.76305461424021
frangi_s1-5_f0.14,32,0.5631715327864794,0.5184308888367493,2745,7,2748,3,17.46424919657298
frangi_s1-7_f0.08,32,0.5561738151427891,0.5796731197361149,806,24,809,3,15.990569415041547
frangi_s1-7_f0.1,32,0.5790774299835255,0.5840217789485078,1486,37,1489,3,16.0
frangi_s1-7_f0.12,32,0.5765294233630286,0.5531355072544119,2207,22,2210,3,16.64331697709324
frangi_s1-7_f0.14,32,0.5603657429566423,0.5144026277832978,2856,25,2859,3,17.46424919657298
sato_s1-3_f0.08,32,0.47329335094290603,0.48229642037318227,93,55,96,3,33.0
sato_s1-3_f0.1,32,0.5652702596689417,0.5652277386829345,109,49,112,3,26.476404589747453
sato_s1-3_f0.12,32,0.6216279194823352,0.6238546858889278,173,41,176,3,21.95449840010015
sato_s1-3_f0.14,32,0.6456617537836901,0.653662368428361,305,29,308,3,18.601075237738275
sato_s1-5_f0.08,32,0.3821421612141945,0.38872295700724047,85,47,88,3,43.08131845707603
sato_s1-5_f0.1,32,0.47548442770848043,0.479623378869381,88,47,91,3,33.3316463810388
sato_s1-5_f0.12,32,0.5458423703597484,0.5434222988483605,104,41,107,3,28.0178514522438
sato_s1-5_f0.14,32,0.5888527620525178,0.5918884387937576,130,29,133,3,25.45584412271571
sato_s1-7_f0.08,32,0.3202199753177301,0.3171285317952398,78,39,81,3,57.14017850864661
sato_s1-7_f0.1,32,0.41425433435318115,0.4096142552774996,99,43,102,3,38.01315561749642
sato_s1-7_f0.12,32,0.49070605316460236,0.4877535953695774,129,39,132,3,31.06927405783706
sato_s1-7_f0.14,32,0.5426067437983793,0.5431892418565218,151,35,154,3,27.730849247724095
meijering_s1-3_f0.08,32,0.4704354039015307,0.48302827487518196,154,55,157,3,30.2522683067706
meijering_s1-3_f0.1,32,0.5617792421746294,0.5662396150441008,206,50,209,3,24.698178070456937
meijering_s1-3_f0.12,32,0.6158561723637276,0.620135392921829,347,49,350,3,19.313207915827967
meijering_s1-3_f0.14,32,0.6361880869464754,0.6302682718020334,763,40,766,3,17.804493814764857
meijering_s1-5_f0.08,32,0.36659666139822894,0.3568628551273007,100,47,103,3,40.85339643163099
meijering_s1-5_f0.1,32,0.46097120891190085,0.4561100902206831,130,42,133,3,33.24154027718932
meijering_s1-5_f0.12,32,0.5325064080732761,0.5278987772661465,166,41,169,3,27.85677655436824
meijering_s1-5_f0.14,32,0.5758801102510357,0.5799896348358022,231,34,234,3,24.08318915758459
meijering_s1-7_f0.08,32,0.30172992400459003,0.2940449516691211,80,39,83,3,60.40695324215582
meijering_s1-7_f0.1,32,0.39546559974896056,0.38191009941873205,129,37,132,3,36.6742416417845
meijering_s1-7_f0.12,32,0.47131154887164134,0.4677209403879194,173,37,176,3,31.622776601683793
meijering_s1-7_f0.14,32,0.520094406575451,0.5237003957785477,209,36,212,3,27.65863337187866
otsu,32,0.19633386436508096,0.23496337034821102,356,28,359,3,55.262989749064516
frangi_s1-3_f0.08,33,0.5333711270523079,0.5795399820184517,723,55,727,4,16.97056274847714
frangi_s1-3_f0.1,33,0.5711634884914525,0.6009285375661789,1321,39,1325,4,15.700149580001423
frangi_s1-3_f0.12,33,0.5748395008295463,0.5770890328719201,2067,29,2071,4,16.15549442140351
frangi_s1-3_f0.14,33,0.5627925505427747,0.5376091509038307,2731,24,2735,4,17.0
frangi_s1-5_f0.08,33,0.5333711270523079,0.5795399820184517,723,55,727,4,16.97056274847714
frangi_s1-5_f0.1,33,0.5711634884914525,0.6009285375661789,1321,39,1325,4,15.700149580001423
frangi_s1-5_f0.12,33,0.5748395008295463,0.5770890328719201,2067,29,2071,4,16.15549442140351
frangi_s1-5_f0.14,33,0.5627925505427747,0.5376091509038307,2731,24,2735,4,17.0
frangi_s1-7_f0.08,33,0.5443167695091904,0.5792558958384043,827,71,831,4,16.15549442140351
frangi_s1-7_f0.1,33,0.5718346559279877,0.5873151517174617,1560,99,1564,4,15.524174696260024
frangi_s1-7_f0.12,33,0.566688307004256,0.5609843899561273,2303,102,2307,4,16.144651797721313
frangi_s1-7_f0.14,33,0.5512731135677057,0.5301812596293923,2912,100,2916,4,17.0
sato_s1-3_f0.08,33,0.43464230425397377,0.4614358724984894,133,35,137,4,31.38470965295043
sato_s1-3_f0.1,33,0.5389869319752063,0.5647329805871341,143,30,147,4,26.300184538019842
sato_s1-3_f0.12,33,0.6053523768304119,0.6332168066193008,159,26,163,4,22.090722034374522
sato_s1-3_f0.14,33,0.6344653586960131,0.6653269416598518,303,14,307,4,19.030231369645506
sato_s1-5_f0.08,33,0.3269302051762859,0.34412962130678215,94,35,98,4,44.28148578967728
sato_s1-5_f0.1,33,0.43661415768486717,0.45185495256469405,136,33,140,4,32.28002478313795
sato_s1-5_f0.12,33,0.5183221524922456,0.5390830233123526,141,27,145,4,28.647860932617924
sato_s1-5_f0.14,33,0.5685024731932411,0.5952722557191832,141,20,145,4,24.186773244895647
sato_s1-7_f0.08,33,0.26561716416283276,0.2710941583890307,73,31,77,4,58.30179810436268
sato_s1-7_f0.1,33,0.3758537644597102,0.3775237162740609,137,30,141,4,36.235341863986875
sato_s1-7_f0.12,33,0.45754887109572245,0.4661282727020913,185,31,189,4,31.144823004794873
sato_s1-7_f0.14,33,0.5105069216213525,0.5319545630963897,186,22,190,4,27.0
meijering_s1-3_f0.08,33,0.43237468111549615,0.4619554451321225,210,36,214,4,30.484418681925387
meijering_s1-3_f0.1,33,0.5374866753523629,0.5711770048808719,233,34,237,4,23.53720459187964
meijering_s1-3_f0.12,33,0.6000144268917261,0.6319914626113358,352,30,356,4,20.12461179749811
meijering_s1-3_f0.14,33,0.6239750356870165,0.6470356984366028,751,22,755,4,17.804493814764857
meijering_s1-5_f0.08,33,0.3165514685040228,0.31864571098055233,114,35,118,4,40.162171256046406
meijering_s1-5_f0.1,33,0.4274546961980339,0.43142949144881193,184,35,188,4,31.827660925679098
meijering_s1-5_f0.12,33,0.5074659164682969,0.5214439211413189,209,31,213,4,27.459060435491963
meijering_s1-5_f0.14,33,0.5606015337117817,0.587957996542713,236,20,240,4,23.259406699226016
meijering_s1-7_f0.08,33,0.2576368750408826,0.2552843150667329,92,25,96,4,53.33994715458468
meijering_s1-7_f0.1,33,0.36550988984957955,0.3569179562017207,160,29,164,4,36.38405683799977
meijering_s1-7_f0.12,33,0.4477746519512371,0.447846018056227,228,31,232,4,31.304951684997057
meijering_s1-7_f0.14,33,0.49988380971350793,0.5208800501029267,235,24,239,4,26.832815729997478
otsu,33,0.23848271894135536,0.25523374218479966,373,51,377,4,37.94733192202055
frangi_s1-3_f0.08,34,0.4585853068549803,0.5161893656532888,1042,94,1045,3,19.0
frangi_s1-3_f0.1,34,0.487849299169717,0.5310819445648133,1319,85,1322,3,18.384776310850235
frangi_s1-3_f0.12,34,0.5014074305749889,0.5336733302146688,1596,73,1599,3,18.35755975068582
frangi_s1-3_f0.14,34,0.5058633115495023,0.525008465112168,1924,68,1927,3,19.1049731745428
frangi_s1-5_f0.08,34,0.4585853068549803,0.5161893656532888,1042,94,1045,3,19.0
frangi_s1-5_f0.1,34,0.487849299169717,0.5310819445648133,1319,85,1322,3,18.384776310850235
frangi_s1-5_f0.12,34,0.5014074305749889,0.5336733302146688,1596,73,1599,3,18.35755975068582
frangi_s1-5_f0.14,34,0.5058633115495023,0.525008465112168,1924,68,1927,3,19.1049731745428
frangi_s1-7_f0.08,34,0.4580000780305099,0.515479865485613,1048,95,1051,3,19.0
frangi_s1-7_f0.1,34,0.48649227747522544,0.5297922097759674,1322,86,1325,3,18.35755975068582
frangi_s1-7_f0.12,34,0.49992592470657954,0.5317207862590343,1611,72,1614,3,18.383415482841936
frangi_s1-7_f0.14,34,0.5047028644719965,0.5235985825787092,1944,61,1947,3,19.1049731745428
sato_s1-3_f0.08,34,0.47996566657563106,0.49666259234315024,228,101,231,3,25.0
sato_s1-3_f0.1,34,0.5249794664857337,0.5387572705160059,295,100,298,3,22.20360331117452
sato_s1-3_f0.12,34,0.5525358442114273,0.5703162822346328,302,98,305,3,21.0
sato_s1-3_f0.14,34,0.5658401026079521,0.5847536484012089,318,87,321,3,20.248456731316587
sato_s1-5_f0.08,34,0.45140649994147714,0.44487210872211486,178,99,181,3,29.899757953947997
sato_s1-5_f0.1,34,0.4804571020444603,0.4803573297756762,182,94,185,3,26.0
sato_s1-5_f0.12,34,0.5069054634644191,0.5141246330475904,207,91,210,3,23.427546646777824
sato_s1-5_f0.14,34,0.5240640078177488,0.5372746639763183,234,90,237,3,21.93171219946131
sato_s1-7_f0.08,34,0.4329132690882135,0.40017660680177863,184,39,187,3,32.01562118716424
sato_s1-7_f0.1,34,0.44831711454334433,0.4272773796626176,179,32,182,3,30.364452901377952
sato_s1-7_f0.12,34,0.46591713443842697,0.4616846729906145,188,63,191,3,26.78049506938647
sato_s1-7_f0.14,34,0.48158553716484453,0.48987427218446666,182,74,185,3,24.839484696748443
meijering_s1-3_f0.08,34,0.4752448207249034,0.500767225058169,371,97,374,3,23.853720883753127
meijering_s1-3_f0.1,34,0.5192036425319168,0.5412954830872031,461,100,464,3,22.090722034374522
meijering_s1-3_f0.12,34,0.5460501407430575,0.5669722450958721,547,89,550,3,20.615528128088304
meijering_s1-3_f0.14,34,0.5621449948085262,0.5835513234635639,625,87,628,3,19.72308292331602
meijering_s1-5_f0.08,34,0.4492216456634544,0.43539204024738837,250,60,253,3,28.284271247461902
meijering_s1-5_f0.1,34,0.4737791268636729,0.47001798813807666,243,60,246,3,26.0
meijering_s1-5_f0.12,34,0.5000576141171048,0.5073451028649024,275,77,278,3,23.345235059857504
meijering_s1-5_f0.14,34,0.5169486349477799,0.5316465352940398,326,79,329,3,21.470910553583888
meijering_s1-7_f0.08,34,0.42686590456868634,0.3886590713270142,256,74,259,3,30.265491900843113
meijering_s1-7_f0.1,34,0.44285331666815464,0.410327845217715,273,37,276,3,28.284271247461902
meijering_s1-7_f0.12,34,0.45531613689114225,0.4356060872960787,225,8,228,3,26.076809620810597
meijering_s1-7_f0.14,34,0.46704941061503696,0.4653485370519686,233,20,236,3,25.0
otsu,34,0.2836156727846759,0.3476008870257594,555,948,558,3,28.0
frangi_s1-3_f0.08,35,0.5863758164461564,0.6295150481279093,615,19,616,1,14.422205101855956
frangi_s1-3_f0.1,35,0.628346366801758,0.6518805535836343,1106,17,1107,1,13.45362404707371
frangi_s1-3_f0.12,35,0.633069438147386,0.6310118321383642,1747,28,1748,1,14.035668847618199
frangi_s1-3_f0.14,35,0.6189748129073791,0.5888191693270546,2415,22,2416,1,15.0
frangi_s1-5_f0.08,35,0.5863758164461564,0.6295150481279093,615,19,616,1,14.422205101855956
frangi_s1-5_f0.1,35,0.628346366801758,0.6518805535836343,1106,17,1107,1,13.45362404707371
frangi_s1-5_f0.12,35,0.633069438147386,0.6310118321383642,1747,28,1748,1,14.035668847618199
frangi_s1-5_f0.14,35,0.6189748129073791,0.5888191693270546,2415,22,2416,1,15.0
frangi_s1-7_f0.08,35,0.5832356389214537,0.624558968222869,637,23,638,1,14.212670403551895
frangi_s1-7_f0.1,35,0.620202827406435,0.6430965641506631,1163,54,1164,1,13.416407864998739
frangi_s1-7_f0.12,35,0.6228158895127821,0.6189392460398752,1845,75,1846,1,14.0
frangi_s1-7_f0.14,35,0.6084815321477428,0.5797237645109449,2564,82,2565,1,15.0
sato_s1-3_f0.08,35,0.5066571763523698,0.5258203137577172,149,44,150,1,28.0178514522438
sato_s1-3_f0.1,35,0.5824913903000551,0.6086447498863887,152,36,153,1,22.20360331117452
sato_s1-3_f0.12,35,0.6371150559760053,0.6684339106054917,217,26,218,1,18.110770276274835
sato_s1-3_f0.14,35,0.6662267643035327,0.7042443567109884,337,12,338,1,16.15549442140351
sato_s1-5_f0.08,35,0.43991793669402113,0.459432596189001,127,43,128,1,34.132096331752024
sato_s1-5_f0.1,35,0.4955381775976559,0.5224226088780674,132,39,133,1,28.635642126552707
sato_s1-5_f0.12,35,0.5522617096222927,0.5902674266446967,149,31,150,1,24.698178070456937
sato_s1-5_f0.14,35,0.5968938601432365,0.6439096926715714,181,24,182,1,20.248456731316587
sato_s1-7_f0.08,35,0.40353374644113216,0.4037143794743115,128,28,129,1,36.40054944640259
sato_s1-7_f0.1,35,0.4487699069581597,0.4571000042979315,155,21,156,1,31.78049716414141
sato_s1-7_f0.12,35,0.5022495030167754,0.5320469330081283,169,31,170,1,27.294688127912362
sato_s1-7_f0.14,35,0.5491590890802285,0.5926225809417088,202,28,203,1,22.561028345356956
meijering_s1-3_f0.08,35,0.5223161949422207,0.5742456391855092,309,42,310,1,19.849433241279208
meijering_s1-3_f0.1,35,0.5896835816351771,0.6400169091694679,420,37,421,1,17.11724276862369
meijering_s1-3_f0.12,35,0.636487287692254,0.6773703299446422,669,29,670,1,14.866068747318506
meijering_s1-3_f0.14,35,0.6528687535205601,0.674941797500994,1136,25,1137,1,14.035668847618199
meijering_s1-5_f0.08,35,0.4508038854463239,0.4974364209340846,281,6,282,1,25.495097567963924
meijering_s1-5_f0.1,35,0.5088951043628822,0.5617815506305008,286,5,287,1,21.470910553583888
meijering_s1-5_f0.12,35,0.559760053011544,0.622012179287706,379,23,380,1,18.98419957660611
meijering_s1-5_f0.14,35,0.601303613100507,0.6597186171078963,532,18,533,1,16.64331697709324
meijering_s1-7_f0.08,35,0.3740998157762519,0.3916657799445693,322,6,323,1,28.640878757723524
meijering_s1-7_f0.1,35,0.4302376467454383,0.4641665141974136,313,1,314,1,25.553864678361276
meijering_s1-7_f0.12,35,0.48289331426777804,0.5383474922389715,351,4,352,1,21.93171219946131
meijering_s1-7_f0.14,35,0.5248893538263458,0.5980085364669961,419,3,420,1,20.248456731316587
otsu,35,0.41262204948336334,0.4034925435122056,1793,881,1794,1,24.758836806279895
frangi_s1-3_f0.08,36,0.5183593180824713,0.5938288597877072,635,9,640,5,12.0
frangi_s1-3_f0.1,36,0.5792923113025696,0.646039272484485,1029,16,1034,5,10.198039027185569
frangi_s1-3_f0.12,36,0.6057689322197037,0.6496651872446284,1534,18,1539,5,10.44030650891055
frangi_s1-3_f0.14,36,0.6117769521028207,0.6287351841630109,2128,11,2133,5,11.180339887498949
frangi_s1-5_f0.08,36,0.5183593180824713,0.5938288597877072,635,9,640,5,12.0
frangi_s1-5_f0.1,36,0.5792923113025696,0.646039272484485,1029,16,1034,5,10.198039027185569
frangi_s1-5_f0.12,36,0.6057689322197037,0.6496651872446284,1534,18,1539,5,10.44030650891055
frangi_s1-5_f0.14,36,0.6117769521028207,0.6287351841630109,2128,11,2133,5,11.180339887498949
frangi_s1-7_f0.08,36,0.517557919277284,0.5890590866583851,640,16,645,5,11.704699910719626
frangi_s1-7_f0.1,36,0.5770797365024556,0.6369858383146536,1077,23,1082,5,10.04987562112089
frangi_s1-7_f0.12,36,0.6008631663923991,0.6370396825159889,1673,45,1678,5,10.44030650891055
frangi_s1-7_f0.14,36,0.6045193656117624,0.6178024900921965,2291,48,2296,5,11.180339887498949
sato_s1-3_f0.08,36,0.42907620574092964,0.4755010938902063,94,55,99,5,29.832867780352597
sato_s1-3_f0.1,36,0.5136190683719137,0.5526725458986979,141,53,146,5,21.400934559032695
sato_s1-3_f0.12,36,0.5844381656161703,0.6201749675005862,163,50,168,5,17.72004514666935
sato_s1-3_f0.14,36,0.6340412612586563,0.6707965419355242,230,36,235,5,15.231546211727817
sato_s1-5_f0.08,36,0.3738525426198456,0.4065534797945341,112,54,117,5,36.40054944640259
sato_s1-5_f0.1,36,0.4445599155198713,0.47694777938325866,92,52,97,5,29.698484809834994
sato_s1-5_f0.12,36,0.5139876424379793,0.5402579619373606,124,45,129,5,22.20360331117452
sato_s1-5_f0.14,36,0.5681157744076103,0.5992388553570717,162,46,167,5,18.601075237738275
sato_s1-7_f0.08,36,0.3384088590995192,0.3462615210459214,128,39,133,5,41.0
sato_s1-7_f0.1,36,0.4014817546388642,0.41720332777410063,128,48,133,5,34.785054261852174
sato_s1-7_f0.12,36,0.46673083491166517,0.48751762930623543,129,51,134,5,25.428270858641334
sato_s1-7_f0.14,36,0.5177753039656493,0.5488411551427508,186,47,191,5,20.8806130178211
meijering_s1-3_f0.08,36,0.44076934285297975,0.524434901449395,338,44,343,5,18.439088914585774
meijering_s1-3_f0.1,36,0.5188823144873363,0.5970171730023849,429,53,434,5,15.620499351813308
meijering_s1-3_f0.12,36,0.5808364641227063,0.6462802408298084,693,49,698,5,12.529964086141668
meijering_s1-3_f0.14,36,0.6217525191921236,0.6699776971193393,1096,44,1101,5,11.180339887498949
meijering_s1-5_f0.08,36,0.37352469765408713,0.4373997197288622,245,19,250,5,24.758836806279895
meijering_s1-5_f0.1,36,0.44295077021069745,0.5044798966690397,305,13,310,5,19.6468827043885
meijering_s1-5_f0.12,36,0.5126525289533331,0.5736214238028277,367,44,372,5,17.029386365926403
meijering_s1-5_f0.14,36,0.5662652344258265,0.6245956307170981,525,42,530,5,14.317821063276353
meijering_s1-7_f0.08,36,0.33793530526009036,0.3890971434572337,276,5,281,5,27.85677655436824
meijering_s1-7_f0.1,36,0.40332556697229255,0.4605145211638819,274,12,279,5,21.540659228538015
meijering_s1-7_f0.12,36,0.4670102772689167,0.5311828886285133,345,2,350,5,18.788294228055936
meijering_s1-7_f0.14,36,0.5198860761323715,0.5904774292771533,418,47,423,5,16.401219466856727
otsu,36,0.4090265486725664,0.48101826250080626,758,47,763,5,24.331050121192877
frangi_s1-3_f0.08,37,0.5535915757803685,0.5894761055460744,868,12,871,3,16.278820596099706
frangi_s1-3_f0.1,37,0.590949693064979,0.6099441260724036,1291,10,1294,3,15.524174696260024
frangi_s1-3_f0.12,37,0.596109600501987,0.5898747521763512,1887,30,1890,3,15.811388300841896
frangi_s1-3_f0.14,37,0.5885041930239671,0.5567235127892144,2465,21,2468,3,16.15549442140351
frangi_s1-5_f0.08,37,0.5535915757803685,0.5894761055460744,868,12,871,3,16.278820596099706
frangi_s1-5_f0.1,37,0.590949693064979,0.6099441260724036,1291,10,1294,3,15.524174696260024
frangi_s1-5_f0.12,37,0.596109600501987,0.5898747521763512,1887,30,1890,3,15.811388300841896
frangi_s1-5_f0.14,37,0.5885041930239671,0.5567235127892144,2465,21,2468,3,16.15549442140351
frangi_s1-7_f0.08,37,0.5480339308846266,0.5833766888481668,900,48,903,3,15.811388300841896
frangi_s1-7_f0.1,37,0.5826633977611798,0.600060761104739,1369,64,1372,3,15.132745950421556
frangi_s1-7_f0.12,37,0.5876037091264031,0.5821923060204368,1987,81,1990,3,15.652475842498529
frangi_s1-7_f0.14,37,0.5813575418095193,0.5535001448013872,2556,88,2559,3,16.1245154965971
sato_s1-3_f0.08,37,0.49371108603902886,0.5166183922990132,150,47,153,3,28.625159276231848
sato_s1-3_f0.1,37,0.5653686071041678,0.5931103163405804,185,43,188,3,24.041630560342615
sato_s1-3_f0.12,37,0.614585512096493,0.6407369016097779,266,32,269,3,20.808652046684813
sato_s1-3_f0.14,37,0.6355690762470424,0.6572644178306136,439,23,442,3,18.384776310850235
sato_s1-5_f0.08,37,0.4278132965609461,0.45538724287813076,134,48,137,3,43.01162633521314
sato_s1-5_f0.1,37,0.4885873386928179,0.5178371890317403,146,45,149,3,28.653097563788805
sato_s1-5_f0.12,37,0.543226661089033,0.5807705355689359,173,41,176,3,24.576386150438896
sato_s1-5_f0.14,37,0.5788787483702738,0.6177844623938089,225,31,228,3,22.0
sato_s1-7_f0.08,37,0.3861936400484727,0.40113561575315143,130,31,133,3,46.04345773288535
sato_s1-7_f0.1,37,0.44286067240625654,0.47077805859884264,180,40,183,3,31.144823004794873
sato_s1-7_f0.12,37,0.5022659136861186,0.5406907415802986,203,35,206,3,25.495097567963924
sato_s1-7_f0.14,37,0.539797511548924,0.5852337200073269,250,35,253,3,23.08679276123039
meijering_s1-3_f0.08,37,0.5053696042789687,0.5527532636215203,336,46,339,3,23.600847442411894
meijering_s1-3_f0.1,37,0.5684854704753217,0.6132449199299286,487,46,490,3,19.313207915827967
meijering_s1-3_f0.12,37,0.6066373840898,0.6371647500170856,822,38,825,3,17.343305579607993
meijering_s1-3_f0.14,37,0.6226922272120012,0.6330367320990545,1211,36,1214,3,16.55294535724685
meijering_s1-5_f0.08,37,0.4135639964899085,0.4417827980581018,238,7,241,3,29.966648127543394
meijering_s1-5_f0.1,37,0.4766520326130338,0.5163652337117826,281,41,284,3,25.019992006393608
meijering_s1-5_f0.12,37,0.5305375444467685,0.5732680285926299,352,35,355,3,22.0
meijering_s1-5_f0.14,37,0.5659053229674699,0.6147222707529718,521,38,524,3,19.697715603592208
meijering_s1-7_f0.08,37,0.3502987756466508,0.35991251632092164,281,68,284,3,31.83393857693149
meijering_s1-7_f0.1,37,0.4157211547598685,0.44651751641246684,279,17,282,3,27.502718474614518
meijering_s1-7_f0.12,37,0.47127518650212646,0.5145087820299165,346,24,349,3,24.758836806279895
meijering_s1-7_f0.14,37,0.503806718495984,0.5591346222273779,411,7,414,3,22.02271554554524
otsu,37,0.34379207845329135,0.3453707684473579,1644,1785,1647,3,21.02379604162864
frangi_s1-3_f0.08,38,0.5242209453508367,0.5813352499415166,762,20,765,3,16.278820596099706
frangi_s1-3_f0.1,38,0.5738835543362293,0.6164091702546943,1116,14,1119,3,15.297058540778355
frangi_s1-3_f0.12,38,0.5900855297608658,0.6083531029964772,1670,18,1673,3,16.0
frangi_s1-3_f0.14,38,0.5876441409521356,0.579739991214134,2275,20,2278,3,16.492422502470642
frangi_s1-5_f0.08,38,0.5242209453508367,0.5813352499415166,762,20,765,3,16.278820596099706
frangi_s1-5_f0.1,38,0.5738835543362293,0.6164091702546943,1116,14,1119,3,15.297058540778355
frangi_s1-5_f0.12,38,0.5900855297608658,0.6083531029964772,1670,18,1673,3,16.0
frangi_s1-5_f0.14,38,0.5876441409521356,0.579739991214134,2275,20,2278,3,16.492422502470642
frangi_s1-7_f0.08,38,0.5314348026674496,0.5806717959370544,820,18,823,3,15.811388300841896
frangi_s1-7_f0.1,38,0.5778082609358329,0.6099341906182416,1228,58,1231,3,15.132745950421556
frangi_s1-7_f0.12,38,0.5913422935939955,0.6013650914303668,1841,88,1844,3,16.0
frangi_s1-7_f0.14,38,0.5855182632223153,0.5710871455939692,2462,77,2465,3,16.492422502470642
sato_s1-3_f0.08,38,0.43727718827328776,0.46395628986643167,104,43,107,3,32.984845004941285
sato_s1-3_f0.1,38,0.5333790580704161,0.5567086647978192,138,40,141,3,26.40075756488817
sato_s1-3_f0.12,38,0.5986734159539187,0.6284514983640492,205,34,208,3,22.47220505424423
sato_s1-3_f0.14,38,0.6373767957224763,0.6769421264036799,275,23,278,3,18.973665961010276
sato_s1-5_f0.08,38,0.33057920563687454,0.35322005154314806,85,40,88,3,52.483328741503186
sato_s1-5_f0.1,38,0.42550678250266727,0.4545051911412722,93,36,96,3,37.57658845611187
sato_s1-5_f0.12,38,0.4990399720719148,0.532140645856051,129,30,132,3,28.30194339616981
sato_s1-5_f0.14,38,0.5510532757843201,0.5978406409304966,182,23,185,3,25.509789345563263
sato_s1-7_f0.08,38,0.26343161514910035,0.279537063760498,90,31,93,3,61.335551387050224
sato_s1-7_f0.1,38,0.36248285322359397,0.3881211378465719,109,32,112,3,45.685876472061466
sato_s1-7_f0.12,38,0.4425205096875545,0.47143806911052877,142,30,145,3,31.622776601683793
sato_s1-7_f0.14,38,0.4995168459704954,0.539086487687274,181,28,184,3,28.041920261590313
meijering_s1-3_f0.08,38,0.43803212682967746,0.4778380252597119,228,41,231,3,28.0178514522438
meijering_s1-3_f0.1,38,0.5315119646395366,0.5680611087730274,318,41,321,3,23.706539182259394
meijering_s1-3_f0.12,38,0.5962646186070868,0.6353216293701774,483,35,486,3,18.601075237738275
meijering_s1-3_f0.14,38,0.6331894608001031,0.6696483745725421,713,24,716,3,17.0
meijering_s1-5_f0.08,38,0.3145996728599589,0.3403455445516622,146,38,149,3,40.04622229950815
meijering_s1-5_f0.1,38,0.4140374942844079,0.44826373551466897,208,35,211,3,30.083217912982647
meijering_s1-5_f0.12,38,0.48992843428172456,0.5304716352368419,269,31,272,3,26.419689627245813
meijering_s1-5_f0.14,38,0.541293564388327,0.5902750430049223,365,27,368,3,23.40939982143925
meijering_s1-7_f0.08,38,0.24824896195948495,0.2631723501682213,138,16,141,3,52.61558649504352
meijering_s1-7_f0.1,38,0.3488035360463344,0.3786225069511697,189,29,192,3,33.06055050963308
meijering_s1-7_f0.12,38,0.43065107348577414,0.47490695909853425,248,33,251,3,29.154759474226502
meijering_s1-7_f0.14,38,0.4896927140372351,0.5432561764204547,332,26,335,3,26.40075756488817
otsu,38,0.08695100815826183,0.10366142594350516,255,12,258,3,62.42595614005443
frangi_s1-3_f0.08,39,0.49796954314720815,0.5388154666402999,779,1,786,7,15.524174696260024
frangi_s1-3_f0.1,39,0.5467199876951473,0.5829255817595452,1169,39,1176,7,14.142135623730951
frangi_s1-3_f0.12,39,0.5667459688078245,0.5844217039813995,1670,39,1677,7,14.560219778561036
frangi_s1-3_f0.14,39,0.568008067926738,0.5642847375896817,2307,58,2314,7,15.132745950421556
frangi_s1-5_f0.08,39,0.49796954314720815,0.5388154666402999,779,1,786,7,15.524174696260024
frangi_s1-5_f0.1,39,0.5467199876951473,0.5829255817595452,1169,39,1176,7,14.142135623730951
frangi_s1-5_f0.12,39,0.5667459688078245,0.5844217039813995,1670,39,1677,7,14.560219778561036
frangi_s1-5_f0.14,39,0.568008067926738,0.5642847375896817,2307,58,2314,7,15.132745950421556
frangi_s1-7_f0.08,39,0.510575296108291,0.5451346515509436,830,9,837,7,15.132745950421556
frangi_s1-7_f0.1,39,0.5551026686149351,0.5798545210294649,1291,19,1298,7,14.0
frangi_s1-7_f0.12,39,0.5682615208388404,0.5756861520258836,1858,72,1865,7,14.560219778561036
frangi_s1-7_f0.14,39,0.5662188099808061,0.5557415912902619,2501,108,2508,7,15.162386028813003
sato_s1-3_f0.08,39,0.4098984771573604,0.43777631913074827,115,39,122,7,38.897300677553446
sato_s1-3_f0.1,39,0.5084595862493271,0.5387916048618941,148,38,155,7,26.453718604746715
sato_s1-3_f0.12,39,0.576050753370341,0.6146823070825486,164,31,171,7,22.0
sato_s1-3_f0.14,39,0.6181398223754839,0.6720203250760116,226,24,233,7,18.681541692269406
sato_s1-5_f0.08,39,0.32119289340101526,0.34385311328839535,86,37,93,7,45.0
sato_s1-5_f0.1,39,0.42709374759670843,0.4510522518201937,123,36,130,7,38.309915433579434
sato_s1-5_f0.12,39,0.5039650371832376,0.5327477912318894,138,33,145,7,27.073972741361768
sato_s1-5_f0.14,39,0.554442239500309,0.5948988134653659,161,25,168,7,23.345235059857504
sato_s1-7_f0.08,39,0.28582910321489,0.29386997212149774,76,34,83,7,53.0
sato_s1-7_f0.1,39,0.38794893486118587,0.40020692020933796,116,36,123,7,41.008535316173834
sato_s1-7_f0.12,39,0.46446382941228304,0.4816780125585137,150,31,157,7,29.41683079950205
sato_s1-7_f0.14,39,0.5164774390839,0.5457834870088998,181,28,188,7,26.0
meijering_s1-3_f0.08,39,0.4098984771573604,0.4496585326802803,225,39,232,7,29.068883707497267
meijering_s1-3_f0.1,39,0.5097285241867261,0.5528983421233206,301,36,308,7,22.825424421026653
meijering_s1-3_f0.12,39,0.5772490968367257,0.6234976094652378,416,36,423,7,19.0
meijering_s1-3_f0.14,39,0.6131949640521812,0.655826663932036,682,29,689,7,16.64331697709324
meijering_s1-5_f0.08,39,0.31632825719120133,0.3409436293832393,163,34,170,7,40.23928014470035
meijering_s1-5_f0.1,39,0.4269783896023994,0.4577917106896249,218,35,225,7,29.068883707497267
meijering_s1-5_f0.12,39,0.5051370164772226,0.541599930480991,278,34,285,7,24.020824298928627
meijering_s1-5_f0.14,39,0.5568496047366538,0.6008941795322505,377,28,384,7,21.0
meijering_s1-7_f0.08,39,0.2748730964467005,0.2882324331777294,113,37,120,7,47.21439774633625
meijering_s1-7_f0.1,39,0.3827578251172806,0.4011375320699822,193,34,200,7,31.953090617340916
meijering_s1-7_f0.12,39,0.4618556701030928,0.4875835685281915,265,34,272,7,28.284271247461902
meijering_s1-7_f0.14,39,0.5130290510426494,0.551668463560417,362,33,369,7,23.194827009486403
otsu,39,0.42384758953410573,0.46303558476877565,761,75,768,7,24.0
frangi_s1-3_f0.08,40,0.5714285714285714,0.5986218623945735,793,45,796,3,16.278820596099706
frangi_s1-3_f0.1,40,0.598412173337744,0.6021643545821651,1454,68,1457,3,16.97056274847714
frangi_s1-3_f0.12,40,0.5956147131464339,0.5718274289042599,2224,79,2227,3,17.69180601295413
frangi_s1-3_f0.14,40,0.5817999099005441,0.5324603600796941,2921,71,2924,3,18.165777202122964
frangi_s1-5_f0.08,40,0.5714285714285714,0.5986218623945735,793,45,796,3,16.278820596099706
frangi_s1-5_f0.1,40,0.598412173337744,0.6021643545821651,1454,68,1457,3,16.97056274847714
frangi_s1-5_f0.12,40,0.5956147131464339,0.5718274289042599,2224,79,2227,3,17.69180601295413
frangi_s1-5_f0.14,40,0.5817999099005441,0.5324603600796941,2921,71,2924,3,18.165777202122964
frangi_s1-7_f0.08,40,0.5673547855540807,0.5918136042514045,820,40,823,3,16.15549442140351
frangi_s1-7_f0.1,40,0.5907624875951042,0.5938613473860958,1530,71,1533,3,16.97056274847714
frangi_s1-7_f0.12,40,0.5818140683622104,0.5613045969989291,2339,93,2342,3,17.69180601295413
frangi_s1-7_f0.14,40,0.5647156669092421,0.5252070541910845,3090,99,3093,3,18.027756377319946
sato_s1-3_f0.08,40,0.5421797043072275,0.5496471988272252,143,26,146,3,32.202484376209235
sato_s1-3_f0.1,40,0.6142904399603043,0.6245863465316545,135,21,138,3,22.59422267166324
sato_s1-3_f0.12,40,0.6579061480741313,0.6802655522558199,190,16,193,3,19.209372712298546
sato_s1-3_f0.14,40,0.6712062931004609,0.7013912476060304,376,7,379,3,17.46424919657298
sato_s1-5_f0.08,40,0.49022749118872155,0.4892392348790376,132,25,135,3,38.12607082395893
sato_s1-5_f0.1,40,0.5591713529606351,0.5628673391301778,134,24,137,3,30.002499305941054
sato_s1-5_f0.12,40,0.6016477819045644,0.62127887766931,140,19,143,3,23.259406699226016
sato_s1-5_f0.14,40,0.6256021069411235,0.668277875750502,170,13,173,3,20.396078054371138
sato_s1-7_f0.08,40,0.45360919119329884,0.4387075098910109,153,21,156,3,39.0
sato_s1-7_f0.1,40,0.5188140919616275,0.5145851399919664,169,23,172,3,31.38470965295043
sato_s1-7_f0.12,40,0.5625836616956694,0.5809010952578009,169,20,172,3,24.73863375370596
sato_s1-7_f0.14,40,0.5889385591017777,0.6324235407619783,189,15,192,3,22.561028345356956
meijering_s1-3_f0.08,40,0.538472101432691,0.5465314689484241,222,27,225,3,25.45584412271571
meijering_s1-3_f0.1,40,0.610941118094608,0.623687977294765,252,23,255,3,21.052286868868624
meijering_s1-3_f0.12,40,0.6504025188062065,0.6679631690414264,440,22,443,3,18.027756377319946
meijering_s1-3_f0.14,40,0.6566171119659008,0.6669424478148709,922,16,925,3,17.26267650163207
meijering_s1-5_f0.08,40,0.459880075067515,0.430927608730658,171,19,174,3,37.013511046643494
meijering_s1-5_f0.1,40,0.5265051273569302,0.5178739533676109,193,23,196,3,29.0
meijering_s1-5_f0.12,40,0.5731415320223978,0.5848662365370673,221,18,224,3,23.430749027719962
meijering_s1-5_f0.14,40,0.597809890147971,0.6346831890973939,278,15,281,3,20.248456731316587
meijering_s1-7_f0.08,40,0.423216002197098,0.3835350359405067,156,7,159,3,49.026522754694305
meijering_s1-7_f0.1,40,0.48064836255375454,0.46997131922848756,197,19,200,3,33.52610922848042
meijering_s1-7_f0.12,40,0.5230670613299145,0.5350475929369711,218,16,221,3,25.96150997149434
meijering_s1-7_f0.14,40,0.5522057039886336,0.5937165994741147,235,17,238,3,23.021728866442675
otsu,40,0.45320983711274354,0.4161510780364473,1870,821,1873,3,23.323807579381203
