kind,pair,trained_on,image,band,n_px,contested_frac,auroc_single,mean_single_contested,mean_single_agreed,auroc_ens_mean,mean_ens_mean_contested,mean_ens_mean_agreed,auroc_disagree,mean_disagree_contested,mean_disagree_agreed
seed,ah_f0,ah,im0162,Q1_dimmest,8081,0.89147,0.18698,0.02742,0.14117,0.16346,0.04622,0.25275,0.17257,0.03497,0.18055
seed,ah_f0,ah,im0162,Q2,11449,0.68836,0.27752,0.07502,0.16934,0.25798,0.12174,0.29325,0.26949,0.08491,0.20992
seed,ah_f0,ah,im0162,Q3,12944,0.33915,0.49631,0.16875,0.15845,0.53354,0.2526,0.21831,0.53325,0.16146,0.14032
seed,ah_f0,ah,im0162,Q4_clearest,17112,0.05932,0.84158,0.24787,0.04977,0.86873,0.35185,0.06605,0.84309,0.20056,0.04039
seed,ah_f0,ah,im0163,Q1_dimmest,5186,0.85885,0.21942,0.0585,0.20526,0.20962,0.07905,0.2863,0.22799,0.05336,0.17329
seed,ah_f0,ah,im0163,Q2,9046,0.74652,0.3678,0.12383,0.2015,0.36347,0.18522,0.2948,0.37177,0.12112,0.19316
seed,ah_f0,ah,im0163,Q3,12344,0.42158,0.64215,0.25233,0.15296,0.66694,0.31521,0.18534,0.64013,0.16987,0.10909
seed,ah_f0,ah,im0163,Q4_clearest,23265,0.06082,0.90087,0.2364,0.02829,0.91232,0.28471,0.03181,0.87828,0.13093,0.01663
seed,ah_f0,ah,im0235,Q1_dimmest,13323,0.81506,0.21477,0.04545,0.16008,0.18268,0.06332,0.26016,0.19096,0.04452,0.17309
seed,ah_f0,ah,im0235,Q2,13930,0.58227,0.3405,0.09347,0.16266,0.33706,0.13266,0.2347,0.34828,0.08418,0.14602
seed,ah_f0,ah,im0235,Q3,14288,0.29171,0.58104,0.17446,0.13105,0.58658,0.22659,0.17233,0.58385,0.12702,0.09573
seed,ah_f0,ah,im0235,Q4_clearest,19285,0.05476,0.88685,0.26549,0.03929,0.89557,0.32354,0.04966,0.86838,0.15684,0.02794
seed,ah_f0,ah,im0236,Q1_dimmest,12278,0.78319,0.26064,0.0555,0.16638,0.24382,0.08315,0.24644,0.25584,0.05983,0.16137
seed,ah_f0,ah,im0236,Q2,12694,0.53387,0.37791,0.11667,0.1735,0.36534,0.15841,0.24762,0.3712,0.09538,0.15149
seed,ah_f0,ah,im0236,Q3,15124,0.23969,0.61907,0.18675,0.1151,0.63204,0.24092,0.14836,0.62736,0.13207,0.08284
seed,ah_f0,ah,im0236,Q4_clearest,17583,0.04311,0.84984,0.22948,0.04494,0.88054,0.31409,0.06162,0.85354,0.17321,0.03957
seed,ah_f0,ah,im0239,Q1_dimmest,10232,0.75352,0.38795,0.03659,0.09438,0.32487,0.04629,0.1805,0.32506,0.0338,0.14006
seed,ah_f0,ah,im0239,Q2,13453,0.5482,0.32491,0.06271,0.1421,0.26517,0.08602,0.26578,0.27011,0.06005,0.20216
seed,ah_f0,ah,im0239,Q3,17219,0.24299,0.48144,0.1428,0.12811,0.45606,0.19246,0.21262,0.45807,0.11974,0.1504
seed,ah_f0,ah,im0239,Q4_clearest,13841,0.04183,0.79515,0.21817,0.05523,0.79089,0.28285,0.0886,0.76864,0.16567,0.06297
seed,ah_f0,ah,im0240,Q1_dimmest,25455,0.65842,0.32292,0.03253,0.09535,0.28214,0.0523,0.20717,0.28108,0.03955,0.17193
seed,ah_f0,ah,im0240,Q2,20238,0.37084,0.32181,0.07683,0.14256,0.29722,0.11846,0.25681,0.30089,0.07844,0.18887
seed,ah_f0,ah,im0240,Q3,13823,0.11777,0.65011,0.20104,0.10291,0.65185,0.25487,0.14678,0.63634,0.13534,0.09052
seed,ah_f0,ah,im0240,Q4_clearest,7375,0.00841,0.86958,0.19566,0.02476,0.87542,0.18356,0.02595,0.84459,0.07848,0.01314
seed,ah_f0,ah,im0255,Q1_dimmest,12113,0.83035,0.24857,0.03412,0.11994,0.23493,0.05023,0.19609,0.24333,0.0348,0.13486
seed,ah_f0,ah,im0255,Q2,14210,0.55876,0.29698,0.08148,0.1713,0.29747,0.13555,0.27098,0.3113,0.09198,0.18024
seed,ah_f0,ah,im0255,Q3,14708,0.20118,0.5416,0.18549,0.14355,0.56544,0.25216,0.1991,0.57023,0.15386,0.12174
seed,ah_f0,ah,im0255,Q4_clearest,16385,0.02673,0.8935,0.27115,0.04556,0.9122,0.37157,0.05291,0.88213,0.20613,0.03118
seed,ah_f0,ah,im0291,Q1_dimmest,10378,0.64733,0.30575,0.05302,0.11508,0.28257,0.08607,0.21331,0.28889,0.0609,0.16261
seed,ah_f0,ah,im0291,Q2,8228,0.29375,0.42482,0.12592,0.1349,0.4231,0.19007,0.22557,0.42264,0.1234,0.16145
seed,ah_f0,ah,im0291,Q3,6036,0.08764,0.68697,0.2225,0.10055,0.6799,0.27792,0.14632,0.65189,0.13792,0.09557
seed,ah_f0,ah,im0291,Q4_clearest,3979,0.00251,0.93747,0.31841,0.02494,0.92683,0.28517,0.04809,0.90645,0.08235,0.03693
seed,ah_f0,ah,im0319,Q1_dimmest,10024,0.72676,0.33539,0.07296,0.13025,0.32217,0.12093,0.23738,0.32372,0.0905,0.1879
seed,ah_f0,ah,im0319,Q2,9867,0.40022,0.48439,0.15296,0.13911,0.47619,0.22737,0.23372,0.47062,0.1531,0.17396
seed,ah_f0,ah,im0319,Q3,6553,0.14894,0.76629,0.23646,0.07357,0.77465,0.3152,0.11232,0.75339,0.19363,0.07963
seed,ah_f0,ah,im0319,Q4_clearest,2090,0.01531,0.89012,0.09493,0.01334,0.89758,0.0828,0.01214,0.85904,0.03864,0.00766
seed,ah_f0,ah,im0324,Q1_dimmest,16445,0.70721,0.36372,0.04639,0.08933,0.36068,0.07827,0.15951,0.36347,0.06231,0.12747
seed,ah_f0,ah,im0324,Q2,14329,0.46563,0.40632,0.09342,0.10995,0.39555,0.15125,0.20662,0.40099,0.11418,0.16468
seed,ah_f0,ah,im0324,Q3,10272,0.21739,0.59054,0.15991,0.094,0.59029,0.24207,0.16556,0.58632,0.16465,0.12257
seed,ah_f0,ah,im0324,Q4_clearest,4535,0.03462,0.78951,0.17001,0.03544,0.8112,0.22974,0.06106,0.81009,0.13028,0.04373
seed,vk_f0,vk,im0162,Q1_dimmest,8081,0.89147,0.47107,0.21057,0.1923,0.44943,0.27506,0.2843,0.45268,0.16613,0.17877
seed,vk_f0,vk,im0162,Q2,11449,0.68836,0.69885,0.23073,0.10452,0.69964,0.31687,0.15057,0.66972,0.18788,0.09612
seed,vk_f0,vk,im0162,Q3,12944,0.33915,0.7729,0.13591,0.03384,0.7892,0.20726,0.056,0.75514,0.12817,0.03752
seed,vk_f0,vk,im0162,Q4_clearest,17112,0.05932,0.83643,0.06395,0.00878,0.84541,0.10605,0.02624,0.81275,0.06753,0.0219
seed,vk_f0,vk,im0163,Q1_dimmest,5186,0.85885,0.66596,0.26467,0.15554,0.64747,0.33652,0.21282,0.64141,0.20407,0.12858
seed,vk_f0,vk,im0163,Q2,9046,0.74652,0.73466,0.23728,0.09297,0.74501,0.3305,0.13481,0.71743,0.19349,0.08099
seed,vk_f0,vk,im0163,Q3,12344,0.42158,0.77779,0.13187,0.02789,0.78589,0.18829,0.04727,0.75753,0.10735,0.02937
seed,vk_f0,vk,im0163,Q4_clearest,23265,0.06082,0.87186,0.07983,0.00871,0.87816,0.11647,0.01627,0.84435,0.06833,0.01118
seed,vk_f0,vk,im0235,Q1_dimmest,13323,0.81506,0.49645,0.21454,0.20428,0.45071,0.27806,0.30968,0.45917,0.18205,0.20126
seed,vk_f0,vk,im0235,Q2,13930,0.58227,0.71443,0.25097,0.11506,0.69737,0.34833,0.18068,0.68461,0.21836,0.1152
seed,vk_f0,vk,im0235,Q3,14288,0.29171,0.80909,0.19959,0.04661,0.8098,0.30197,0.08391,0.78149,0.18581,0.05569
seed,vk_f0,vk,im0235,Q4_clearest,19285,0.05476,0.86541,0.0763,0.01131,0.86831,0.12358,0.02561,0.82968,0.07541,0.01932
seed,vk_f0,vk,im0236,Q1_dimmest,12278,0.78319,0.47935,0.22303,0.21486,0.42252,0.29357,0.3581,0.43151,0.19809,0.25835
seed,vk_f0,vk,im0236,Q2,12694,0.53387,0.74308,0.27306,0.11082,0.71527,0.38643,0.19262,0.684,0.24273,0.13378
seed,vk_f0,vk,im0236,Q3,15124,0.23969,0.82014,0.19415,0.04163,0.81724,0.29486,0.08046,0.78276,0.18276,0.05682
seed,vk_f0,vk,im0236,Q4_clearest,17583,0.04311,0.86031,0.09038,0.01079,0.85817,0.15519,0.02389,0.82063,0.09885,0.01745
seed,vk_f0,vk,im0239,Q1_dimmest,10232,0.75352,0.46421,0.20344,0.23095,0.41375,0.24688,0.33842,0.41343,0.16254,0.24002
seed,vk_f0,vk,im0239,Q2,13453,0.5482,0.65829,0.27107,0.15867,0.61019,0.36708,0.26675,0.58688,0.22708,0.18688
seed,vk_f0,vk,im0239,Q3,17219,0.24299,0.81105,0.22089,0.05807,0.78854,0.32934,0.11973,0.7513,0.20599,0.09171
seed,vk_f0,vk,im0239,Q4_clearest,13841,0.04183,0.82976,0.05038,0.01299,0.80962,0.12162,0.04952,0.7692,0.0921,0.0432
seed,vk_f0,vk,im0240,Q1_dimmest,25455,0.65842,0.45989,0.17069,0.18202,0.42531,0.22332,0.29049,0.42147,0.1498,0.21242
seed,vk_f0,vk,im0240,Q2,20238,0.37084,0.73342,0.25773,0.11166,0.71218,0.35462,0.17711,0.68541,0.22158,0.12204
seed,vk_f0,vk,im0240,Q3,13823,0.11777,0.85083,0.13424,0.02397,0.84879,0.19317,0.03393,0.81316,0.11595,0.02069
seed,vk_f0,vk,im0240,Q4_clearest,7375,0.00841,0.87854,0.03762,0.0025,0.87544,0.0435,0.00262,0.81418,0.02154,0.00155
seed,vk_f0,vk,im0255,Q1_dimmest,12113,0.83035,0.43632,0.21181,0.24195,0.4153,0.28451,0.34829,0.4236,0.17363,0.21245
seed,vk_f0,vk,im0255,Q2,14210,0.55876,0.64632,0.25758,0.15252,0.66046,0.35783,0.21084,0.63606,0.20513,0.1245
seed,vk_f0,vk,im0255,Q3,14708,0.20118,0.80798,0.1877,0.04547,0.81981,0.25944,0.06025,0.77589,0.14192,0.03525
seed,vk_f0,vk,im0255,Q4_clearest,16385,0.02673,0.8804,0.08808,0.00821,0.90837,0.10968,0.0144,0.87632,0.05955,0.01089
seed,vk_f0,vk,im0291,Q1_dimmest,10378,0.64733,0.41692,0.17054,0.20044,0.37406,0.25142,0.35037,0.38127,0.18269,0.26788
seed,vk_f0,vk,im0291,Q2,8228,0.29375,0.70709,0.2193,0.0995,0.68769,0.33478,0.17868,0.65991,0.22561,0.1316
seed,vk_f0,vk,im0291,Q3,6036,0.08764,0.83805,0.12757,0.02753,0.81402,0.17897,0.05677,0.77077,0.11352,0.04217
seed,vk_f0,vk,im0291,Q4_clearest,3979,0.00251,0.89686,0.00936,0.00512,0.92933,0.02087,0.00821,0.92625,0.01348,0.00579
seed,vk_f0,vk,im0319,Q1_dimmest,10024,0.72676,0.38623,0.16522,0.22285,0.35368,0.23309,0.35597,0.36126,0.16964,0.26547
seed,vk_f0,vk,im0319,Q2,9867,0.40022,0.67494,0.23298,0.12617,0.64409,0.34787,0.22959,0.6306,0.23808,0.16478
seed,vk_f0,vk,im0319,Q3,6553,0.14894,0.77037,0.11496,0.0359,0.76182,0.21803,0.06987,0.72909,0.15089,0.04958
seed,vk_f0,vk,im0319,Q4_clearest,2090,0.01531,0.86651,0.00638,0.00272,0.8982,0.0129,0.00424,0.84976,0.0073,0.00224
seed,vk_f0,vk,im0324,Q1_dimmest,16445,0.70721,0.40224,0.13075,0.17288,0.36967,0.18451,0.30215,0.36956,0.14869,0.25575
seed,vk_f0,vk,im0324,Q2,14329,0.46563,0.5914,0.2213,0.16747,0.5323,0.34419,0.3249,0.51584,0.25325,0.25937
seed,vk_f0,vk,im0324,Q3,10272,0.21739,0.71868,0.18757,0.08936,0.69838,0.30318,0.16698,0.66793,0.20868,0.12937
seed,vk_f0,vk,im0324,Q4_clearest,4535,0.03462,0.76202,0.08509,0.03527,0.74682,0.14106,0.07056,0.69408,0.09926,0.05752
seed,soft_f0,soft,im0162,Q1_dimmest,8081,0.89147,0.26718,0.16393,0.30594,0.27362,0.19961,0.37401,0.32246,0.09884,0.17797
seed,soft_f0,soft,im0162,Q2,11449,0.68836,0.56332,0.32611,0.25181,0.59777,0.38077,0.27313,0.5967,0.15936,0.10763
seed,soft_f0,soft,im0162,Q3,12944,0.33915,0.80388,0.34473,0.11821,0.8168,0.37302,0.12189,0.76937,0.14158,0.04659
seed,soft_f0,soft,im0162,Q4_clearest,17112,0.05932,0.90975,0.20883,0.0272,0.90748,0.21914,0.03286,0.84817,0.08333,0.0198
seed,soft_f0,soft,im0163,Q1_dimmest,5186,0.85885,0.46405,0.21931,0.23134,0.46675,0.27039,0.29629,0.47235,0.13058,0.14906
seed,soft_f0,soft,im0163,Q2,9046,0.74652,0.6349,0.34752,0.22872,0.66185,0.39174,0.24611,0.62997,0.15606,0.10364
seed,soft_f0,soft,im0163,Q3,12344,0.42158,0.8219,0.32713,0.09734,0.8336,0.34683,0.09703,0.77101,0.11629,0.03864
seed,soft_f0,soft,im0163,Q4_clearest,23265,0.06082,0.92288,0.19802,0.01987,0.92147,0.1994,0.02385,0.88396,0.06586,0.01249
seed,soft_f0,soft,im0235,Q1_dimmest,13323,0.81506,0.31699,0.16171,0.28261,0.31265,0.19835,0.35085,0.3451,0.09582,0.16431
seed,soft_f0,soft,im0235,Q2,13930,0.58227,0.57781,0.27553,0.21658,0.59377,0.32282,0.24485,0.58508,0.13008,0.10314
seed,soft_f0,soft,im0235,Q3,14288,0.29171,0.79289,0.33779,0.11692,0.80791,0.37544,0.12502,0.76482,0.13928,0.05206
seed,soft_f0,soft,im0235,Q4_clearest,19285,0.05476,0.92724,0.27192,0.03122,0.92359,0.28508,0.03515,0.88228,0.10084,0.01703
seed,soft_f0,soft,im0236,Q1_dimmest,12278,0.78319,0.32428,0.17493,0.28795,0.3238,0.21221,0.35127,0.35777,0.10346,0.16532
seed,soft_f0,soft,im0236,Q2,12694,0.53387,0.58974,0.28676,0.2229,0.62384,0.35149,0.24945,0.61558,0.14665,0.1051
seed,soft_f0,soft,im0236,Q3,15124,0.23969,0.807,0.34673,0.11911,0.82981,0.39273,0.12066,0.78874,0.14723,0.05017
seed,soft_f0,soft,im0236,Q4_clearest,17583,0.04311,0.91021,0.29786,0.03609,0.91187,0.30421,0.03641,0.85988,0.10654,0.01687
seed,soft_f0,soft,im0239,Q1_dimmest,10232,0.75352,0.35419,0.12598,0.22599,0.31843,0.15234,0.32617,0.32615,0.07928,0.19087
seed,soft_f0,soft,im0239,Q2,13453,0.5482,0.44315,0.24049,0.27095,0.45009,0.28758,0.32342,0.45194,0.12747,0.15722
seed,soft_f0,soft,im0239,Q3,17219,0.24299,0.73275,0.33456,0.15947,0.74301,0.38363,0.18156,0.69709,0.15659,0.08727
seed,soft_f0,soft,im0239,Q4_clearest,13841,0.04183,0.8744,0.24292,0.0501,0.86438,0.25098,0.05966,0.80304,0.09888,0.03447
seed,soft_f0,soft,im0240,Q1_dimmest,25455,0.65842,0.33502,0.1412,0.24771,0.3424,0.16936,0.29518,0.35816,0.08612,0.14736
seed,soft_f0,soft,im0240,Q2,20238,0.37084,0.56184,0.27971,0.22574,0.58579,0.33453,0.25975,0.57362,0.14285,0.11752
seed,soft_f0,soft,im0240,Q3,13823,0.11777,0.83329,0.3266,0.09057,0.84683,0.35236,0.08866,0.80069,0.12875,0.03451
seed,soft_f0,soft,im0240,Q4_clearest,7375,0.00841,0.89047,0.09327,0.01225,0.88926,0.10561,0.01023,0.86146,0.03626,0.00418
seed,soft_f0,soft,im0255,Q1_dimmest,12113,0.83035,0.28788,0.17393,0.32818,0.28792,0.21119,0.38928,0.32674,0.09528,0.16306
seed,soft_f0,soft,im0255,Q2,14210,0.55876,0.53032,0.30566,0.27386,0.56505,0.36034,0.29808,0.57404,0.14819,0.11236
seed,soft_f0,soft,im0255,Q3,14708,0.20118,0.80583,0.35639,0.12445,0.82314,0.38609,0.12362,0.77752,0.13516,0.04376
seed,soft_f0,soft,im0255,Q4_clearest,16385,0.02673,0.93094,0.22208,0.02299,0.93889,0.24716,0.02188,0.88252,0.07658,0.00835
seed,soft_f0,soft,im0291,Q1_dimmest,10378,0.64733,0.33219,0.17159,0.26469,0.33576,0.21505,0.33342,0.36681,0.11742,0.17391
seed,soft_f0,soft,im0291,Q2,8228,0.29375,0.63262,0.31207,0.19455,0.66516,0.37369,0.21775,0.637,0.15917,0.10067
seed,soft_f0,soft,im0291,Q3,6036,0.08764,0.86954,0.38751,0.09296,0.88515,0.4097,0.08858,0.83487,0.15456,0.0415
seed,soft_f0,soft,im0291,Q4_clearest,3979,0.00251,0.9418,0.34634,0.01888,0.95581,0.24506,0.01541,0.86868,0.13381,0.00766
seed,soft_f0,soft,im0319,Q1_dimmest,10024,0.72676,0.32263,0.16056,0.27936,0.3183,0.2019,0.35051,0.35227,0.11343,0.18692
seed,soft_f0,soft,im0319,Q2,9867,0.40022,0.60161,0.29455,0.21454,0.63877,0.36759,0.24529,0.62534,0.17721,0.11766
seed,soft_f0,soft,im0319,Q3,6553,0.14894,0.81884,0.30128,0.09178,0.82919,0.31559,0.09093,0.7751,0.1242,0.04039
seed,soft_f0,soft,im0319,Q4_clearest,2090,0.01531,0.91762,0.06928,0.01101,0.91624,0.05397,0.00967,0.85837,0.02099,0.00494
seed,soft_f0,soft,im0324,Q1_dimmest,16445,0.70721,0.29473,0.11184,0.25055,0.30046,0.14962,0.30402,0.31226,0.09228,0.19365
seed,soft_f0,soft,im0324,Q2,14329,0.46563,0.48258,0.23971,0.24164,0.50512,0.31738,0.30756,0.49733,0.16943,0.17802
seed,soft_f0,soft,im0324,Q3,10272,0.21739,0.7137,0.29778,0.14851,0.72147,0.3639,0.19163,0.67428,0.16796,0.11499
seed,soft_f0,soft,im0324,Q4_clearest,4535,0.03462,0.82683,0.21846,0.06239,0.8315,0.2007,0.07023,0.76728,0.06398,0.04825
seed,ah_f1,ah,im0001,Q1_dimmest,11037,0.61131,0.34192,0.1078,0.16989,0.31771,0.16955,0.31945,0.31943,0.12017,0.24491
seed,ah_f1,ah,im0001,Q2,14223,0.41046,0.56822,0.1926,0.13662,0.56843,0.28111,0.22643,0.55606,0.18446,0.16645
seed,ah_f1,ah,im0001,Q3,13100,0.18954,0.77406,0.21429,0.05774,0.79196,0.28041,0.07742,0.7709,0.17353,0.0512
seed,ah_f1,ah,im0001,Q4_clearest,5805,0.0503,0.88336,0.12947,0.01239,0.89861,0.15831,0.01058,0.87292,0.10739,0.0057
seed,ah_f1,ah,im0002,Q1_dimmest,11892,0.72208,0.40352,0.12207,0.12534,0.42768,0.21641,0.21623,0.43077,0.16427,0.16512
seed,ah_f1,ah,im0002,Q2,9635,0.39938,0.66724,0.18319,0.08535,0.69568,0.25953,0.10998,0.68595,0.16731,0.07195
seed,ah_f1,ah,im0002,Q3,7577,0.21288,0.79206,0.15296,0.03401,0.80367,0.18523,0.03711,0.7906,0.10925,0.02282
seed,ah_f1,ah,im0002,Q4_clearest,4013,0.11612,0.85766,0.10875,0.00944,0.87589,0.17309,0.01888,0.85757,0.12652,0.01445
seed,ah_f1,ah,im0003,Q1_dimmest,5546,0.82726,0.30471,0.07993,0.12005,0.27802,0.15239,0.3167,0.28218,0.11804,0.26519
seed,ah_f1,ah,im0003,Q2,6828,0.65861,0.52458,0.14327,0.08664,0.55086,0.23412,0.15027,0.54614,0.16536,0.11521
seed,ah_f1,ah,im0003,Q3,9422,0.45426,0.7468,0.1376,0.03586,0.77208,0.19011,0.04503,0.75535,0.12584,0.03065
seed,ah_f1,ah,im0003,Q4_clearest,10750,0.18372,0.85196,0.05928,0.00655,0.88007,0.1052,0.00897,0.85202,0.08078,0.00627
seed,ah_f1,ah,im0004,Q1_dimmest,24672,0.64733,0.31006,0.08054,0.15002,0.30878,0.15609,0.28615,0.31641,0.12432,0.22312
seed,ah_f1,ah,im0004,Q2,12291,0.30551,0.57259,0.15887,0.10746,0.62041,0.26309,0.15612,0.61279,0.19043,0.11084
seed,ah_f1,ah,im0004,Q3,3923,0.10553,0.7997,0.1045,0.02748,0.78632,0.11235,0.03299,0.76581,0.06892,0.0219
seed,ah_f1,ah,im0004,Q4_clearest,190,0.07895,0.81638,0.06802,0.00295,0.83924,0.09276,0.00401,0.79962,0.02998,0.00236
seed,ah_f1,ah,im0005,Q1_dimmest,10820,0.81885,0.24756,0.08299,0.1957,0.25296,0.13004,0.28979,0.27162,0.09269,0.19522
seed,ah_f1,ah,im0005,Q2,11538,0.54481,0.44898,0.16684,0.18418,0.46689,0.24451,0.25936,0.47701,0.15961,0.16434
seed,ah_f1,ah,im0005,Q3,12507,0.29879,0.65437,0.20771,0.11846,0.68444,0.28422,0.1477,0.67426,0.16926,0.08364
seed,ah_f1,ah,im0005,Q4_clearest,16858,0.10802,0.73775,0.12601,0.03242,0.79446,0.20801,0.03476,0.77065,0.13762,0.01804
seed,ah_f1,ah,im0044,Q1_dimmest,10572,0.87476,0.20291,0.0567,0.19366,0.17731,0.08542,0.32351,0.18926,0.05971,0.22907
seed,ah_f1,ah,im0044,Q2,11459,0.63732,0.38417,0.15026,0.19032,0.36228,0.2264,0.33108,0.36456,0.14889,0.24201
seed,ah_f1,ah,im0044,Q3,14003,0.29108,0.69079,0.22141,0.08786,0.71436,0.29012,0.11595,0.69925,0.17688,0.07515
seed,ah_f1,ah,im0044,Q4_clearest,13856,0.09209,0.82153,0.16338,0.02784,0.87343,0.30017,0.04017,0.85895,0.21858,0.02744
seed,ah_f1,ah,im0077,Q1_dimmest,7126,0.88633,0.2524,0.07727,0.183,0.23071,0.11578,0.30615,0.24934,0.07864,0.21044
seed,ah_f1,ah,im0077,Q2,10714,0.77739,0.41097,0.15652,0.18815,0.42176,0.22519,0.26064,0.43392,0.13943,0.15298
seed,ah_f1,ah,im0077,Q3,14332,0.42862,0.71305,0.23471,0.09782,0.73052,0.29359,0.11447,0.71673,0.15815,0.06015
seed,ah_f1,ah,im0077,Q4_clearest,23814,0.09368,0.91817,0.21974,0.02099,0.92496,0.25447,0.0237,0.90218,0.12736,0.01281
seed,ah_f1,ah,im0081,Q1_dimmest,10165,0.92514,0.21038,0.05379,0.1717,0.14185,0.07471,0.44396,0.14929,0.04793,0.37465
seed,ah_f1,ah,im0081,Q2,13744,0.77423,0.39713,0.14345,0.16746,0.39001,0.19935,0.25474,0.39405,0.12189,0.16854
seed,ah_f1,ah,im0081,Q3,17484,0.38183,0.73274,0.23225,0.07519,0.75149,0.3048,0.09652,0.73603,0.17988,0.06079
seed,ah_f1,ah,im0081,Q4_clearest,17465,0.06814,0.91041,0.20753,0.01801,0.91082,0.22111,0.02013,0.8812,0.10477,0.01136
seed,ah_f1,ah,im0082,Q1_dimmest,8734,0.861,0.18497,0.04972,0.17835,0.17033,0.072,0.29123,0.17805,0.05052,0.20214
seed,ah_f1,ah,im0082,Q2,10144,0.70268,0.37962,0.14437,0.19246,0.37827,0.20018,0.27598,0.38193,0.12425,0.18077
seed,ah_f1,ah,im0082,Q3,13510,0.35729,0.7141,0.26658,0.11757,0.7285,0.32543,0.13967,0.70953,0.1754,0.07978
seed,ah_f1,ah,im0082,Q4_clearest,20602,0.06315,0.93268,0.25493,0.02095,0.93718,0.29665,0.02352,0.91107,0.14079,0.01245
seed,ah_f1,ah,im0139,Q1_dimmest,17354,0.86418,0.3076,0.0867,0.16772,0.293,0.13627,0.2761,0.29771,0.09523,0.19828
seed,ah_f1,ah,im0139,Q2,17885,0.6463,0.48857,0.17335,0.1596,0.51123,0.25597,0.22585,0.50866,0.16669,0.14968
seed,ah_f1,ah,im0139,Q3,17437,0.2712,0.69102,0.19747,0.07045,0.73168,0.25225,0.07799,0.71797,0.14572,0.04458
seed,ah_f1,ah,im0139,Q4_clearest,12621,0.04255,0.90655,0.20862,0.01226,0.92579,0.26383,0.01272,0.90689,0.15003,0.00597
seed,vk_f1,vk,im0001,Q1_dimmest,11037,0.61131,0.5785,0.21666,0.15019,0.53471,0.2958,0.27582,0.50724,0.17368,0.21069
seed,vk_f1,vk,im0001,Q2,14223,0.41046,0.72259,0.16113,0.06674,0.71679,0.2103,0.10217,0.68082,0.11868,0.07375
seed,vk_f1,vk,im0001,Q3,13100,0.18954,0.82825,0.05689,0.00872,0.82686,0.07638,0.01372,0.78632,0.04435,0.0099
seed,vk_f1,vk,im0001,Q4_clearest,5805,0.0503,0.89312,0.02918,0.00225,0.89965,0.0655,0.00443,0.85215,0.05367,0.00379
seed,vk_f1,vk,im0002,Q1_dimmest,11892,0.72208,0.60969,0.18034,0.11187,0.62732,0.25393,0.1527,0.61483,0.16553,0.09717
seed,vk_f1,vk,im0002,Q2,9635,0.39938,0.78882,0.10579,0.02272,0.79799,0.14798,0.03111,0.76633,0.09175,0.02028
seed,vk_f1,vk,im0002,Q3,7577,0.21288,0.84197,0.06413,0.00797,0.85324,0.08339,0.01262,0.82362,0.05572,0.00955
seed,vk_f1,vk,im0002,Q4_clearest,4013,0.11612,0.85635,0.06207,0.00934,0.84658,0.0889,0.00888,0.7884,0.07552,0.00787
seed,vk_f1,vk,im0003,Q1_dimmest,5546,0.82726,0.53915,0.14382,0.10465,0.5518,0.21647,0.16324,0.54517,0.13884,0.11724
seed,vk_f1,vk,im0003,Q2,6828,0.65861,0.79259,0.12153,0.02441,0.78414,0.16791,0.04346,0.75727,0.10884,0.02908
seed,vk_f1,vk,im0003,Q3,9422,0.45426,0.81205,0.06514,0.00686,0.8186,0.08801,0.00836,0.78633,0.06081,0.0054
seed,vk_f1,vk,im0003,Q4_clearest,10750,0.18372,0.80526,0.02274,0.00102,0.82455,0.03954,0.00184,0.77872,0.03117,0.0013
seed,vk_f1,vk,im0004,Q1_dimmest,24672,0.64733,0.5575,0.16824,0.12399,0.55369,0.24803,0.18707,0.5442,0.16797,0.12681
seed,vk_f1,vk,im0004,Q2,12291,0.30551,0.76407,0.13092,0.03014,0.79051,0.1808,0.03922,0.7719,0.10644,0.02331
seed,vk_f1,vk,im0004,Q3,3923,0.10553,0.79592,0.01908,0.0029,0.79275,0.02117,0.00328,0.73417,0.01256,0.00155
seed,vk_f1,vk,im0004,Q4_clearest,190,0.07895,0.67638,0.0452,0.00014,0.71314,0.16179,0.00027,0.69448,0.11921,0.00015
seed,vk_f1,vk,im0005,Q1_dimmest,10820,0.81885,0.48391,0.21725,0.21721,0.49824,0.28606,0.27023,0.50364,0.15993,0.1405
seed,vk_f1,vk,im0005,Q2,11538,0.54481,0.71448,0.19388,0.08192,0.73087,0.25428,0.10038,0.70543,0.13693,0.05399
seed,vk_f1,vk,im0005,Q3,12507,0.29879,0.79455,0.11368,0.02272,0.80334,0.15663,0.02691,0.77682,0.09216,0.01449
seed,vk_f1,vk,im0005,Q4_clearest,16858,0.10802,0.82418,0.03626,0.00309,0.82641,0.08216,0.00496,0.79207,0.06468,0.00352
seed,vk_f1,vk,im0044,Q1_dimmest,10572,0.87476,0.43059,0.16779,0.19615,0.43731,0.23546,0.25131,0.44391,0.14329,0.14411
seed,vk_f1,vk,im0044,Q2,11459,0.63732,0.73241,0.19205,0.07432,0.73573,0.2743,0.10367,0.7081,0.1655,0.06073
seed,vk_f1,vk,im0044,Q3,14003,0.29108,0.82894,0.12396,0.01985,0.84545,0.19385,0.0291,0.81574,0.1271,0.01872
seed,vk_f1,vk,im0044,Q4_clearest,13856,0.09209,0.85418,0.07314,0.00605,0.87004,0.13249,0.00875,0.84722,0.10566,0.00666
seed,vk_f1,vk,im0077,Q1_dimmest,7126,0.88633,0.6068,0.21279,0.12836,0.59674,0.28274,0.18783,0.58578,0.15846,0.10715
seed,vk_f1,vk,im0077,Q2,10714,0.77739,0.7607,0.20194,0.05275,0.77483,0.2568,0.06531,0.74952,0.13575,0.03196
seed,vk_f1,vk,im0077,Q3,14332,0.42862,0.8424,0.11396,0.01222,0.85008,0.13643,0.01427,0.81692,0.06905,0.00724
seed,vk_f1,vk,im0077,Q4_clearest,23814,0.09368,0.89259,0.03019,0.00162,0.90136,0.03451,0.00178,0.86062,0.01625,0.00086
seed,vk_f1,vk,im0081,Q1_dimmest,10165,0.92514,0.53098,0.18402,0.15616,0.4326,0.25029,0.33711,0.41972,0.14748,0.25829
seed,vk_f1,vk,im0081,Q2,13744,0.77423,0.77474,0.20532,0.06033,0.77145,0.27948,0.08718,0.73443,0.16182,0.05755
seed,vk_f1,vk,im0081,Q3,17484,0.38183,0.86625,0.11875,0.01178,0.87107,0.15918,0.01614,0.8366,0.08971,0.00975
seed,vk_f1,vk,im0081,Q4_clearest,17465,0.06814,0.8914,0.02757,0.00175,0.8949,0.03113,0.0022,0.84712,0.01641,0.00126
seed,vk_f1,vk,im0082,Q1_dimmest,8734,0.861,0.44176,0.16302,0.16074,0.40929,0.21935,0.26027,0.40251,0.12515,0.18532
seed,vk_f1,vk,im0082,Q2,10144,0.70268,0.73832,0.21523,0.07489,0.74402,0.28384,0.10253,0.71136,0.15427,0.06289
seed,vk_f1,vk,im0082,Q3,13510,0.35729,0.83616,0.12435,0.02008,0.84054,0.15037,0.0256,0.79749,0.07101,0.01467
seed,vk_f1,vk,im0082,Q4_clearest,20602,0.06315,0.89508,0.02927,0.0022,0.90335,0.03061,0.00249,0.86459,0.0149,0.00142
seed,vk_f1,vk,im0139,Q1_dimmest,17354,0.86418,0.57311,0.21079,0.14868,0.57057,0.27946,0.20282,0.55593,0.15826,0.12526
seed,vk_f1,vk,im0139,Q2,17885,0.6463,0.7682,0.1864,0.05336,0.77931,0.24834,0.06804,0.75238,0.14094,0.04124
seed,vk_f1,vk,im0139,Q3,17437,0.2712,0.84886,0.10787,0.01125,0.85895,0.16461,0.01638,0.83171,0.10704,0.01101
seed,vk_f1,vk,im0139,Q4_clearest,12621,0.04255,0.91934,0.0486,0.00178,0.93914,0.08026,0.00198,0.92125,0.05803,0.00134
seed,soft_f1,soft,im0001,Q1_dimmest,11037,0.61131,0.50358,0.24982,0.23318,0.47273,0.32203,0.34793,0.43973,0.1546,0.22632
seed,soft_f1,soft,im0001,Q2,14223,0.41046,0.72531,0.29317,0.13588,0.72135,0.33774,0.17219,0.67151,0.14531,0.10556
seed,soft_f1,soft,im0001,Q3,13100,0.18954,0.8441,0.18342,0.03582,0.8505,0.19105,0.03516,0.80956,0.08044,0.0165
seed,soft_f1,soft,im0001,Q4_clearest,5805,0.0503,0.91481,0.08869,0.0059,0.91931,0.11137,0.00557,0.89677,0.08039,0.00252
seed,soft_f1,soft,im0002,Q1_dimmest,11892,0.72208,0.57143,0.24909,0.16711,0.60918,0.31165,0.20426,0.60177,0.16194,0.10624
seed,soft_f1,soft,im0002,Q2,9635,0.39938,0.78714,0.19925,0.05342,0.79841,0.22861,0.06066,0.76545,0.10259,0.02911
seed,soft_f1,soft,im0002,Q3,7577,0.21288,0.86598,0.11357,0.01709,0.86799,0.14224,0.02093,0.83373,0.07139,0.0109
seed,soft_f1,soft,im0002,Q4_clearest,4013,0.11612,0.88634,0.10778,0.00936,0.8972,0.12069,0.01127,0.87604,0.08865,0.00784
seed,soft_f1,soft,im0003,Q1_dimmest,5546,0.82726,0.45978,0.18597,0.17384,0.50355,0.24871,0.20436,0.4902,0.1262,0.10476
seed,soft_f1,soft,im0003,Q2,6828,0.65861,0.73864,0.2051,0.06964,0.77127,0.24804,0.06984,0.74952,0.12407,0.03134
seed,soft_f1,soft,im0003,Q3,9422,0.45426,0.83977,0.12492,0.02184,0.84637,0.14288,0.02229,0.81766,0.0725,0.00983
seed,soft_f1,soft,im0003,Q4_clearest,10750,0.18372,0.86694,0.05886,0.00411,0.87864,0.07888,0.00443,0.84895,0.05661,0.00243
seed,soft_f1,soft,im0004,Q1_dimmest,24672,0.64733,0.44477,0.19075,0.20865,0.49428,0.27528,0.26023,0.50836,0.15003,0.13068
seed,soft_f1,soft,im0004,Q2,12291,0.30551,0.75403,0.22463,0.0782,0.7702,0.25969,0.0809,0.73212,0.11687,0.03402
seed,soft_f1,soft,im0004,Q3,3923,0.10553,0.79375,0.07212,0.01657,0.81202,0.06707,0.0151,0.77365,0.0249,0.00537
seed,soft_f1,soft,im0004,Q4_clearest,190,0.07895,0.89676,0.04098,0.00308,0.9139,0.04944,0.00244,0.90629,0.02523,0.00089
seed,soft_f1,soft,im0005,Q1_dimmest,10820,0.81885,0.37486,0.21749,0.30333,0.39257,0.27407,0.35724,0.42987,0.12275,0.13875
seed,soft_f1,soft,im0005,Q2,11538,0.54481,0.63718,0.29986,0.19674,0.66919,0.34926,0.20597,0.65508,0.13793,0.07566
seed,soft_f1,soft,im0005,Q3,12507,0.29879,0.74559,0.24603,0.0875,0.76442,0.27196,0.08968,0.74701,0.10331,0.02969
seed,soft_f1,soft,im0005,Q4_clearest,16858,0.10802,0.75839,0.10039,0.01634,0.7683,0.10455,0.01694,0.76047,0.04006,0.00568
seed,soft_f1,soft,im0044,Q1_dimmest,10572,0.87476,0.28456,0.15998,0.31614,0.29122,0.22891,0.40881,0.32321,0.11817,0.20519
seed,soft_f1,soft,im0044,Q2,11459,0.63732,0.58859,0.28972,0.21013,0.63783,0.36237,0.22442,0.6142,0.16699,0.10862
seed,soft_f1,soft,im0044,Q3,14003,0.29108,0.81607,0.25412,0.067,0.84419,0.30097,0.06827,0.80543,0.13455,0.0317
seed,soft_f1,soft,im0044,Q4_clearest,13856,0.09209,0.86071,0.15048,0.01646,0.87459,0.17215,0.01905,0.85182,0.07973,0.00901
seed,soft_f1,soft,im0077,Q1_dimmest,7126,0.88633,0.45621,0.21273,0.2387,0.44739,0.2635,0.30874,0.43596,0.11604,0.15742
seed,soft_f1,soft,im0077,Q2,10714,0.77739,0.66147,0.2982,0.17173,0.6925,0.33949,0.17544,0.67512,0.13024,0.05772
seed,soft_f1,soft,im0077,Q3,14332,0.42862,0.84826,0.28281,0.06186,0.85759,0.30305,0.06096,0.81352,0.09924,0.01947
seed,soft_f1,soft,im0077,Q4_clearest,23814,0.09368,0.93692,0.14117,0.01042,0.93805,0.14781,0.01051,0.90876,0.04279,0.00344
seed,soft_f1,soft,im0081,Q1_dimmest,10165,0.92514,0.38212,0.16826,0.23518,0.40632,0.21248,0.27559,0.40809,0.09858,0.1376
seed,soft_f1,soft,im0081,Q2,13744,0.77423,0.67719,0.2836,0.14523,0.7063,0.34094,0.15214,0.68885,0.15072,0.06117
seed,soft_f1,soft,im0081,Q3,17484,0.38183,0.86586,0.2585,0.0478,0.87405,0.28977,0.04926,0.83651,0.11743,0.02013
seed,soft_f1,soft,im0081,Q4_clearest,17465,0.06814,0.92472,0.11453,0.00853,0.92688,0.12714,0.00933,0.89648,0.04128,0.0036
seed,soft_f1,soft,im0082,Q1_dimmest,8734,0.861,0.29719,0.14864,0.27141,0.287,0.18912,0.35992,0.29284,0.08799,0.20534
seed,soft_f1,soft,im0082,Q2,10144,0.70268,0.64736,0.31543,0.18004,0.66831,0.35694,0.19611,0.6355,0.1403,0.08593
seed,soft_f1,soft,im0082,Q3,13510,0.35729,0.84603,0.31353,0.07377,0.86001,0.32817,0.07047,0.8034,0.10136,0.02516
seed,soft_f1,soft,im0082,Q4_clearest,20602,0.06315,0.94224,0.15726,0.01132,0.946,0.15191,0.01122,0.91254,0.04437,0.00403
seed,soft_f1,soft,im0139,Q1_dimmest,17354,0.86418,0.44392,0.21602,0.2387,0.46788,0.28322,0.29044,0.47181,0.13669,0.14799
seed,soft_f1,soft,im0139,Q2,17885,0.6463,0.69693,0.29321,0.143,0.73178,0.3449,0.14698,0.695,0.1508,0.06813
seed,soft_f1,soft,im0139,Q3,17437,0.2712,0.84383,0.2491,0.04262,0.86508,0.29003,0.04063,0.83218,0.12629,0.01723
seed,soft_f1,soft,im0139,Q4_clearest,12621,0.04255,0.9168,0.16648,0.00663,0.94659,0.18999,0.00676,0.92423,0.07445,0.00266
annotator,ahvk_f0_s0,ahvk,im0162,Q1_dimmest,8081,0.89147,0.18698,0.02742,0.14117,0.27495,0.30446,0.57064,0.30209,0.28976,0.52592
annotator,ahvk_f0_s0,ahvk,im0162,Q2,11449,0.68836,0.27752,0.07502,0.16934,0.54339,0.5882,0.50363,0.56201,0.56043,0.46601
annotator,ahvk_f0_s0,ahvk,im0162,Q3,12944,0.33915,0.49631,0.16875,0.15845,0.78499,0.66647,0.26647,0.78023,0.62867,0.24723
annotator,ahvk_f0_s0,ahvk,im0162,Q4_clearest,17112,0.05932,0.84158,0.24787,0.04977,0.90916,0.47028,0.052,0.89774,0.43712,0.04757
annotator,ahvk_f0_s0,ahvk,im0163,Q1_dimmest,5186,0.85885,0.21942,0.0585,0.20526,0.47803,0.38968,0.401,0.51299,0.36082,0.3365
annotator,ahvk_f0_s0,ahvk,im0163,Q2,9046,0.74652,0.3678,0.12383,0.2015,0.62505,0.60539,0.43573,0.62964,0.56023,0.39362
annotator,ahvk_f0_s0,ahvk,im0163,Q3,12344,0.42158,0.64215,0.25233,0.15296,0.80854,0.5524,0.17752,0.79377,0.49841,0.15967
annotator,ahvk_f0_s0,ahvk,im0163,Q4_clearest,23265,0.06082,0.90087,0.2364,0.02829,0.91393,0.2799,0.02501,0.89629,0.22958,0.02031
annotator,ahvk_f0_s0,ahvk,im0235,Q1_dimmest,13323,0.81506,0.21477,0.04545,0.16008,0.36148,0.28371,0.43428,0.39657,0.25935,0.37036
annotator,ahvk_f0_s0,ahvk,im0235,Q2,13930,0.58227,0.3405,0.09347,0.16266,0.6118,0.51181,0.37598,0.63308,0.475,0.33007
annotator,ahvk_f0_s0,ahvk,im0235,Q3,14288,0.29171,0.58104,0.17446,0.13105,0.82155,0.59152,0.19009,0.8235,0.54506,0.16613
annotator,ahvk_f0_s0,ahvk,im0235,Q4_clearest,19285,0.05476,0.88685,0.26549,0.03929,0.93135,0.4576,0.03925,0.92802,0.41933,0.03344
annotator,ahvk_f0_s0,ahvk,im0236,Q1_dimmest,12278,0.78319,0.26064,0.0555,0.16638,0.34093,0.29869,0.47821,0.37053,0.26823,0.41151
annotator,ahvk_f0_s0,ahvk,im0236,Q2,12694,0.53387,0.37791,0.11667,0.1735,0.64381,0.52428,0.3486,0.6575,0.47443,0.30223
annotator,ahvk_f0_s0,ahvk,im0236,Q3,15124,0.23969,0.61907,0.18675,0.1151,0.84051,0.60792,0.17364,0.83736,0.55578,0.15246
annotator,ahvk_f0_s0,ahvk,im0236,Q4_clearest,17583,0.04311,0.84984,0.22948,0.04494,0.90786,0.47058,0.05389,0.902,0.43181,0.04859
annotator,ahvk_f0_s0,ahvk,im0239,Q1_dimmest,10232,0.75352,0.38795,0.03659,0.09438,0.34511,0.2375,0.42479,0.35927,0.21763,0.38517
annotator,ahvk_f0_s0,ahvk,im0239,Q2,13453,0.5482,0.32491,0.06271,0.1421,0.46339,0.45038,0.49571,0.48249,0.4221,0.45436
annotator,ahvk_f0_s0,ahvk,im0239,Q3,17219,0.24299,0.48144,0.1428,0.12811,0.75295,0.61007,0.27792,0.75292,0.56992,0.25548
annotator,ahvk_f0_s0,ahvk,im0239,Q4_clearest,13841,0.04183,0.79515,0.21817,0.05523,0.86003,0.43635,0.08802,0.84472,0.41042,0.08201
annotator,ahvk_f0_s0,ahvk,im0240,Q1_dimmest,25455,0.65842,0.32292,0.03253,0.09535,0.37037,0.22489,0.3772,0.38835,0.20939,0.33877
annotator,ahvk_f0_s0,ahvk,im0240,Q2,20238,0.37084,0.32181,0.07683,0.14256,0.6086,0.52024,0.3867,0.62108,0.48909,0.35335
annotator,ahvk_f0_s0,ahvk,im0240,Q3,13823,0.11777,0.65011,0.20104,0.10291,0.84813,0.59783,0.16075,0.83852,0.5591,0.14952
annotator,ahvk_f0_s0,ahvk,im0240,Q4_clearest,7375,0.00841,0.86958,0.19566,0.02476,0.88478,0.20758,0.02038,0.84493,0.1795,0.01866
annotator,ahvk_f0_s0,ahvk,im0255,Q1_dimmest,12113,0.83035,0.24857,0.03412,0.11994,0.2872,0.27732,0.53385,0.30823,0.25857,0.48646
annotator,ahvk_f0_s0,ahvk,im0255,Q2,14210,0.55876,0.29698,0.08148,0.1713,0.49555,0.51856,0.51413,0.51509,0.48499,0.4677
annotator,ahvk_f0_s0,ahvk,im0255,Q3,14708,0.20118,0.5416,0.18549,0.14355,0.76547,0.62069,0.27055,0.75746,0.56832,0.2487
annotator,ahvk_f0_s0,ahvk,im0255,Q4_clearest,16385,0.02673,0.8935,0.27115,0.04556,0.92783,0.4568,0.04653,0.91764,0.39921,0.0414
annotator,ahvk_f0_s0,ahvk,im0291,Q1_dimmest,10378,0.64733,0.30575,0.05302,0.11508,0.32942,0.25506,0.43785,0.34163,0.22871,0.39349
annotator,ahvk_f0_s0,ahvk,im0291,Q2,8228,0.29375,0.42482,0.12592,0.1349,0.66033,0.52433,0.31462,0.67173,0.48101,0.27976
annotator,ahvk_f0_s0,ahvk,im0291,Q3,6036,0.08764,0.68697,0.2225,0.10055,0.87165,0.61896,0.13984,0.86694,0.57616,0.12541
annotator,ahvk_f0_s0,ahvk,im0291,Q4_clearest,3979,0.00251,0.93747,0.31841,0.02494,0.92993,0.38364,0.0276,0.92703,0.37428,0.02545
annotator,ahvk_f0_s0,ahvk,im0319,Q1_dimmest,10024,0.72676,0.33539,0.07296,0.13025,0.33592,0.26292,0.4233,0.34924,0.22969,0.36458
annotator,ahvk_f0_s0,ahvk,im0319,Q2,9867,0.40022,0.48439,0.15296,0.13911,0.64226,0.48775,0.31358,0.64189,0.42237,0.26838
annotator,ahvk_f0_s0,ahvk,im0319,Q3,6553,0.14894,0.76629,0.23646,0.07357,0.83077,0.4236,0.10801,0.82066,0.36924,0.0926
annotator,ahvk_f0_s0,ahvk,im0319,Q4_clearest,2090,0.01531,0.89012,0.09493,0.01334,0.90176,0.07536,0.01179,0.84584,0.07124,0.01067
annotator,ahvk_f0_s0,ahvk,im0324,Q1_dimmest,16445,0.70721,0.36372,0.04639,0.08933,0.36913,0.20215,0.31469,0.38193,0.18352,0.27994
annotator,ahvk_f0_s0,ahvk,im0324,Q2,14329,0.46563,0.40632,0.09342,0.10995,0.54902,0.41982,0.36572,0.56327,0.38173,0.32533
annotator,ahvk_f0_s0,ahvk,im0324,Q3,10272,0.21739,0.59054,0.15991,0.094,0.74514,0.4635,0.20201,0.73662,0.40573,0.17154
annotator,ahvk_f0_s0,ahvk,im0324,Q4_clearest,4535,0.03462,0.78951,0.17001,0.03544,0.86221,0.34853,0.06927,0.85337,0.31344,0.05999
annotator,ahvk_f0_s1,ahvk,im0162,Q1_dimmest,8081,0.89147,0.17512,0.03162,0.18351,0.26976,0.26243,0.53083,0.29758,0.24758,0.4743
annotator,ahvk_f0_s1,ahvk,im0162,Q2,11449,0.68836,0.27828,0.08871,0.18703,0.54906,0.53049,0.44689,0.57201,0.49701,0.39928
annotator,ahvk_f0_s1,ahvk,im0162,Q3,12944,0.33915,0.5531,0.1903,0.15018,0.79418,0.6238,0.2386,0.79126,0.57563,0.21336
annotator,ahvk_f0_s1,ahvk,im0162,Q4_clearest,17112,0.05932,0.86482,0.27604,0.05016,0.91003,0.49015,0.06336,0.90154,0.43517,0.05488
annotator,ahvk_f0_s1,ahvk,im0163,Q1_dimmest,5186,0.85885,0.22188,0.05764,0.21688,0.42071,0.33081,0.42289,0.44701,0.30247,0.36144
annotator,ahvk_f0_s1,ahvk,im0163,Q2,9046,0.74652,0.38404,0.13122,0.19484,0.62722,0.52775,0.37047,0.6403,0.476,0.31728
annotator,ahvk_f0_s1,ahvk,im0163,Q3,12344,0.42158,0.6846,0.24567,0.13065,0.81855,0.51971,0.15593,0.81017,0.44864,0.12808
annotator,ahvk_f0_s1,ahvk,im0163,Q4_clearest,23265,0.06082,0.91194,0.24534,0.02696,0.91848,0.30961,0.02939,0.90045,0.24247,0.02249
annotator,ahvk_f0_s1,ahvk,im0235,Q1_dimmest,13323,0.81506,0.17774,0.04273,0.19414,0.29069,0.21269,0.41292,0.32316,0.19169,0.33904
annotator,ahvk_f0_s1,ahvk,im0235,Q2,13930,0.58227,0.34001,0.09639,0.17177,0.55514,0.4139,0.34354,0.57702,0.37016,0.28763
annotator,ahvk_f0_s1,ahvk,im0235,Q3,14288,0.29171,0.57697,0.17314,0.13627,0.77767,0.51121,0.19227,0.78227,0.44809,0.15471
annotator,ahvk_f0_s1,ahvk,im0235,Q4_clearest,19285,0.05476,0.88831,0.26521,0.0411,0.91877,0.4561,0.05053,0.9117,0.39371,0.0404
annotator,ahvk_f0_s1,ahvk,im0236,Q1_dimmest,12278,0.78319,0.23925,0.05216,0.1746,0.30567,0.21503,0.39944,0.33568,0.18755,0.32879
annotator,ahvk_f0_s1,ahvk,im0236,Q2,12694,0.53387,0.36488,0.11773,0.18417,0.57451,0.42507,0.33616,0.59628,0.37168,0.27575
annotator,ahvk_f0_s1,ahvk,im0236,Q3,15124,0.23969,0.61861,0.18594,0.11677,0.80714,0.53644,0.1783,0.81006,0.47324,0.14652
annotator,ahvk_f0_s1,ahvk,im0236,Q4_clearest,17583,0.04311,0.88795,0.23876,0.04004,0.91554,0.46924,0.0512,0.91141,0.40385,0.04192
annotator,ahvk_f0_s1,ahvk,im0239,Q1_dimmest,10232,0.75352,0.3177,0.0267,0.11081,0.32743,0.17125,0.37947,0.3457,0.1582,0.33704
annotator,ahvk_f0_s1,ahvk,im0239,Q2,13453,0.5482,0.27761,0.05691,0.15026,0.44263,0.38238,0.45001,0.4702,0.35695,0.40098
annotator,ahvk_f0_s1,ahvk,im0239,Q3,17219,0.24299,0.45662,0.13665,0.13661,0.71371,0.55505,0.29325,0.71628,0.50541,0.26212
annotator,ahvk_f0_s1,ahvk,im0239,Q4_clearest,13841,0.04183,0.78456,0.20489,0.05801,0.85999,0.46307,0.09905,0.84244,0.41518,0.08691
annotator,ahvk_f0_s1,ahvk,im0240,Q1_dimmest,25455,0.65842,0.31426,0.03154,0.1,0.35662,0.1767,0.35802,0.37082,0.16251,0.32323
annotator,ahvk_f0_s1,ahvk,im0240,Q2,20238,0.37084,0.32797,0.08884,0.15506,0.5363,0.4369,0.3895,0.55258,0.40223,0.3503
annotator,ahvk_f0_s1,ahvk,im0240,Q3,13823,0.11777,0.66052,0.20346,0.10825,0.81468,0.5107,0.15729,0.81141,0.46464,0.14237
annotator,ahvk_f0_s1,ahvk,im0240,Q4_clearest,7375,0.00841,0.8771,0.15826,0.01994,0.87802,0.18546,0.01594,0.8605,0.17089,0.01409
annotator,ahvk_f0_s1,ahvk,im0255,Q1_dimmest,12113,0.83035,0.24557,0.03711,0.13484,0.28342,0.24329,0.49332,0.30397,0.22234,0.43716
annotator,ahvk_f0_s1,ahvk,im0255,Q2,14210,0.55876,0.31157,0.10095,0.18525,0.49573,0.47844,0.47595,0.51739,0.43219,0.41737
annotator,ahvk_f0_s1,ahvk,im0255,Q3,14708,0.20118,0.56609,0.18587,0.14342,0.78039,0.58236,0.2357,0.77173,0.52086,0.2083
annotator,ahvk_f0_s1,ahvk,im0255,Q4_clearest,16385,0.02673,0.91207,0.28865,0.03869,0.94182,0.47651,0.04354,0.92766,0.41507,0.03819
annotator,ahvk_f0_s1,ahvk,im0291,Q1_dimmest,10378,0.64733,0.29319,0.06097,0.12321,0.31213,0.21563,0.38852,0.32476,0.19082,0.34051
annotator,ahvk_f0_s1,ahvk,im0291,Q2,8228,0.29375,0.42851,0.12824,0.13872,0.62483,0.47966,0.30467,0.63509,0.42627,0.26265
annotator,ahvk_f0_s1,ahvk,im0291,Q3,6036,0.08764,0.69833,0.22696,0.0938,0.87137,0.64293,0.15114,0.86676,0.58871,0.13146
annotator,ahvk_f0_s1,ahvk,im0291,Q4_clearest,3979,0.00251,0.95742,0.25193,0.02147,0.94324,0.36774,0.04613,0.90985,0.33969,0.04253
annotator,ahvk_f0_s1,ahvk,im0319,Q1_dimmest,10024,0.72676,0.3392,0.07017,0.11103,0.33085,0.19706,0.34214,0.34046,0.1685,0.29527
annotator,ahvk_f0_s1,ahvk,im0319,Q2,9867,0.40022,0.49368,0.15012,0.13036,0.57985,0.39653,0.29969,0.5766,0.32571,0.25143
annotator,ahvk_f0_s1,ahvk,im0319,Q3,6553,0.14894,0.76696,0.21979,0.06951,0.78942,0.3728,0.12148,0.76828,0.29787,0.09959
annotator,ahvk_f0_s1,ahvk,im0319,Q4_clearest,2090,0.01531,0.885,0.04762,0.00602,0.89728,0.0571,0.0072,0.84869,0.04567,0.00575
annotator,ahvk_f0_s1,ahvk,im0324,Q1_dimmest,16445,0.70721,0.3875,0.04279,0.07639,0.40206,0.12969,0.21892,0.41063,0.1161,0.19079
annotator,ahvk_f0_s1,ahvk,im0324,Q2,14329,0.46563,0.40313,0.08177,0.10354,0.48303,0.31602,0.33055,0.4943,0.27897,0.28844
annotator,ahvk_f0_s1,ahvk,im0324,Q3,10272,0.21739,0.58928,0.15695,0.09985,0.70463,0.4042,0.20659,0.70594,0.34232,0.16949
annotator,ahvk_f0_s1,ahvk,im0324,Q4_clearest,4535,0.03462,0.82004,0.19908,0.0393,0.84786,0.34826,0.07757,0.83017,0.28533,0.06198
annotator,ahvk_f1_s0,ahvk,im0001,Q1_dimmest,11037,0.61131,0.34192,0.1078,0.16989,0.48232,0.35654,0.35275,0.49829,0.3095,0.2964
annotator,ahvk_f1_s0,ahvk,im0001,Q2,14223,0.41046,0.56822,0.1926,0.13662,0.71715,0.47659,0.22979,0.71379,0.42766,0.20267
annotator,ahvk_f1_s0,ahvk,im0001,Q3,13100,0.18954,0.77406,0.21429,0.05774,0.84464,0.33775,0.05749,0.83319,0.31578,0.05235
annotator,ahvk_f1_s0,ahvk,im0001,Q4_clearest,5805,0.0503,0.88336,0.12947,0.01239,0.90731,0.13704,0.01122,0.88399,0.12562,0.01055
annotator,ahvk_f1_s0,ahvk,im0002,Q1_dimmest,11892,0.72208,0.40352,0.12207,0.12534,0.54125,0.36724,0.29487,0.54441,0.32007,0.26268
annotator,ahvk_f1_s0,ahvk,im0002,Q2,9635,0.39938,0.66724,0.18319,0.08535,0.78371,0.34645,0.1083,0.7736,0.31085,0.09862
annotator,ahvk_f1_s0,ahvk,im0002,Q3,7577,0.21288,0.79206,0.15296,0.03401,0.86158,0.21505,0.02962,0.8527,0.19287,0.02584
annotator,ahvk_f1_s0,ahvk,im0002,Q4_clearest,4013,0.11612,0.85766,0.10875,0.00944,0.8729,0.14649,0.0133,0.8482,0.11645,0.01155
annotator,ahvk_f1_s0,ahvk,im0003,Q1_dimmest,5546,0.82726,0.30471,0.07993,0.12005,0.42859,0.29374,0.35017,0.44555,0.26864,0.32096
annotator,ahvk_f1_s0,ahvk,im0003,Q2,6828,0.65861,0.52458,0.14327,0.08664,0.71136,0.34447,0.14562,0.70495,0.31285,0.1345
annotator,ahvk_f1_s0,ahvk,im0003,Q3,9422,0.45426,0.7468,0.1376,0.03586,0.83175,0.20931,0.03908,0.82394,0.18996,0.03536
annotator,ahvk_f1_s0,ahvk,im0003,Q4_clearest,10750,0.18372,0.85196,0.05928,0.00655,0.87317,0.08557,0.00552,0.86124,0.07855,0.00498
annotator,ahvk_f1_s0,ahvk,im0004,Q1_dimmest,24672,0.64733,0.31006,0.08054,0.15002,0.42473,0.33004,0.40043,0.43384,0.29932,0.36369
annotator,ahvk_f1_s0,ahvk,im0004,Q2,12291,0.30551,0.57259,0.15887,0.10746,0.73491,0.40297,0.15909,0.7217,0.36476,0.14565
annotator,ahvk_f1_s0,ahvk,im0004,Q3,3923,0.10553,0.7997,0.1045,0.02748,0.80964,0.14948,0.02515,0.80528,0.14108,0.02351
annotator,ahvk_f1_s0,ahvk,im0004,Q4_clearest,190,0.07895,0.81638,0.06802,0.00295,0.83124,0.05661,0.00154,0.82438,0.02032,0.00141
annotator,ahvk_f1_s0,ahvk,im0005,Q1_dimmest,10820,0.81885,0.24756,0.08299,0.1957,0.39709,0.34062,0.43942,0.41834,0.30171,0.37069
annotator,ahvk_f1_s0,ahvk,im0005,Q2,11538,0.54481,0.44898,0.16684,0.18418,0.65273,0.47884,0.2988,0.65034,0.42923,0.26165
annotator,ahvk_f1_s0,ahvk,im0005,Q3,12507,0.29879,0.65437,0.20771,0.11846,0.76217,0.38239,0.13255,0.74409,0.34042,0.11837
annotator,ahvk_f1_s0,ahvk,im0005,Q4_clearest,16858,0.10802,0.73775,0.12601,0.03242,0.7786,0.16835,0.0248,0.74604,0.14807,0.02232
annotator,ahvk_f1_s0,ahvk,im0044,Q1_dimmest,10572,0.87476,0.20291,0.0567,0.19366,0.27991,0.24676,0.48488,0.30218,0.22023,0.41811
annotator,ahvk_f1_s0,ahvk,im0044,Q2,11459,0.63732,0.38417,0.15026,0.19032,0.59968,0.45046,0.32941,0.60425,0.40588,0.29491
annotator,ahvk_f1_s0,ahvk,im0044,Q3,14003,0.29108,0.69079,0.22141,0.08786,0.82423,0.41175,0.10088,0.81461,0.36764,0.09006
annotator,ahvk_f1_s0,ahvk,im0044,Q4_clearest,13856,0.09209,0.82153,0.16338,0.02784,0.87275,0.26679,0.02363,0.86216,0.2361,0.01968
annotator,ahvk_f1_s0,ahvk,im0077,Q1_dimmest,7126,0.88633,0.2524,0.07727,0.183,0.42985,0.33673,0.41305,0.461,0.30372,0.35767
annotator,ahvk_f1_s0,ahvk,im0077,Q2,10714,0.77739,0.41097,0.15652,0.18815,0.67601,0.48596,0.27156,0.68094,0.44547,0.24401
annotator,ahvk_f1_s0,ahvk,im0077,Q3,14332,0.42862,0.71305,0.23471,0.09782,0.85155,0.46766,0.09541,0.84572,0.43211,0.08718
annotator,ahvk_f1_s0,ahvk,im0077,Q4_clearest,23814,0.09368,0.91817,0.21974,0.02099,0.92572,0.24805,0.01672,0.92142,0.23186,0.0155
annotator,ahvk_f1_s0,ahvk,im0081,Q1_dimmest,10165,0.92514,0.21038,0.05379,0.1717,0.33591,0.25897,0.4344,0.35968,0.23229,0.38589
annotator,ahvk_f1_s0,ahvk,im0081,Q2,13744,0.77423,0.39713,0.14345,0.16746,0.6808,0.47134,0.24166,0.68467,0.42699,0.21636
annotator,ahvk_f1_s0,ahvk,im0081,Q3,17484,0.38183,0.73274,0.23225,0.07519,0.8702,0.43781,0.0739,0.86027,0.39739,0.06646
annotator,ahvk_f1_s0,ahvk,im0081,Q4_clearest,17465,0.06814,0.91041,0.20753,0.01801,0.92207,0.20445,0.01188,0.91216,0.18624,0.01056
annotator,ahvk_f1_s0,ahvk,im0082,Q1_dimmest,8734,0.861,0.18497,0.04972,0.17835,0.32287,0.23607,0.38402,0.35763,0.21195,0.32826
annotator,ahvk_f1_s0,ahvk,im0082,Q2,10144,0.70268,0.37962,0.14437,0.19246,0.62697,0.4828,0.31126,0.63478,0.4328,0.2743
annotator,ahvk_f1_s0,ahvk,im0082,Q3,13510,0.35729,0.7141,0.26658,0.11757,0.85022,0.50118,0.10818,0.84274,0.45374,0.09528
annotator,ahvk_f1_s0,ahvk,im0082,Q4_clearest,20602,0.06315,0.93268,0.25493,0.02095,0.94044,0.25843,0.01395,0.93621,0.23888,0.01251
annotator,ahvk_f1_s0,ahvk,im0139,Q1_dimmest,17354,0.86418,0.3076,0.0867,0.16772,0.40632,0.32794,0.42097,0.41781,0.28939,0.37549
annotator,ahvk_f1_s0,ahvk,im0139,Q2,17885,0.6463,0.48857,0.17335,0.1596,0.67987,0.46292,0.25264,0.67364,0.4137,0.22891
annotator,ahvk_f1_s0,ahvk,im0139,Q3,17437,0.2712,0.69102,0.19747,0.07045,0.82281,0.37358,0.07065,0.81398,0.34002,0.06487
annotator,ahvk_f1_s0,ahvk,im0139,Q4_clearest,12621,0.04255,0.90655,0.20862,0.01226,0.94073,0.26766,0.00826,0.92379,0.24081,0.00716
annotator,ahvk_f1_s1,ahvk,im0001,Q1_dimmest,11037,0.61131,0.36467,0.10963,0.17205,0.49302,0.38045,0.37335,0.50096,0.33019,0.32321
annotator,ahvk_f1_s1,ahvk,im0001,Q2,14223,0.41046,0.59137,0.18656,0.13197,0.71568,0.46405,0.22321,0.70988,0.4091,0.19509
annotator,ahvk_f1_s1,ahvk,im0001,Q3,13100,0.18954,0.76088,0.17643,0.05152,0.81664,0.27958,0.05774,0.79396,0.25119,0.05254
annotator,ahvk_f1_s1,ahvk,im0001,Q4_clearest,5805,0.0503,0.86328,0.09229,0.00785,0.91369,0.10938,0.00604,0.90061,0.07996,0.00476
annotator,ahvk_f1_s1,ahvk,im0002,Q1_dimmest,11892,0.72208,0.41113,0.11496,0.12558,0.54624,0.34636,0.283,0.55516,0.29962,0.24452
annotator,ahvk_f1_s1,ahvk,im0002,Q2,9635,0.39938,0.68158,0.16456,0.0695,0.78238,0.32156,0.09674,0.77287,0.28139,0.08464
annotator,ahvk_f1_s1,ahvk,im0002,Q3,7577,0.21288,0.79059,0.12673,0.02404,0.84363,0.17135,0.02748,0.82639,0.1469,0.02282
annotator,ahvk_f1_s1,ahvk,im0002,Q4_clearest,4013,0.11612,0.86418,0.0972,0.01145,0.87875,0.15617,0.01607,0.86028,0.1366,0.01439
annotator,ahvk_f1_s1,ahvk,im0003,Q1_dimmest,5546,0.82726,0.2898,0.08215,0.14428,0.37969,0.30714,0.43906,0.3841,0.27475,0.41501
annotator,ahvk_f1_s1,ahvk,im0003,Q2,6828,0.65861,0.56203,0.14286,0.07018,0.70156,0.31988,0.13866,0.70192,0.28334,0.12585
annotator,ahvk_f1_s1,ahvk,im0003,Q3,9422,0.45426,0.76578,0.11447,0.02716,0.83023,0.19282,0.03176,0.82094,0.17207,0.02782
annotator,ahvk_f1_s1,ahvk,im0003,Q4_clearest,10750,0.18372,0.86169,0.04916,0.00457,0.87553,0.09364,0.00593,0.8549,0.08403,0.00518
annotator,ahvk_f1_s1,ahvk,im0004,Q1_dimmest,24672,0.64733,0.32413,0.08586,0.15356,0.41259,0.29438,0.37681,0.42572,0.25957,0.33203
annotator,ahvk_f1_s1,ahvk,im0004,Q2,12291,0.30551,0.6197,0.14953,0.0901,0.75359,0.37547,0.13929,0.73976,0.32585,0.1226
annotator,ahvk_f1_s1,ahvk,im0004,Q3,3923,0.10553,0.75155,0.07184,0.02318,0.77998,0.12423,0.02514,0.75915,0.11343,0.02302
annotator,ahvk_f1_s1,ahvk,im0004,Q4_clearest,190,0.07895,0.77333,0.11751,0.00508,0.77162,0.18812,0.00274,0.74057,0.12921,0.00243
annotator,ahvk_f1_s1,ahvk,im0005,Q1_dimmest,10820,0.81885,0.27503,0.08813,0.18019,0.38093,0.34353,0.46562,0.4039,0.30113,0.39615
annotator,ahvk_f1_s1,ahvk,im0005,Q2,11538,0.54481,0.47728,0.1698,0.16805,0.64162,0.48085,0.31387,0.63902,0.4217,0.27477
annotator,ahvk_f1_s1,ahvk,im0005,Q3,12507,0.29879,0.67558,0.20955,0.10873,0.76418,0.37388,0.13079,0.75091,0.32772,0.11517
annotator,ahvk_f1_s1,ahvk,im0005,Q4_clearest,16858,0.10802,0.79159,0.1354,0.02718,0.82683,0.20663,0.02409,0.81254,0.17884,0.02158
annotator,ahvk_f1_s1,ahvk,im0044,Q1_dimmest,10572,0.87476,0.19602,0.05546,0.20023,0.29037,0.24979,0.46185,0.32023,0.22135,0.38741
annotator,ahvk_f1_s1,ahvk,im0044,Q2,11459,0.63732,0.40376,0.14992,0.17419,0.56784,0.42327,0.33169,0.57993,0.3689,0.28641
annotator,ahvk_f1_s1,ahvk,im0044,Q3,14003,0.29108,0.70047,0.18866,0.07508,0.81961,0.36643,0.09314,0.80728,0.31534,0.0794
annotator,ahvk_f1_s1,ahvk,im0044,Q4_clearest,13856,0.09209,0.86739,0.19772,0.02592,0.88818,0.30517,0.02747,0.87821,0.26519,0.02371
annotator,ahvk_f1_s1,ahvk,im0077,Q1_dimmest,7126,0.88633,0.24971,0.08216,0.17437,0.44341,0.32281,0.37442,0.47725,0.28377,0.3101
annotator,ahvk_f1_s1,ahvk,im0077,Q2,10714,0.77739,0.41209,0.16119,0.19456,0.66017,0.47384,0.28448,0.66782,0.42493,0.24836
annotator,ahvk_f1_s1,ahvk,im0077,Q3,14332,0.42862,0.71715,0.22147,0.09036,0.84674,0.44142,0.09041,0.83839,0.39846,0.0799
annotator,ahvk_f1_s1,ahvk,im0077,Q4_clearest,23814,0.09368,0.91794,0.20163,0.0188,0.92601,0.23252,0.0151,0.91785,0.21491,0.01361
annotator,ahvk_f1_s1,ahvk,im0081,Q1_dimmest,10165,0.92514,0.26348,0.05807,0.16887,0.29939,0.24646,0.48544,0.31905,0.21583,0.43471
annotator,ahvk_f1_s1,ahvk,im0081,Q2,13744,0.77423,0.39742,0.14418,0.17137,0.65476,0.44286,0.25569,0.66458,0.39025,0.22002
annotator,ahvk_f1_s1,ahvk,im0081,Q3,17484,0.38183,0.73566,0.20658,0.06563,0.86085,0.40212,0.07548,0.84758,0.35454,0.06644
annotator,ahvk_f1_s1,ahvk,im0081,Q4_clearest,17465,0.06814,0.89334,0.16729,0.01613,0.91265,0.16715,0.01258,0.8894,0.14622,0.01087
annotator,ahvk_f1_s1,ahvk,im0082,Q1_dimmest,8734,0.861,0.18246,0.04941,0.19176,0.30138,0.23033,0.40733,0.32081,0.20339,0.35541
annotator,ahvk_f1_s1,ahvk,im0082,Q2,10144,0.70268,0.39453,0.14046,0.16857,0.64319,0.46394,0.27807,0.65624,0.41044,0.23896
annotator,ahvk_f1_s1,ahvk,im0082,Q3,13510,0.35729,0.72484,0.24313,0.09975,0.84874,0.48902,0.11227,0.8408,0.43884,0.09791
annotator,ahvk_f1_s1,ahvk,im0082,Q4_clearest,20602,0.06315,0.93146,0.2446,0.02067,0.94222,0.27147,0.01532,0.93866,0.25515,0.01363
annotator,ahvk_f1_s1,ahvk,im0139,Q1_dimmest,17354,0.86418,0.31208,0.09523,0.18013,0.41472,0.31542,0.40447,0.4351,0.26906,0.3475
annotator,ahvk_f1_s1,ahvk,im0139,Q2,17885,0.6463,0.52678,0.17236,0.1394,0.70919,0.42633,0.19852,0.70802,0.36849,0.16857
annotator,ahvk_f1_s1,ahvk,im0139,Q3,17437,0.2712,0.73155,0.17899,0.05366,0.83126,0.32643,0.05316,0.82303,0.28155,0.04518
annotator,ahvk_f1_s1,ahvk,im0139,Q4_clearest,12621,0.04255,0.91441,0.17482,0.01118,0.93741,0.21408,0.00854,0.92595,0.17392,0.00722
