run,trained_on,scored_against,image,band,breaks,gt_px,dice,cldice,tprec,tsens
ah_f0_s0,ah,ah,im0162,Q1_dimmest,55,1234,0.31943,0.35812,0.65517,0.2464
ah_f0_s0,ah,ah,im0162,Q2,158,4015,0.5084,0.53275,0.76275,0.40932
ah_f0_s0,ah,ah,im0162,Q3,172,8765,0.79339,0.84485,0.90411,0.79287
ah_f0_s0,ah,ah,im0162,Q4_clearest,23,16166,0.96575,0.98137,0.98077,0.98198
ah_f0_s0,ah,vk,im0162,Q1_dimmest,168,7724,0.095,0.07526,0.87356,0.03933
ah_f0_s0,ah,vk,im0162,Q2,237,11002,0.30685,0.33578,0.95455,0.20372
ah_f0_s0,ah,vk,im0162,Q3,152,12733,0.71817,0.81634,0.9864,0.6963
ah_f0_s0,ah,vk,im0162,Q4_clearest,26,17043,0.96716,0.98489,0.99717,0.97292
ah_f0_s0,ah,ah,im0163,Q1_dimmest,24,913,0.54905,0.40383,0.66434,0.29008
ah_f0_s0,ah,ah,im0163,Q2,83,2555,0.53117,0.541,0.57051,0.5144
ah_f0_s0,ah,ah,im0163,Q3,66,7366,0.78833,0.87583,0.85637,0.89619
ah_f0_s0,ah,ah,im0163,Q4_clearest,8,21917,0.96711,0.99263,0.99075,0.99453
ah_f0_s0,ah,vk,im0163,Q1_dimmest,88,5005,0.19284,0.12143,0.85315,0.06537
ah_f0_s0,ah,vk,im0163,Q2,153,8784,0.37442,0.47268,0.92692,0.31722
ah_f0_s0,ah,vk,im0163,Q3,63,12118,0.78842,0.91119,0.99311,0.84176
ah_f0_s0,ah,vk,im0163,Q4_clearest,10,23198,0.98262,0.9953,0.99899,0.99163
ah_f0_s0,ah,ah,im0235,Q1_dimmest,73,3057,0.42318,0.44318,0.71296,0.32152
ah_f0_s0,ah,ah,im0235,Q2,119,6171,0.6666,0.69788,0.83246,0.60076
ah_f0_s0,ah,ah,im0235,Q3,78,10228,0.85644,0.89579,0.90749,0.88438
ah_f0_s0,ah,ah,im0235,Q4_clearest,12,18245,0.96973,0.98435,0.98502,0.98367
ah_f0_s0,ah,vk,im0235,Q1_dimmest,156,12730,0.18483,0.13656,0.90432,0.07385
ah_f0_s0,ah,vk,im0235,Q2,123,13578,0.48809,0.48974,0.96842,0.32774
ah_f0_s0,ah,vk,im0235,Q3,59,14180,0.78953,0.88802,0.99498,0.80183
ah_f0_s0,ah,vk,im0235,Q4_clearest,8,19269,0.97295,0.98883,1.0,0.9779
ah_f0_s0,ah,ah,im0236,Q1_dimmest,48,3357,0.38313,0.38857,0.62876,0.28116
ah_f0_s0,ah,ah,im0236,Q2,70,6379,0.68969,0.69778,0.85662,0.58863
ah_f0_s0,ah,ah,im0236,Q3,58,11731,0.86836,0.90632,0.94094,0.87415
ah_f0_s0,ah,ah,im0236,Q4_clearest,13,16893,0.96709,0.9829,0.98773,0.97811
ah_f0_s0,ah,vk,im0236,Q1_dimmest,164,11583,0.20308,0.15792,0.93645,0.08623
ah_f0_s0,ah,vk,im0236,Q2,119,12232,0.54722,0.53897,0.97243,0.37279
ah_f0_s0,ah,vk,im0236,Q3,50,14892,0.82664,0.89381,0.99559,0.81091
ah_f0_s0,ah,vk,im0236,Q4_clearest,10,17515,0.96916,0.98733,1.0,0.97498
ah_f0_s0,ah,ah,im0239,Q1_dimmest,26,3436,0.25457,0.21493,0.8189,0.1237
ah_f0_s0,ah,ah,im0239,Q2,83,6687,0.49663,0.44475,0.89661,0.29572
ah_f0_s0,ah,ah,im0239,Q3,146,13176,0.80333,0.82958,0.95873,0.7311
ah_f0_s0,ah,ah,im0239,Q4_clearest,32,13272,0.94696,0.97119,0.98841,0.95456
ah_f0_s0,ah,vk,im0239,Q1_dimmest,58,9318,0.12692,0.0844,0.92126,0.04423
ah_f0_s0,ah,vk,im0239,Q2,116,12844,0.34957,0.31143,0.98644,0.1849
ah_f0_s0,ah,vk,im0239,Q3,120,17078,0.74397,0.78911,0.99699,0.65296
ah_f0_s0,ah,vk,im0239,Q4_clearest,35,13831,0.95145,0.97202,0.99943,0.94607
ah_f0_s0,ah,ah,im0240,Q1_dimmest,60,10396,0.34193,0.41662,0.82255,0.27895
ah_f0_s0,ah,ah,im0240,Q2,110,13292,0.68842,0.73363,0.89758,0.62032
ah_f0_s0,ah,ah,im0240,Q3,26,12242,0.89832,0.95752,0.98164,0.93457
ah_f0_s0,ah,ah,im0240,Q4_clearest,0,7313,0.99034,0.99876,0.99878,0.99875
ah_f0_s0,ah,vk,im0240,Q1_dimmest,153,23754,0.19998,0.15832,0.91232,0.08668
ah_f0_s0,ah,vk,im0240,Q2,118,19679,0.57515,0.59338,0.97411,0.42663
ah_f0_s0,ah,vk,im0240,Q3,28,13776,0.88023,0.93959,0.99499,0.89004
ah_f0_s0,ah,vk,im0240,Q4_clearest,1,7375,0.99311,0.99788,1.0,0.99577
ah_f0_s0,ah,ah,im0255,Q1_dimmest,86,2995,0.23529,0.29409,0.69378,0.1866
ah_f0_s0,ah,ah,im0255,Q2,171,7010,0.52074,0.60567,0.87586,0.46287
ah_f0_s0,ah,ah,im0255,Q3,103,11944,0.81873,0.88809,0.96413,0.82317
ah_f0_s0,ah,ah,im0255,Q4_clearest,12,15954,0.97577,0.99046,0.99665,0.98435
ah_f0_s0,ah,vk,im0255,Q1_dimmest,186,11173,0.09902,0.07535,0.90909,0.0393
ah_f0_s0,ah,vk,im0255,Q2,194,13470,0.37038,0.39516,0.95776,0.24893
ah_f0_s0,ah,vk,im0255,Q3,91,14513,0.78047,0.86221,0.99325,0.76171
ah_f0_s0,ah,vk,im0255,Q4_clearest,13,16378,0.97828,0.99186,1.0,0.98385
ah_f0_s0,ah,ah,im0291,Q1_dimmest,59,5612,0.38928,0.40857,0.8733,0.26667
ah_f0_s0,ah,ah,im0291,Q2,44,6266,0.75159,0.82718,0.94322,0.73656
ah_f0_s0,ah,ah,im0291,Q3,16,5570,0.92387,0.96326,0.98883,0.93897
ah_f0_s0,ah,ah,im0291,Q4_clearest,1,3970,0.98935,0.99447,0.999,0.98998
ah_f0_s0,ah,vk,im0291,Q1_dimmest,100,8426,0.28629,0.244,0.85068,0.14243
ah_f0_s0,ah,vk,im0291,Q2,51,7773,0.6949,0.74121,0.98305,0.59487
ah_f0_s0,ah,vk,im0291,Q3,12,5973,0.91009,0.96005,0.9984,0.92453
ah_f0_s0,ah,vk,im0291,Q4_clearest,1,3978,0.98936,0.99652,0.999,0.99405
ah_f0_s0,ah,ah,im0319,Q1_dimmest,71,3917,0.34491,0.40776,0.52154,0.33473
ah_f0_s0,ah,ah,im0319,Q2,72,6569,0.72053,0.77794,0.89023,0.6908
ah_f0_s0,ah,ah,im0319,Q3,29,5701,0.90419,0.92344,0.94476,0.90306
ah_f0_s0,ah,ah,im0319,Q4_clearest,0,2058,0.98936,0.99029,0.98397,0.99669
ah_f0_s0,ah,vk,im0319,Q1_dimmest,102,8846,0.27148,0.27313,0.80499,0.16446
ah_f0_s0,ah,vk,im0319,Q2,77,9216,0.67425,0.70917,0.96034,0.56215
ah_f0_s0,ah,vk,im0319,Q3,19,6429,0.91664,0.92488,0.9792,0.87627
ah_f0_s0,ah,vk,im0319,Q4_clearest,0,2090,0.99616,0.99921,1.0,0.99843
ah_f0_s0,ah,ah,im0324,Q1_dimmest,37,6617,0.28323,0.38348,0.6832,0.26654
ah_f0_s0,ah,ah,im0324,Q2,71,8846,0.55163,0.57509,0.79622,0.45009
ah_f0_s0,ah,ah,im0324,Q3,39,8400,0.80819,0.87074,0.94495,0.80733
ah_f0_s0,ah,ah,im0324,Q4_clearest,0,4398,0.96961,0.98579,0.99509,0.97666
ah_f0_s0,ah,vk,im0324,Q1_dimmest,90,14643,0.22923,0.17162,0.86777,0.09522
ah_f0_s0,ah,vk,im0324,Q2,74,13140,0.50724,0.40232,0.91597,0.25777
ah_f0_s0,ah,vk,im0324,Q3,32,9911,0.80602,0.81705,0.98654,0.69725
ah_f0_s0,ah,vk,im0324,Q4_clearest,1,4515,0.97486,0.98497,1.0,0.97038
vk_f0_s0,vk,ah,im0162,Q1_dimmest,40,1234,0.37421,0.38456,0.25344,0.79676
vk_f0_s0,vk,ah,im0162,Q2,42,4015,0.50833,0.61752,0.4626,0.92845
vk_f0_s0,vk,ah,im0162,Q3,17,8765,0.74221,0.87647,0.7913,0.98218
vk_f0_s0,vk,ah,im0162,Q4_clearest,4,16166,0.93818,0.98105,0.96602,0.99656
vk_f0_s0,vk,vk,im0162,Q1_dimmest,291,7724,0.46105,0.34641,0.61198,0.24157
vk_f0_s0,vk,vk,im0162,Q2,147,11002,0.75754,0.71887,0.80428,0.64986
vk_f0_s0,vk,vk,im0162,Q3,17,12733,0.89398,0.94109,0.93939,0.94278
vk_f0_s0,vk,vk,im0162,Q4_clearest,3,17043,0.9639,0.99244,0.98914,0.99576
vk_f0_s0,vk,ah,im0163,Q1_dimmest,18,913,0.33178,0.30841,0.18928,0.83206
vk_f0_s0,vk,ah,im0163,Q2,11,2555,0.40381,0.50499,0.34108,0.97219
vk_f0_s0,vk,ah,im0163,Q3,1,7366,0.66366,0.85746,0.7521,0.99714
vk_f0_s0,vk,ah,im0163,Q4_clearest,2,21917,0.93813,0.9833,0.96886,0.99818
vk_f0_s0,vk,vk,im0163,Q1_dimmest,158,5005,0.52984,0.43385,0.48119,0.39499
vk_f0_s0,vk,vk,im0163,Q2,65,8784,0.76693,0.78291,0.76806,0.79834
vk_f0_s0,vk,vk,im0163,Q3,6,12118,0.8742,0.9496,0.91891,0.98242
vk_f0_s0,vk,vk,im0163,Q4_clearest,3,23198,0.96503,0.98933,0.98254,0.99621
vk_f0_s0,vk,ah,im0235,Q1_dimmest,73,3057,0.44058,0.44832,0.33958,0.65949
vk_f0_s0,vk,ah,im0235,Q2,36,6171,0.62239,0.70103,0.56174,0.93219
vk_f0_s0,vk,ah,im0235,Q3,8,10228,0.80497,0.89627,0.81958,0.98881
vk_f0_s0,vk,ah,im0235,Q4_clearest,3,18245,0.96071,0.9866,0.97752,0.99585
vk_f0_s0,vk,vk,im0235,Q1_dimmest,268,12730,0.47298,0.35562,0.69399,0.23906
vk_f0_s0,vk,vk,im0235,Q2,75,13578,0.78859,0.75403,0.86341,0.66924
vk_f0_s0,vk,vk,im0235,Q3,8,14180,0.9207,0.94291,0.94083,0.94499
vk_f0_s0,vk,vk,im0235,Q4_clearest,6,19269,0.98746,0.99427,0.99575,0.9928
vk_f0_s0,vk,ah,im0236,Q1_dimmest,57,3357,0.4673,0.44833,0.33308,0.68551
vk_f0_s0,vk,ah,im0236,Q2,34,6379,0.65824,0.72635,0.60872,0.90033
vk_f0_s0,vk,ah,im0236,Q3,7,11731,0.83604,0.92604,0.87774,0.97996
vk_f0_s0,vk,ah,im0236,Q4_clearest,4,16893,0.96411,0.98622,0.9763,0.99635
vk_f0_s0,vk,vk,im0236,Q1_dimmest,253,11583,0.49765,0.39668,0.63487,0.28846
vk_f0_s0,vk,vk,im0236,Q2,96,12232,0.80111,0.77041,0.84435,0.70838
vk_f0_s0,vk,vk,im0236,Q3,17,14892,0.92721,0.95836,0.95838,0.95835
vk_f0_s0,vk,vk,im0236,Q4_clearest,3,17515,0.98253,0.99303,0.99017,0.99592
vk_f0_s0,vk,ah,im0239,Q1_dimmest,82,3436,0.42753,0.44475,0.38776,0.52139
vk_f0_s0,vk,ah,im0239,Q2,60,6687,0.65595,0.70377,0.60913,0.83323
vk_f0_s0,vk,ah,im0239,Q3,22,13176,0.84462,0.9098,0.85043,0.97809
vk_f0_s0,vk,ah,im0239,Q4_clearest,1,13272,0.9686,0.98951,0.98006,0.99915
vk_f0_s0,vk,vk,im0239,Q1_dimmest,174,9318,0.43289,0.38493,0.59936,0.2835
vk_f0_s0,vk,vk,im0239,Q2,117,12844,0.74392,0.71874,0.8095,0.64628
vk_f0_s0,vk,vk,im0239,Q3,27,17078,0.93397,0.95653,0.96475,0.94845
vk_f0_s0,vk,vk,im0239,Q4_clearest,0,13831,0.98891,0.99874,0.99834,0.99914
vk_f0_s0,vk,ah,im0240,Q1_dimmest,66,10396,0.51474,0.52957,0.48836,0.57839
vk_f0_s0,vk,ah,im0240,Q2,38,13292,0.77447,0.79946,0.71713,0.90314
vk_f0_s0,vk,ah,im0240,Q3,0,12242,0.91886,0.97212,0.94834,0.99712
vk_f0_s0,vk,ah,im0240,Q4_clearest,0,7313,0.9926,0.9994,0.9988,1.0
vk_f0_s0,vk,vk,im0240,Q1_dimmest,252,23754,0.46559,0.37933,0.76239,0.25247
vk_f0_s0,vk,vk,im0240,Q2,54,19679,0.84437,0.82771,0.92077,0.75173
vk_f0_s0,vk,vk,im0240,Q3,2,13776,0.96765,0.98677,0.9858,0.98774
vk_f0_s0,vk,vk,im0240,Q4_clearest,0,7375,0.99655,1.0,1.0,1.0
vk_f0_s0,vk,ah,im0255,Q1_dimmest,81,2995,0.43222,0.39613,0.28791,0.63469
vk_f0_s0,vk,ah,im0255,Q2,65,7010,0.64933,0.69051,0.55784,0.90598
vk_f0_s0,vk,ah,im0255,Q3,11,11944,0.86581,0.93808,0.89073,0.99076
vk_f0_s0,vk,ah,im0255,Q4_clearest,2,15954,0.9751,0.9956,0.99232,0.9989
vk_f0_s0,vk,vk,im0255,Q1_dimmest,301,11173,0.45511,0.36535,0.65743,0.25296
vk_f0_s0,vk,vk,im0255,Q2,148,13470,0.77139,0.73747,0.84702,0.653
vk_f0_s0,vk,vk,im0255,Q3,16,14513,0.93893,0.96547,0.96658,0.96436
vk_f0_s0,vk,vk,im0255,Q4_clearest,2,16378,0.98764,0.99811,0.99846,0.99776
vk_f0_s0,vk,ah,im0291,Q1_dimmest,81,5612,0.56513,0.5869,0.61488,0.56136
vk_f0_s0,vk,ah,im0291,Q2,15,6266,0.78793,0.84984,0.78885,0.92104
vk_f0_s0,vk,ah,im0291,Q3,5,5570,0.91202,0.9728,0.9575,0.98861
vk_f0_s0,vk,ah,im0291,Q4_clearest,0,3970,0.98559,0.99846,0.99693,1.0
vk_f0_s0,vk,vk,im0291,Q1_dimmest,131,8426,0.51458,0.43862,0.69174,0.32112
vk_f0_s0,vk,vk,im0291,Q2,32,7773,0.83762,0.83548,0.87864,0.79637
vk_f0_s0,vk,vk,im0291,Q3,4,5973,0.94081,0.97865,0.983,0.97434
vk_f0_s0,vk,vk,im0291,Q4_clearest,0,3978,0.9866,0.99949,0.99898,1.0
vk_f0_s0,vk,ah,im0319,Q1_dimmest,86,3917,0.45036,0.46043,0.39495,0.55194
vk_f0_s0,vk,ah,im0319,Q2,41,6569,0.73237,0.80318,0.71894,0.90977
vk_f0_s0,vk,ah,im0319,Q3,5,5701,0.88336,0.93334,0.88356,0.98907
vk_f0_s0,vk,ah,im0319,Q4_clearest,0,2058,0.98492,0.98967,0.97956,1.0
vk_f0_s0,vk,vk,im0319,Q1_dimmest,179,8846,0.45082,0.41591,0.62052,0.31278
vk_f0_s0,vk,vk,im0319,Q2,53,9216,0.81584,0.84449,0.86831,0.82194
vk_f0_s0,vk,vk,im0319,Q3,3,6429,0.93389,0.96677,0.95483,0.97902
vk_f0_s0,vk,vk,im0319,Q4_clearest,0,2090,0.99263,1.0,1.0,1.0
vk_f0_s0,vk,ah,im0324,Q1_dimmest,82,6617,0.33549,0.38114,0.37222,0.39049
vk_f0_s0,vk,ah,im0324,Q2,66,8846,0.6207,0.6486,0.57943,0.73652
vk_f0_s0,vk,ah,im0324,Q3,7,8400,0.80814,0.87386,0.81933,0.93617
vk_f0_s0,vk,ah,im0324,Q4_clearest,0,4398,0.95452,0.97791,0.96831,0.98771
vk_f0_s0,vk,vk,im0324,Q1_dimmest,200,14643,0.35346,0.31949,0.68241,0.20857
vk_f0_s0,vk,vk,im0324,Q2,92,13140,0.69095,0.65909,0.78648,0.56722
vk_f0_s0,vk,vk,im0324,Q3,12,9911,0.86374,0.90196,0.92099,0.88371
vk_f0_s0,vk,vk,im0324,Q4_clearest,0,4515,0.96845,0.98253,0.97814,0.98697
soft_f0_s0,soft,ah,im0162,Q1_dimmest,63,1234,0.47674,0.52744,0.44841,0.64029
soft_f0_s0,soft,ah,im0162,Q2,79,4015,0.6287,0.70427,0.59887,0.85469
soft_f0_s0,soft,ah,im0162,Q3,34,8765,0.81375,0.89597,0.83598,0.96524
soft_f0_s0,soft,ah,im0162,Q4_clearest,5,16166,0.95659,0.98467,0.97578,0.99372
soft_f0_s0,soft,vk,im0162,Q1_dimmest,263,7724,0.26562,0.22219,0.75047,0.1304
soft_f0_s0,soft,vk,im0162,Q2,207,11002,0.65284,0.6438,0.8903,0.5042
soft_f0_s0,soft,vk,im0162,Q3,40,12733,0.91449,0.93494,0.9696,0.90268
soft_f0_s0,soft,vk,im0162,Q4_clearest,5,17043,0.98108,0.99341,0.9941,0.99272
soft_f0_s0,soft,ah,im0163,Q1_dimmest,31,913,0.51469,0.41734,0.29424,0.71756
soft_f0_s0,soft,ah,im0163,Q2,33,2555,0.54116,0.58286,0.42686,0.91857
soft_f0_s0,soft,ah,im0163,Q3,10,7366,0.76066,0.89137,0.81481,0.98381
soft_f0_s0,soft,ah,im0163,Q4_clearest,2,21917,0.95752,0.99354,0.98974,0.99736
soft_f0_s0,soft,vk,im0163,Q1_dimmest,149,5005,0.37171,0.35445,0.59877,0.25174
soft_f0_s0,soft,vk,im0163,Q2,95,8784,0.66517,0.74741,0.86192,0.65976
soft_f0_s0,soft,vk,im0163,Q3,17,12118,0.91206,0.96813,0.98426,0.95253
soft_f0_s0,soft,vk,im0163,Q4_clearest,5,23198,0.98164,0.9973,0.99879,0.99581
soft_f0_s0,soft,ah,im0235,Q1_dimmest,83,3057,0.53651,0.54386,0.50732,0.58608
soft_f0_s0,soft,ah,im0235,Q2,53,6171,0.71524,0.7514,0.67105,0.85361
soft_f0_s0,soft,ah,im0235,Q3,14,10228,0.86606,0.92422,0.87769,0.97596
soft_f0_s0,soft,ah,im0235,Q4_clearest,7,18245,0.965,0.98576,0.9832,0.98834
soft_f0_s0,soft,vk,im0235,Q1_dimmest,222,12730,0.32965,0.27506,0.81463,0.16547
soft_f0_s0,soft,vk,im0235,Q2,84,13578,0.68031,0.6806,0.9262,0.53794
soft_f0_s0,soft,vk,im0235,Q3,19,14180,0.88895,0.9358,0.98486,0.8914
soft_f0_s0,soft,vk,im0235,Q4_clearest,8,19269,0.98534,0.99098,0.99975,0.98237
soft_f0_s0,soft,ah,im0236,Q1_dimmest,61,3357,0.51238,0.4945,0.46202,0.53188
soft_f0_s0,soft,ah,im0236,Q2,53,6379,0.74703,0.76674,0.73221,0.80468
soft_f0_s0,soft,ah,im0236,Q3,16,11731,0.88407,0.93344,0.9168,0.9507
soft_f0_s0,soft,ah,im0236,Q4_clearest,5,16893,0.97166,0.98728,0.98654,0.98801
soft_f0_s0,soft,vk,im0236,Q1_dimmest,218,11583,0.35617,0.32838,0.81445,0.20565
soft_f0_s0,soft,vk,im0236,Q2,106,12232,0.69864,0.7042,0.93695,0.56407
soft_f0_s0,soft,vk,im0236,Q3,17,14892,0.90597,0.94208,0.98506,0.90269
soft_f0_s0,soft,vk,im0236,Q4_clearest,6,17515,0.98481,0.99319,0.99975,0.98672
soft_f0_s0,soft,ah,im0239,Q1_dimmest,65,3436,0.39228,0.43173,0.66234,0.32023
soft_f0_s0,soft,ah,im0239,Q2,94,6687,0.66667,0.72068,0.7978,0.65716
soft_f0_s0,soft,ah,im0239,Q3,54,13176,0.87367,0.91589,0.90721,0.92473
soft_f0_s0,soft,ah,im0239,Q4_clearest,6,13272,0.96871,0.98775,0.98601,0.98949
soft_f0_s0,soft,vk,im0239,Q1_dimmest,122,9318,0.23625,0.23172,0.78961,0.13578
soft_f0_s0,soft,vk,im0239,Q2,149,12844,0.56138,0.59465,0.92747,0.43761
soft_f0_s0,soft,vk,im0239,Q3,51,17078,0.87448,0.91839,0.98599,0.85947
soft_f0_s0,soft,vk,im0239,Q4_clearest,7,13831,0.98568,0.9918,0.99832,0.98537
soft_f0_s0,soft,ah,im0240,Q1_dimmest,84,10396,0.5102,0.54661,0.6201,0.4887
soft_f0_s0,soft,ah,im0240,Q2,63,13292,0.79434,0.82738,0.80887,0.84675
soft_f0_s0,soft,ah,im0240,Q3,4,12242,0.93511,0.97958,0.96768,0.99177
soft_f0_s0,soft,ah,im0240,Q4_clearest,0,7313,0.9949,0.9994,0.99881,1.0
soft_f0_s0,soft,vk,im0240,Q1_dimmest,226,23754,0.36837,0.31696,0.84559,0.19503
soft_f0_s0,soft,vk,im0240,Q2,84,19679,0.75673,0.77018,0.95761,0.64411
soft_f0_s0,soft,vk,im0240,Q3,6,13776,0.95891,0.9804,0.99291,0.9682
soft_f0_s0,soft,vk,im0240,Q4_clearest,0,7375,0.99885,1.0,1.0,1.0
soft_f0_s0,soft,ah,im0255,Q1_dimmest,82,2995,0.43309,0.46269,0.43008,0.50066
soft_f0_s0,soft,ah,im0255,Q2,75,7010,0.70074,0.74564,0.67069,0.83944
soft_f0_s0,soft,ah,im0255,Q3,25,11944,0.8975,0.94368,0.9159,0.9732
soft_f0_s0,soft,ah,im0255,Q4_clearest,0,15954,0.98293,0.99638,0.99388,0.9989
soft_f0_s0,soft,vk,im0255,Q1_dimmest,283,11173,0.2784,0.24215,0.77143,0.14361
soft_f0_s0,soft,vk,im0255,Q2,156,13470,0.67072,0.66593,0.90721,0.52602
soft_f0_s0,soft,vk,im0255,Q3,20,14513,0.93516,0.95939,0.9844,0.93561
soft_f0_s0,soft,vk,im0255,Q4_clearest,3,16378,0.99491,0.99867,0.99913,0.99821
soft_f0_s0,soft,ah,im0291,Q1_dimmest,77,5612,0.57338,0.60789,0.75595,0.50833
soft_f0_s0,soft,ah,im0291,Q2,25,6266,0.83153,0.88107,0.8953,0.86729
soft_f0_s0,soft,ah,im0291,Q3,9,5570,0.94585,0.96916,0.97087,0.96745
soft_f0_s0,soft,ah,im0291,Q4_clearest,0,3970,0.99497,0.999,0.999,0.999
soft_f0_s0,soft,vk,im0291,Q1_dimmest,101,8426,0.44713,0.41053,0.79643,0.27654
soft_f0_s0,soft,vk,im0291,Q2,38,7773,0.81578,0.81621,0.95726,0.71138
soft_f0_s0,soft,vk,im0291,Q3,4,5973,0.96237,0.9727,0.99055,0.95547
soft_f0_s0,soft,vk,im0291,Q4_clearest,0,3978,0.99573,0.999,0.99801,1.0
soft_f0_s0,soft,ah,im0319,Q1_dimmest,105,3917,0.47052,0.52621,0.53655,0.51626
soft_f0_s0,soft,ah,im0319,Q2,42,6569,0.77398,0.85626,0.837,0.87644
soft_f0_s0,soft,ah,im0319,Q3,10,5701,0.91779,0.95279,0.93137,0.97522
soft_f0_s0,soft,ah,im0319,Q4_clearest,0,2058,0.99037,0.98885,0.97795,1.0
soft_f0_s0,soft,vk,im0319,Q1_dimmest,143,8846,0.37742,0.39033,0.80418,0.25771
soft_f0_s0,soft,vk,im0319,Q2,64,9216,0.77344,0.82679,0.95335,0.72989
soft_f0_s0,soft,vk,im0319,Q3,6,6429,0.94985,0.96618,0.97598,0.95658
soft_f0_s0,soft,vk,im0319,Q4_clearest,0,2090,0.99809,1.0,1.0,1.0
soft_f0_s0,soft,ah,im0324,Q1_dimmest,65,6617,0.36495,0.47878,0.6234,0.38863
soft_f0_s0,soft,ah,im0324,Q2,88,8846,0.63099,0.68953,0.73062,0.65282
soft_f0_s0,soft,ah,im0324,Q3,29,8400,0.82172,0.90317,0.9117,0.8948
soft_f0_s0,soft,ah,im0324,Q4_clearest,2,4398,0.95237,0.97609,0.9907,0.96192
soft_f0_s0,soft,vk,im0324,Q1_dimmest,167,14643,0.27321,0.25419,0.83595,0.14988
soft_f0_s0,soft,vk,im0324,Q2,106,13140,0.60175,0.57161,0.87992,0.42329
soft_f0_s0,soft,vk,im0324,Q3,28,9911,0.84182,0.87711,0.97241,0.79882
soft_f0_s0,soft,vk,im0324,Q4_clearest,2,4515,0.96625,0.97635,1.0,0.95379
ah_f1_s0,ah,ah,im0001,Q1_dimmest,61,6093,0.4747,0.48612,0.64923,0.38852
ah_f1_s0,ah,ah,im0001,Q2,96,10500,0.73056,0.77026,0.86459,0.69449
ah_f1_s0,ah,ah,im0001,Q3,25,11550,0.88477,0.92632,0.9098,0.94344
ah_f1_s0,ah,ah,im0001,Q4_clearest,1,5656,0.89941,0.9235,0.86155,0.99506
ah_f1_s0,ah,vk,im0001,Q1_dimmest,123,9234,0.36946,0.30687,0.67692,0.19841
ah_f1_s0,ah,vk,im0001,Q2,130,12108,0.67503,0.65798,0.78612,0.56575
ah_f1_s0,ah,vk,im0001,Q3,27,12167,0.88805,0.89704,0.88836,0.90588
ah_f1_s0,ah,vk,im0001,Q4_clearest,1,5662,0.89658,0.91233,0.84946,0.98526
ah_f1_s0,ah,ah,im0002,Q1_dimmest,79,8592,0.53147,0.53036,0.77298,0.40366
ah_f1_s0,ah,ah,im0002,Q2,45,8647,0.82447,0.87192,0.92995,0.82071
ah_f1_s0,ah,ah,im0002,Q3,9,7079,0.91681,0.94003,0.93708,0.94299
ah_f1_s0,ah,ah,im0002,Q4_clearest,3,3887,0.90209,0.93865,0.88924,0.99388
ah_f1_s0,ah,vk,im0002,Q1_dimmest,130,6605,0.43823,0.39048,0.55629,0.30082
ah_f1_s0,ah,vk,im0002,Q2,56,6775,0.74106,0.77051,0.75431,0.78742
ah_f1_s0,ah,vk,im0002,Q3,12,6462,0.86983,0.90249,0.89493,0.91018
ah_f1_s0,ah,vk,im0002,Q4_clearest,2,3673,0.87086,0.91018,0.84256,0.98959
ah_f1_s0,ah,ah,im0003,Q1_dimmest,37,2241,0.4486,0.39903,0.46721,0.34821
ah_f1_s0,ah,ah,im0003,Q2,50,4762,0.67629,0.66523,0.73222,0.60948
ah_f1_s0,ah,ah,im0003,Q3,18,8026,0.80247,0.84366,0.80932,0.88105
ah_f1_s0,ah,ah,im0003,Q4_clearest,3,10316,0.90217,0.94564,0.91163,0.9823
ah_f1_s0,ah,vk,im0003,Q1_dimmest,106,4263,0.25476,0.15181,0.4153,0.09288
ah_f1_s0,ah,vk,im0003,Q2,57,4397,0.51779,0.46781,0.57322,0.39515
ah_f1_s0,ah,vk,im0003,Q3,28,6538,0.66962,0.68582,0.64301,0.73473
ah_f1_s0,ah,vk,im0003,Q4_clearest,6,9209,0.84257,0.90311,0.84564,0.96896
ah_f1_s0,ah,ah,im0004,Q1_dimmest,95,15973,0.49161,0.62799,0.79781,0.51777
ah_f1_s0,ah,ah,im0004,Q2,43,11358,0.84827,0.88883,0.95341,0.83244
ah_f1_s0,ah,ah,im0004,Q3,0,3885,0.97647,0.99316,0.99324,0.99307
ah_f1_s0,ah,ah,im0004,Q4_clearest,0,179,0.93194,0.98285,0.97701,0.98876
ah_f1_s0,ah,vk,im0004,Q1_dimmest,181,17400,0.42935,0.39652,0.69057,0.27811
ah_f1_s0,ah,vk,im0004,Q2,51,9469,0.80677,0.76892,0.78652,0.75209
ah_f1_s0,ah,vk,im0004,Q3,2,3547,0.93755,0.94708,0.91976,0.97607
ah_f1_s0,ah,vk,im0004,Q4_clearest,0,186,0.94602,0.97701,0.97701,0.97701
ah_f1_s0,ah,ah,im0005,Q1_dimmest,44,4443,0.27128,0.40242,0.32392,0.53116
ah_f1_s0,ah,ah,im0005,Q2,74,7694,0.63172,0.7347,0.67671,0.80356
ah_f1_s0,ah,ah,im0005,Q3,25,10314,0.80635,0.87679,0.80956,0.9562
ah_f1_s0,ah,ah,im0005,Q4_clearest,2,15806,0.92341,0.94823,0.90304,0.99819
ah_f1_s0,ah,vk,im0005,Q1_dimmest,185,8337,0.2298,0.16148,0.50282,0.09619
ah_f1_s0,ah,vk,im0005,Q2,135,9096,0.60221,0.58676,0.75898,0.47825
ah_f1_s0,ah,vk,im0005,Q3,56,10963,0.80891,0.83059,0.83216,0.82902
ah_f1_s0,ah,vk,im0005,Q4_clearest,7,16089,0.93285,0.9502,0.91656,0.9864
ah_f1_s0,ah,ah,im0044,Q1_dimmest,37,1738,0.3843,0.35372,0.46009,0.28729
ah_f1_s0,ah,ah,im0044,Q2,65,4708,0.63386,0.67844,0.70457,0.65418
ah_f1_s0,ah,ah,im0044,Q3,19,10299,0.84665,0.91874,0.90426,0.93369
ah_f1_s0,ah,ah,im0044,Q4_clearest,3,12751,0.93879,0.96194,0.93555,0.98985
ah_f1_s0,ah,vk,im0044,Q1_dimmest,138,10158,0.16544,0.07498,0.66197,0.03974
ah_f1_s0,ah,vk,im0044,Q2,87,10907,0.52161,0.43121,0.90412,0.28312
ah_f1_s0,ah,vk,im0044,Q3,21,13631,0.85723,0.88071,0.97504,0.80302
ah_f1_s0,ah,vk,im0044,Q4_clearest,2,13685,0.95586,0.97049,0.96983,0.97115
ah_f1_s0,ah,ah,im0077,Q1_dimmest,31,1085,0.45546,0.49611,0.52607,0.46939
ah_f1_s0,ah,ah,im0077,Q2,54,2705,0.56303,0.62527,0.52308,0.7771
ah_f1_s0,ah,ah,im0077,Q3,34,8493,0.80295,0.87385,0.81054,0.94789
ah_f1_s0,ah,ah,im0077,Q4_clearest,9,21658,0.95057,0.98181,0.96948,0.99445
ah_f1_s0,ah,vk,im0077,Q1_dimmest,112,6851,0.2077,0.13629,0.80569,0.07444
ah_f1_s0,ah,vk,im0077,Q2,173,10394,0.49474,0.45394,0.89121,0.30453
ah_f1_s0,ah,vk,im0077,Q3,71,14028,0.82142,0.84196,0.96946,0.74411
ah_f1_s0,ah,vk,im0077,Q4_clearest,7,23739,0.97836,0.99005,0.99437,0.98577
ah_f1_s0,ah,ah,im0081,Q1_dimmest,13,866,0.5483,0.49941,0.51748,0.48256
ah_f1_s0,ah,ah,im0081,Q2,55,3366,0.61469,0.69608,0.66785,0.72681
ah_f1_s0,ah,ah,im0081,Q3,41,11072,0.83286,0.90149,0.8694,0.93604
ah_f1_s0,ah,ah,im0081,Q4_clearest,2,16311,0.96372,0.98948,0.98153,0.99757
ah_f1_s0,ah,vk,im0081,Q1_dimmest,114,10060,0.16401,0.06765,0.88811,0.03517
ah_f1_s0,ah,vk,im0081,Q2,159,13481,0.477,0.353,0.93144,0.21776
ah_f1_s0,ah,vk,im0081,Q3,49,17220,0.85282,0.85301,0.9809,0.75462
ah_f1_s0,ah,vk,im0081,Q4_clearest,3,17429,0.98604,0.99395,0.99832,0.98962
ah_f1_s0,ah,ah,im0082,Q1_dimmest,41,1423,0.54302,0.4539,0.60274,0.36402
ah_f1_s0,ah,ah,im0082,Q2,84,3429,0.61848,0.65825,0.69327,0.6266
ah_f1_s0,ah,ah,im0082,Q3,44,9083,0.83582,0.8823,0.84014,0.92892
ah_f1_s0,ah,ah,im0082,Q4_clearest,4,19375,0.96661,0.98752,0.97871,0.9965
ah_f1_s0,ah,vk,im0082,Q1_dimmest,177,8525,0.19298,0.10123,0.85388,0.05381
ah_f1_s0,ah,vk,im0082,Q2,153,9731,0.45909,0.3854,0.88597,0.24626
ah_f1_s0,ah,vk,im0082,Q3,64,13110,0.82469,0.8482,0.94701,0.76805
ah_f1_s0,ah,vk,im0082,Q4_clearest,8,20528,0.98256,0.99329,0.99631,0.99028
ah_f1_s0,ah,ah,im0139,Q1_dimmest,57,2659,0.41098,0.45092,0.49919,0.41117
ah_f1_s0,ah,ah,im0139,Q2,53,6553,0.61485,0.71221,0.66876,0.7617
ah_f1_s0,ah,ah,im0139,Q3,18,12760,0.8661,0.92913,0.90512,0.95445
ah_f1_s0,ah,ah,im0139,Q4_clearest,1,12085,0.97687,0.9873,0.97828,0.99649
ah_f1_s0,ah,vk,im0139,Q1_dimmest,192,17052,0.24814,0.18999,0.75203,0.10873
ah_f1_s0,ah,vk,im0139,Q2,88,17658,0.60543,0.62034,0.92404,0.46688
ah_f1_s0,ah,vk,im0139,Q3,20,17385,0.88467,0.88451,0.9642,0.81699
ah_f1_s0,ah,vk,im0139,Q4_clearest,4,12620,0.98717,0.98909,0.99332,0.98489
vk_f1_s0,vk,ah,im0001,Q1_dimmest,72,6093,0.50668,0.4479,0.33547,0.67368
vk_f1_s0,vk,ah,im0001,Q2,25,10500,0.68777,0.7484,0.62771,0.92654
vk_f1_s0,vk,ah,im0001,Q3,1,11550,0.82027,0.91963,0.85667,0.99258
vk_f1_s0,vk,ah,im0001,Q4_clearest,1,5656,0.8972,0.94733,0.90223,0.99718
vk_f1_s0,vk,vk,im0001,Q1_dimmest,171,9234,0.52885,0.44877,0.43947,0.45847
vk_f1_s0,vk,vk,im0001,Q2,64,12108,0.71539,0.70702,0.60779,0.84498
vk_f1_s0,vk,vk,im0001,Q3,10,12167,0.83662,0.89154,0.82615,0.96817
vk_f1_s0,vk,vk,im0001,Q4_clearest,0,5662,0.89311,0.93485,0.89108,0.98316
vk_f1_s0,vk,ah,im0002,Q1_dimmest,96,8592,0.63941,0.64839,0.6159,0.68449
vk_f1_s0,vk,ah,im0002,Q2,19,8647,0.81834,0.91527,0.88354,0.94936
vk_f1_s0,vk,ah,im0002,Q3,7,7079,0.85513,0.93851,0.9082,0.97091
vk_f1_s0,vk,ah,im0002,Q4_clearest,2,3887,0.88554,0.95969,0.93633,0.98425
vk_f1_s0,vk,vk,im0002,Q1_dimmest,140,6605,0.45777,0.43184,0.38602,0.49001
vk_f1_s0,vk,vk,im0002,Q2,14,6775,0.6968,0.78482,0.69231,0.90588
vk_f1_s0,vk,vk,im0002,Q3,7,6462,0.8043,0.88969,0.83821,0.9479
vk_f1_s0,vk,vk,im0002,Q4_clearest,1,3673,0.85596,0.93078,0.88764,0.97832
vk_f1_s0,vk,ah,im0003,Q1_dimmest,34,2241,0.41865,0.34739,0.22704,0.73929
vk_f1_s0,vk,ah,im0003,Q2,13,4762,0.59629,0.66016,0.52033,0.90278
vk_f1_s0,vk,ah,im0003,Q3,11,8026,0.67184,0.77809,0.64984,0.96943
vk_f1_s0,vk,ah,im0003,Q4_clearest,2,10316,0.80837,0.90792,0.83598,0.99341
vk_f1_s0,vk,vk,im0003,Q1_dimmest,144,4263,0.31076,0.25198,0.24247,0.26227
vk_f1_s0,vk,vk,im0003,Q2,44,4397,0.44897,0.47383,0.386,0.61341
vk_f1_s0,vk,vk,im0003,Q3,22,6538,0.55219,0.64493,0.52443,0.83731
vk_f1_s0,vk,vk,im0003,Q4_clearest,3,9209,0.75291,0.86818,0.77384,0.98871
vk_f1_s0,vk,ah,im0004,Q1_dimmest,90,15973,0.64839,0.67751,0.57784,0.81871
vk_f1_s0,vk,ah,im0004,Q2,16,11358,0.8921,0.91966,0.86881,0.97683
vk_f1_s0,vk,ah,im0004,Q3,0,3885,0.97051,0.9958,0.99164,1.0
vk_f1_s0,vk,ah,im0004,Q4_clearest,0,179,0.88614,0.975,0.95122,1.0
vk_f1_s0,vk,vk,im0004,Q1_dimmest,238,17400,0.60337,0.54904,0.55778,0.54057
vk_f1_s0,vk,vk,im0004,Q2,15,9469,0.81725,0.83149,0.73762,0.95272
vk_f1_s0,vk,vk,im0004,Q3,0,3547,0.92432,0.96316,0.92893,1.0
vk_f1_s0,vk,vk,im0004,Q4_clearest,0,186,0.90511,0.98137,0.96341,1.0
vk_f1_s0,vk,ah,im0005,Q1_dimmest,34,4443,0.3601,0.19906,0.11336,0.81602
vk_f1_s0,vk,ah,im0005,Q2,5,7694,0.65746,0.62853,0.46228,0.98149
vk_f1_s0,vk,ah,im0005,Q3,3,10314,0.76954,0.82177,0.69832,0.99825
vk_f1_s0,vk,ah,im0005,Q4_clearest,0,15806,0.89732,0.94239,0.89106,1.0
vk_f1_s0,vk,vk,im0005,Q1_dimmest,280,8337,0.42775,0.35868,0.35338,0.36414
vk_f1_s0,vk,vk,im0005,Q2,80,9096,0.67928,0.71388,0.65087,0.7904
vk_f1_s0,vk,vk,im0005,Q3,10,10963,0.7848,0.84303,0.75973,0.94684
vk_f1_s0,vk,vk,im0005,Q4_clearest,1,16089,0.90369,0.94508,0.8984,0.99688
vk_f1_s0,vk,ah,im0044,Q1_dimmest,31,1738,0.37673,0.30661,0.19682,0.69337
vk_f1_s0,vk,ah,im0044,Q2,14,4708,0.55813,0.64417,0.48721,0.95035
vk_f1_s0,vk,ah,im0044,Q3,5,10299,0.76561,0.8891,0.80379,0.99468
vk_f1_s0,vk,ah,im0044,Q4_clearest,0,12751,0.89933,0.95002,0.90665,0.99775
vk_f1_s0,vk,vk,im0044,Q1_dimmest,213,10158,0.42372,0.27115,0.54274,0.18072
vk_f1_s0,vk,vk,im0044,Q2,55,10907,0.72152,0.67559,0.82369,0.57263
vk_f1_s0,vk,vk,im0044,Q3,12,13631,0.86279,0.93147,0.93742,0.9256
vk_f1_s0,vk,vk,im0044,Q4_clearest,1,13685,0.92989,0.97325,0.95564,0.99151
vk_f1_s0,vk,ah,im0077,Q1_dimmest,13,1085,0.32014,0.31088,0.19415,0.77959
vk_f1_s0,vk,ah,im0077,Q2,5,2705,0.39245,0.42122,0.26868,0.97442
vk_f1_s0,vk,ah,im0077,Q3,2,8493,0.66851,0.78966,0.65507,0.99384
vk_f1_s0,vk,ah,im0077,Q4_clearest,0,21658,0.9127,0.97106,0.94391,0.99982
vk_f1_s0,vk,vk,im0077,Q1_dimmest,156,6851,0.53072,0.39661,0.68883,0.27848
vk_f1_s0,vk,vk,im0077,Q2,113,10394,0.7557,0.70135,0.79565,0.62703
vk_f1_s0,vk,vk,im0077,Q3,18,14028,0.87247,0.91406,0.91377,0.91436
vk_f1_s0,vk,vk,im0077,Q4_clearest,0,23739,0.95781,0.99257,0.98593,0.99929
vk_f1_s0,vk,ah,im0081,Q1_dimmest,10,866,0.27409,0.24022,0.14219,0.77326
vk_f1_s0,vk,ah,im0081,Q2,11,3366,0.41888,0.47927,0.31989,0.95515
vk_f1_s0,vk,ah,im0081,Q3,6,11072,0.72155,0.83147,0.71655,0.9903
vk_f1_s0,vk,ah,im0081,Q4_clearest,0,16311,0.93671,0.98304,0.96665,1.0
vk_f1_s0,vk,vk,im0081,Q1_dimmest,235,10060,0.42586,0.26254,0.74652,0.15928
vk_f1_s0,vk,vk,im0081,Q2,133,13481,0.73689,0.65038,0.81806,0.53975
vk_f1_s0,vk,vk,im0081,Q3,17,17220,0.89378,0.92883,0.94359,0.91451
vk_f1_s0,vk,vk,im0081,Q4_clearest,0,17429,0.969,0.99396,0.9903,0.99764
vk_f1_s0,vk,ah,im0082,Q1_dimmest,29,1423,0.44404,0.39842,0.27832,0.70084
vk_f1_s0,vk,ah,im0082,Q2,25,3429,0.49198,0.54902,0.39237,0.9139
vk_f1_s0,vk,ah,im0082,Q3,4,9083,0.72112,0.84339,0.73399,0.99112
vk_f1_s0,vk,ah,im0082,Q4_clearest,0,19375,0.92873,0.98333,0.9676,0.99959
vk_f1_s0,vk,vk,im0082,Q1_dimmest,278,8525,0.43894,0.31119,0.71521,0.19886
vk_f1_s0,vk,vk,im0082,Q2,133,9731,0.72511,0.67103,0.80186,0.5769
vk_f1_s0,vk,vk,im0082,Q3,10,13110,0.86814,0.92413,0.91806,0.93027
vk_f1_s0,vk,vk,im0082,Q4_clearest,0,20528,0.95685,0.99556,0.99175,0.9994
vk_f1_s0,vk,ah,im0139,Q1_dimmest,45,2659,0.32686,0.45145,0.31556,0.79289
vk_f1_s0,vk,ah,im0139,Q2,15,6553,0.5065,0.66719,0.50972,0.96543
vk_f1_s0,vk,ah,im0139,Q3,4,12760,0.80311,0.89837,0.82293,0.98905
vk_f1_s0,vk,ah,im0139,Q4_clearest,1,12085,0.96117,0.97474,0.95168,0.99895
vk_f1_s0,vk,vk,im0139,Q1_dimmest,266,17052,0.52998,0.39307,0.61902,0.28796
vk_f1_s0,vk,vk,im0139,Q2,76,17658,0.79144,0.76689,0.83657,0.70793
vk_f1_s0,vk,vk,im0139,Q3,17,17385,0.91354,0.91401,0.92763,0.90079
vk_f1_s0,vk,vk,im0139,Q4_clearest,0,12620,0.98079,0.98643,0.97699,0.99606
soft_f1_s0,soft,ah,im0001,Q1_dimmest,76,6093,0.52649,0.50749,0.44662,0.58756
soft_f1_s0,soft,ah,im0001,Q2,51,10500,0.73732,0.78832,0.71602,0.87688
soft_f1_s0,soft,ah,im0001,Q3,5,11550,0.87077,0.93818,0.8949,0.98586
soft_f1_s0,soft,ah,im0001,Q4_clearest,0,5656,0.91064,0.94153,0.89177,0.99718
soft_f1_s0,soft,vk,im0001,Q1_dimmest,173,9234,0.48123,0.42017,0.52215,0.35151
soft_f1_s0,soft,vk,im0001,Q2,95,12108,0.7288,0.72704,0.688,0.77079
soft_f1_s0,soft,vk,im0001,Q3,8,12167,0.88413,0.9143,0.86863,0.96505
soft_f1_s0,soft,vk,im0001,Q4_clearest,1,5662,0.90698,0.92602,0.87405,0.98456
soft_f1_s0,soft,ah,im0002,Q1_dimmest,92,8592,0.63724,0.6425,0.68309,0.60645
soft_f1_s0,soft,ah,im0002,Q2,21,8647,0.8498,0.91218,0.91702,0.90739
soft_f1_s0,soft,ah,im0002,Q3,7,7079,0.89555,0.9455,0.93433,0.95695
soft_f1_s0,soft,ah,im0002,Q4_clearest,2,3887,0.90298,0.95135,0.92135,0.98338
soft_f1_s0,soft,vk,im0002,Q1_dimmest,145,6605,0.4772,0.44001,0.43553,0.44458
soft_f1_s0,soft,vk,im0002,Q2,23,6775,0.73587,0.79543,0.72937,0.87466
soft_f1_s0,soft,vk,im0002,Q3,6,6462,0.84463,0.90516,0.8806,0.93114
soft_f1_s0,soft,vk,im0002,Q4_clearest,3,3673,0.86964,0.92288,0.879,0.97138
soft_f1_s0,soft,ah,im0003,Q1_dimmest,45,2241,0.5176,0.45865,0.35225,0.65714
soft_f1_s0,soft,ah,im0003,Q2,26,4762,0.69517,0.72516,0.63945,0.83742
soft_f1_s0,soft,ah,im0003,Q3,13,8026,0.76073,0.84228,0.75936,0.94553
soft_f1_s0,soft,ah,im0003,Q4_clearest,4,10316,0.85973,0.92716,0.87332,0.98806
soft_f1_s0,soft,vk,im0003,Q1_dimmest,149,4263,0.32739,0.23374,0.30615,0.18903
soft_f1_s0,soft,vk,im0003,Q2,61,4397,0.50876,0.49811,0.47543,0.52306
soft_f1_s0,soft,vk,im0003,Q3,21,6538,0.6243,0.68685,0.60777,0.7896
soft_f1_s0,soft,vk,im0003,Q4_clearest,6,9209,0.79819,0.87957,0.80142,0.97461
soft_f1_s0,soft,ah,im0004,Q1_dimmest,107,15973,0.62656,0.71069,0.6875,0.73549
soft_f1_s0,soft,ah,im0004,Q2,16,11358,0.9046,0.92743,0.90076,0.95573
soft_f1_s0,soft,ah,im0004,Q3,0,3885,0.98162,0.99527,0.99143,0.99913
soft_f1_s0,soft,ah,im0004,Q4_clearest,0,179,0.9199,0.98416,0.97959,0.98876
soft_f1_s0,soft,vk,im0004,Q1_dimmest,234,17400,0.58994,0.52653,0.65059,0.4422
soft_f1_s0,soft,vk,im0004,Q2,21,9469,0.83854,0.83805,0.76692,0.92372
soft_f1_s0,soft,vk,im0004,Q3,0,3547,0.93683,0.95944,0.92374,0.99801
soft_f1_s0,soft,vk,im0004,Q4_clearest,0,186,0.93401,0.9783,0.97959,0.97701
soft_f1_s0,soft,ah,im0005,Q1_dimmest,40,4443,0.30129,0.23446,0.13768,0.78932
soft_f1_s0,soft,ah,im0005,Q2,27,7694,0.66721,0.67194,0.52103,0.94591
soft_f1_s0,soft,ah,im0005,Q3,6,10314,0.81135,0.86231,0.76151,0.99387
soft_f1_s0,soft,ah,im0005,Q4_clearest,0,15806,0.91256,0.94639,0.89823,1.0
soft_f1_s0,soft,vk,im0005,Q1_dimmest,278,8337,0.37701,0.32259,0.37861,0.281
soft_f1_s0,soft,vk,im0005,Q2,101,9096,0.68984,0.69887,0.68492,0.7134
soft_f1_s0,soft,vk,im0005,Q3,21,10963,0.82595,0.8656,0.81679,0.92062
soft_f1_s0,soft,vk,im0005,Q4_clearest,0,16089,0.92093,0.94809,0.90361,0.99717
soft_f1_s0,soft,ah,im0044,Q1_dimmest,40,1738,0.4391,0.37712,0.30478,0.49448
soft_f1_s0,soft,ah,im0044,Q2,24,4708,0.63948,0.70502,0.5767,0.90679
soft_f1_s0,soft,ah,im0044,Q3,11,10299,0.81627,0.91233,0.85376,0.97953
soft_f1_s0,soft,ah,im0044,Q4_clearest,1,12751,0.92023,0.95618,0.9173,0.9985
soft_f1_s0,soft,vk,im0044,Q1_dimmest,192,10158,0.29183,0.16739,0.65936,0.09586
soft_f1_s0,soft,vk,im0044,Q2,62,10907,0.68318,0.62468,0.87558,0.48554
soft_f1_s0,soft,vk,im0044,Q3,12,13631,0.89169,0.92822,0.96462,0.89446
soft_f1_s0,soft,vk,im0044,Q4_clearest,1,13685,0.94901,0.97301,0.9555,0.99117
soft_f1_s0,soft,ah,im0077,Q1_dimmest,21,1085,0.42455,0.38245,0.26338,0.69796
soft_f1_s0,soft,ah,im0077,Q2,18,2705,0.47946,0.50468,0.34344,0.95128
soft_f1_s0,soft,ah,im0077,Q3,6,8493,0.7366,0.8267,0.70792,0.99337
soft_f1_s0,soft,ah,im0077,Q4_clearest,0,21658,0.93326,0.97713,0.95545,0.99982
soft_f1_s0,soft,vk,im0077,Q1_dimmest,155,6851,0.39381,0.29801,0.79443,0.18341
soft_f1_s0,soft,vk,im0077,Q2,146,10394,0.70268,0.65966,0.88119,0.52713
soft_f1_s0,soft,vk,im0077,Q3,31,14028,0.89544,0.90643,0.9412,0.87413
soft_f1_s0,soft,vk,im0077,Q4_clearest,0,23739,0.97607,0.99445,0.99087,0.99804
soft_f1_s0,soft,ah,im0081,Q1_dimmest,19,866,0.43933,0.35801,0.24294,0.68023
soft_f1_s0,soft,ah,im0081,Q2,21,3366,0.52524,0.59045,0.4386,0.90316
soft_f1_s0,soft,ah,im0081,Q3,16,11072,0.77726,0.86404,0.77791,0.97161
soft_f1_s0,soft,ah,im0081,Q4_clearest,0,16311,0.95046,0.9861,0.97281,0.99976
soft_f1_s0,soft,vk,im0081,Q1_dimmest,184,10060,0.28417,0.15493,0.83333,0.0854
soft_f1_s0,soft,vk,im0081,Q2,151,13481,0.6704,0.55044,0.89604,0.39723
soft_f1_s0,soft,vk,im0081,Q3,18,17220,0.90888,0.91111,0.96647,0.86174
soft_f1_s0,soft,vk,im0081,Q4_clearest,0,17429,0.98132,0.99646,0.99598,0.99693
soft_f1_s0,soft,ah,im0082,Q1_dimmest,38,1423,0.50105,0.41689,0.34749,0.52092
soft_f1_s0,soft,ah,im0082,Q2,40,3429,0.57532,0.61551,0.48299,0.84825
soft_f1_s0,soft,ah,im0082,Q3,9,9083,0.785,0.87043,0.78008,0.98445
soft_f1_s0,soft,ah,im0082,Q4_clearest,2,19375,0.94996,0.98645,0.97404,0.99918
soft_f1_s0,soft,vk,im0082,Q1_dimmest,231,8525,0.30118,0.20688,0.81274,0.11852
soft_f1_s0,soft,vk,im0082,Q2,146,9731,0.6586,0.58997,0.84045,0.45452
soft_f1_s0,soft,vk,im0082,Q3,23,13110,0.88989,0.91143,0.93267,0.89114
soft_f1_s0,soft,vk,im0082,Q4_clearest,0,20528,0.97694,0.99618,0.99416,0.99821
soft_f1_s0,soft,ah,im0139,Q1_dimmest,53,2659,0.39969,0.48928,0.37196,0.71472
soft_f1_s0,soft,ah,im0139,Q2,21,6553,0.58179,0.71255,0.5776,0.92979
soft_f1_s0,soft,ah,im0139,Q3,6,12760,0.83333,0.9113,0.84825,0.98446
soft_f1_s0,soft,ah,im0139,Q4_clearest,1,12085,0.96421,0.97887,0.96056,0.9979
soft_f1_s0,soft,vk,im0139,Q1_dimmest,240,17052,0.40306,0.33577,0.66421,0.22468
soft_f1_s0,soft,vk,im0139,Q2,69,17658,0.74671,0.73385,0.8668,0.63626
soft_f1_s0,soft,vk,im0139,Q3,25,17385,0.91253,0.90654,0.93199,0.88246
soft_f1_s0,soft,vk,im0139,Q4_clearest,0,12620,0.98291,0.98804,0.98111,0.99507
ah_f0_s1,ah,ah,im0162,Q1_dimmest,65,1234,0.32169,0.39225,0.68269,0.27518
ah_f0_s1,ah,ah,im0162,Q2,167,4015,0.56583,0.61524,0.75976,0.51692
ah_f0_s1,ah,ah,im0162,Q3,134,8765,0.80452,0.85696,0.88443,0.83114
ah_f0_s1,ah,ah,im0162,Q4_clearest,25,16166,0.96589,0.98239,0.98038,0.98441
ah_f0_s1,ah,vk,im0162,Q1_dimmest,197,7724,0.09031,0.07682,0.85577,0.04021
ah_f0_s1,ah,vk,im0162,Q2,247,11002,0.35651,0.40073,0.95403,0.25363
ah_f0_s1,ah,vk,im0162,Q3,153,12733,0.7393,0.84212,0.97878,0.73895
ah_f0_s1,ah,vk,im0162,Q4_clearest,30,17043,0.9667,0.98641,0.99773,0.97534
ah_f0_s1,ah,ah,im0163,Q1_dimmest,28,913,0.51299,0.35637,0.52027,0.27099
ah_f0_s1,ah,ah,im0163,Q2,87,2555,0.56758,0.58003,0.55556,0.60675
ah_f0_s1,ah,ah,im0163,Q3,58,7366,0.80752,0.89023,0.85533,0.9281
ah_f0_s1,ah,ah,im0163,Q4_clearest,8,21917,0.96784,0.99343,0.99173,0.99513
ah_f0_s1,ah,vk,im0163,Q1_dimmest,98,5005,0.19095,0.12429,0.89865,0.06676
ah_f0_s1,ah,vk,im0163,Q2,144,8784,0.42445,0.52139,0.93851,0.36096
ah_f0_s1,ah,vk,im0163,Q3,45,12118,0.8021,0.93041,0.99367,0.87473
ah_f0_s1,ah,vk,im0163,Q4_clearest,8,23198,0.98151,0.9958,0.9998,0.99183
ah_f0_s1,ah,ah,im0235,Q1_dimmest,88,3057,0.47137,0.54099,0.77179,0.41646
ah_f0_s1,ah,ah,im0235,Q2,119,6171,0.67184,0.73218,0.82855,0.65589
ah_f0_s1,ah,ah,im0235,Q3,69,10228,0.85859,0.91011,0.9089,0.91131
ah_f0_s1,ah,ah,im0235,Q4_clearest,20,18245,0.96824,0.98492,0.98565,0.98419
ah_f0_s1,ah,vk,im0235,Q1_dimmest,179,12730,0.18729,0.15424,0.92308,0.08415
ah_f0_s1,ah,vk,im0235,Q2,122,13578,0.49399,0.51886,0.96411,0.35494
ah_f0_s1,ah,vk,im0235,Q3,59,14180,0.78507,0.885,0.99118,0.79937
ah_f0_s1,ah,vk,im0235,Q4_clearest,15,19269,0.97171,0.98692,0.99975,0.97442
ah_f0_s1,ah,ah,im0236,Q1_dimmest,54,3357,0.40189,0.43116,0.63613,0.32609
ah_f0_s1,ah,ah,im0236,Q2,75,6379,0.69522,0.72897,0.87757,0.62341
ah_f0_s1,ah,ah,im0236,Q3,68,11731,0.86769,0.90894,0.94382,0.87655
ah_f0_s1,ah,ah,im0236,Q4_clearest,9,16893,0.97088,0.98465,0.9852,0.98411
ah_f0_s1,ah,vk,im0236,Q1_dimmest,165,11583,0.20805,0.18147,0.90838,0.10081
ah_f0_s1,ah,vk,im0236,Q2,118,12232,0.53524,0.54933,0.9714,0.38294
ah_f0_s1,ah,vk,im0236,Q3,69,14892,0.82115,0.88629,0.99085,0.8017
ah_f0_s1,ah,vk,im0236,Q4_clearest,11,17515,0.97129,0.98776,0.99766,0.97804
ah_f0_s1,ah,ah,im0239,Q1_dimmest,30,3436,0.23932,0.17685,0.88288,0.09827
ah_f0_s1,ah,ah,im0239,Q2,95,6687,0.52436,0.51095,0.93506,0.35152
ah_f0_s1,ah,ah,im0239,Q3,137,13176,0.79913,0.84387,0.96314,0.75088
ah_f0_s1,ah,ah,im0239,Q4_clearest,34,13272,0.94565,0.97127,0.98766,0.95541
ah_f0_s1,ah,vk,im0239,Q1_dimmest,69,9318,0.10926,0.08305,0.99099,0.04334
ah_f0_s1,ah,vk,im0239,Q2,119,12844,0.35847,0.36121,0.99711,0.22055
ah_f0_s1,ah,vk,im0239,Q3,138,17078,0.72995,0.79474,0.99509,0.66155
ah_f0_s1,ah,vk,im0239,Q4_clearest,29,13831,0.94972,0.97202,0.99943,0.94607
ah_f0_s1,ah,ah,im0240,Q1_dimmest,72,10396,0.34582,0.44636,0.80138,0.30932
ah_f0_s1,ah,ah,im0240,Q2,124,13292,0.66538,0.74255,0.9054,0.62936
ah_f0_s1,ah,ah,im0240,Q3,35,12242,0.89872,0.95546,0.98002,0.9321
ah_f0_s1,ah,ah,im0240,Q4_clearest,0,7313,0.99186,0.99846,0.9988,0.99812
ah_f0_s1,ah,vk,im0240,Q1_dimmest,166,23754,0.19943,0.18484,0.87737,0.1033
ah_f0_s1,ah,vk,im0240,Q2,114,19679,0.56495,0.60033,0.98553,0.43162
ah_f0_s1,ah,vk,im0240,Q3,36,13776,0.88789,0.93912,0.99875,0.88621
ah_f0_s1,ah,vk,im0240,Q4_clearest,0,7375,0.99476,0.99758,1.0,0.99516
ah_f0_s1,ah,ah,im0255,Q1_dimmest,90,2995,0.225,0.30884,0.6385,0.20368
ah_f0_s1,ah,ah,im0255,Q2,178,7010,0.54948,0.65279,0.83898,0.53423
ah_f0_s1,ah,ah,im0255,Q3,100,11944,0.84454,0.91429,0.95515,0.87677
ah_f0_s1,ah,ah,im0255,Q4_clearest,11,15954,0.97837,0.99435,0.99731,0.9914
ah_f0_s1,ah,vk,im0255,Q1_dimmest,210,11173,0.09492,0.07957,0.92488,0.04157
ah_f0_s1,ah,vk,im0255,Q2,212,13470,0.40235,0.44202,0.96238,0.2869
ah_f0_s1,ah,vk,im0255,Q3,88,14513,0.80906,0.89282,0.99364,0.81058
ah_f0_s1,ah,vk,im0255,Q4_clearest,13,16378,0.98009,0.99436,1.0,0.98879
ah_f0_s1,ah,ah,im0291,Q1_dimmest,68,5612,0.43444,0.49704,0.88073,0.34621
ah_f0_s1,ah,ah,im0291,Q2,41,6266,0.75938,0.82284,0.93847,0.73258
ah_f0_s1,ah,ah,im0291,Q3,19,5570,0.91175,0.95517,0.99188,0.92107
ah_f0_s1,ah,ah,im0291,Q4_clearest,0,3970,0.97663,0.98989,0.99897,0.98096
ah_f0_s1,ah,vk,im0291,Q1_dimmest,96,8426,0.32095,0.29961,0.8789,0.18058
ah_f0_s1,ah,vk,im0291,Q2,47,7773,0.70966,0.74002,0.98031,0.59433
ah_f0_s1,ah,vk,im0291,Q3,13,5973,0.89624,0.93977,0.99756,0.8883
ah_f0_s1,ah,vk,im0291,Q4_clearest,2,3978,0.97665,0.98235,1.0,0.96531
ah_f0_s1,ah,ah,im0319,Q1_dimmest,66,3917,0.3714,0.42366,0.60733,0.32529
ah_f0_s1,ah,ah,im0319,Q2,51,6569,0.72767,0.79075,0.88542,0.71437
ah_f0_s1,ah,ah,im0319,Q3,23,5701,0.90205,0.92222,0.93673,0.90816
ah_f0_s1,ah,ah,im0319,Q4_clearest,1,2058,0.99035,0.99112,0.984,0.99834
ah_f0_s1,ah,vk,im0319,Q1_dimmest,110,8846,0.27212,0.23937,0.81675,0.14023
ah_f0_s1,ah,vk,im0319,Q2,68,9216,0.68028,0.72448,0.96068,0.58151
ah_f0_s1,ah,vk,im0319,Q3,18,6429,0.91853,0.92604,0.98182,0.87627
ah_f0_s1,ah,vk,im0319,Q4_clearest,0,2090,0.99761,1.0,1.0,1.0
ah_f0_s1,ah,ah,im0324,Q1_dimmest,33,6617,0.2355,0.30102,0.65165,0.19571
ah_f0_s1,ah,ah,im0324,Q2,62,8846,0.5683,0.58957,0.84122,0.45381
ah_f0_s1,ah,ah,im0324,Q3,38,8400,0.82066,0.87583,0.94646,0.81501
ah_f0_s1,ah,ah,im0324,Q4_clearest,1,4398,0.96545,0.99134,0.99876,0.98403
ah_f0_s1,ah,vk,im0324,Q1_dimmest,89,14643,0.19299,0.13037,0.82583,0.07077
ah_f0_s1,ah,vk,im0324,Q2,80,13140,0.51053,0.40544,0.93195,0.25908
ah_f0_s1,ah,vk,im0324,Q3,24,9911,0.80636,0.81561,0.98334,0.69676
ah_f0_s1,ah,vk,im0324,Q4_clearest,1,4515,0.97055,0.9874,1.0,0.97512
vk_f0_s1,vk,ah,im0162,Q1_dimmest,49,1234,0.39048,0.4369,0.31073,0.73561
vk_f0_s1,vk,ah,im0162,Q2,58,4015,0.52682,0.62624,0.48269,0.89129
vk_f0_s1,vk,ah,im0162,Q3,25,8765,0.74909,0.87583,0.79603,0.97342
vk_f0_s1,vk,ah,im0162,Q4_clearest,22,16166,0.93676,0.9741,0.96634,0.98198
vk_f0_s1,vk,vk,im0162,Q1_dimmest,268,7724,0.42299,0.30501,0.65598,0.1987
vk_f0_s1,vk,vk,im0162,Q2,154,11002,0.7398,0.69014,0.81983,0.59587
vk_f0_s1,vk,vk,im0162,Q3,30,12733,0.89391,0.93587,0.94418,0.92771
vk_f0_s1,vk,vk,im0162,Q4_clearest,26,17043,0.96184,0.98449,0.99006,0.97898
vk_f0_s1,vk,ah,im0163,Q1_dimmest,21,913,0.37062,0.35184,0.22175,0.85115
vk_f0_s1,vk,ah,im0163,Q2,21,2555,0.42686,0.5259,0.36296,0.95432
vk_f0_s1,vk,ah,im0163,Q3,12,7366,0.68521,0.85906,0.76039,0.98714
vk_f0_s1,vk,ah,im0163,Q4_clearest,5,21917,0.9435,0.98978,0.98212,0.99757
vk_f0_s1,vk,vk,im0163,Q1_dimmest,143,5005,0.5022,0.44407,0.56497,0.36579
vk_f0_s1,vk,vk,im0163,Q2,68,8784,0.74589,0.7636,0.77623,0.75138
vk_f0_s1,vk,vk,im0163,Q3,15,12118,0.87993,0.95432,0.94572,0.96308
vk_f0_s1,vk,vk,im0163,Q4_clearest,7,23198,0.96936,0.99429,0.99317,0.99542
vk_f0_s1,vk,ah,im0235,Q1_dimmest,71,3057,0.47557,0.49808,0.41332,0.62658
vk_f0_s1,vk,ah,im0235,Q2,41,6171,0.64774,0.72469,0.60921,0.89417
vk_f0_s1,vk,ah,im0235,Q3,18,10228,0.82542,0.90082,0.83856,0.97306
vk_f0_s1,vk,ah,im0235,Q4_clearest,6,18245,0.95977,0.9865,0.98135,0.99171
vk_f0_s1,vk,vk,im0235,Q1_dimmest,252,12730,0.39861,0.30987,0.75318,0.19506
vk_f0_s1,vk,vk,im0235,Q2,82,13578,0.73773,0.71494,0.8742,0.60477
vk_f0_s1,vk,vk,im0235,Q3,23,14180,0.905,0.93444,0.96289,0.90762
vk_f0_s1,vk,vk,im0235,Q4_clearest,7,19269,0.98401,0.99238,0.99798,0.98684
vk_f0_s1,vk,ah,im0236,Q1_dimmest,56,3357,0.44787,0.4601,0.40128,0.53913
vk_f0_s1,vk,ah,im0236,Q2,53,6379,0.67889,0.73546,0.65809,0.83344
vk_f0_s1,vk,ah,im0236,Q3,18,11731,0.84712,0.91108,0.86894,0.95752
vk_f0_s1,vk,ah,im0236,Q4_clearest,5,16893,0.9641,0.98303,0.97505,0.99114
vk_f0_s1,vk,vk,im0236,Q1_dimmest,216,11583,0.39613,0.31083,0.69264,0.20037
vk_f0_s1,vk,vk,im0236,Q2,114,12232,0.75621,0.7245,0.88416,0.61368
vk_f0_s1,vk,vk,im0236,Q3,21,14892,0.91715,0.94528,0.95682,0.93402
vk_f0_s1,vk,vk,im0236,Q4_clearest,6,17515,0.9804,0.99052,0.99048,0.99055
vk_f0_s1,vk,ah,im0239,Q1_dimmest,73,3436,0.42757,0.46318,0.52034,0.41734
vk_f0_s1,vk,ah,im0239,Q2,59,6687,0.64378,0.70593,0.65127,0.77061
vk_f0_s1,vk,ah,im0239,Q3,31,13176,0.83976,0.90897,0.86563,0.95689
vk_f0_s1,vk,ah,im0239,Q4_clearest,7,13272,0.95668,0.98473,0.98339,0.98608
vk_f0_s1,vk,vk,im0239,Q1_dimmest,144,9318,0.36577,0.30508,0.72373,0.19328
vk_f0_s1,vk,vk,im0239,Q2,130,12844,0.68336,0.68097,0.86873,0.55994
vk_f0_s1,vk,vk,im0239,Q3,32,17078,0.9048,0.94234,0.96689,0.91899
vk_f0_s1,vk,vk,im0239,Q4_clearest,10,13831,0.97502,0.99105,0.99916,0.98308
vk_f0_s1,vk,ah,im0240,Q1_dimmest,85,10396,0.47981,0.53658,0.55693,0.51766
vk_f0_s1,vk,ah,im0240,Q2,50,13292,0.78347,0.81149,0.74049,0.89755
vk_f0_s1,vk,ah,im0240,Q3,1,12242,0.92532,0.97597,0.96029,0.99218
vk_f0_s1,vk,ah,im0240,Q4_clearest,0,7313,0.99321,0.99912,0.99824,1.0
vk_f0_s1,vk,vk,im0240,Q1_dimmest,243,23754,0.40786,0.33259,0.79343,0.21039
vk_f0_s1,vk,vk,im0240,Q2,67,19679,0.82228,0.80444,0.92389,0.71234
vk_f0_s1,vk,vk,im0240,Q3,2,13776,0.96772,0.98758,0.99599,0.97931
vk_f0_s1,vk,vk,im0240,Q4_clearest,0,7375,0.99729,1.0,1.0,1.0
vk_f0_s1,vk,ah,im0255,Q1_dimmest,81,2995,0.43946,0.43474,0.34111,0.59921
vk_f0_s1,vk,ah,im0255,Q2,71,7010,0.6533,0.69193,0.56991,0.88042
vk_f0_s1,vk,ah,im0255,Q3,10,11944,0.87003,0.93478,0.88776,0.98706
vk_f0_s1,vk,ah,im0255,Q4_clearest,11,15954,0.97537,0.99198,0.99234,0.99162
vk_f0_s1,vk,vk,im0255,Q1_dimmest,331,11173,0.41183,0.33986,0.70916,0.22348
vk_f0_s1,vk,vk,im0255,Q2,160,13470,0.75202,0.71893,0.84407,0.6261
vk_f0_s1,vk,vk,im0255,Q3,22,14513,0.93727,0.95688,0.96006,0.95372
vk_f0_s1,vk,vk,im0255,Q4_clearest,9,16378,0.98777,0.99552,0.99891,0.99215
vk_f0_s1,vk,ah,im0291,Q1_dimmest,85,5612,0.49942,0.54345,0.65953,0.46212
vk_f0_s1,vk,ah,im0291,Q2,30,6266,0.78645,0.8558,0.82714,0.88653
vk_f0_s1,vk,ah,im0291,Q3,8,5570,0.91027,0.96793,0.96841,0.96745
vk_f0_s1,vk,ah,im0291,Q4_clearest,0,3970,0.98803,0.99949,0.99899,1.0
vk_f0_s1,vk,vk,im0291,Q1_dimmest,104,8426,0.468,0.4023,0.75739,0.27389
vk_f0_s1,vk,vk,im0291,Q2,46,7773,0.82473,0.82582,0.9165,0.75147
vk_f0_s1,vk,vk,im0291,Q3,7,5973,0.93947,0.97586,0.99307,0.95925
vk_f0_s1,vk,vk,im0291,Q4_clearest,0,3978,0.98904,1.0,1.0,1.0
vk_f0_s1,vk,ah,im0319,Q1_dimmest,94,3917,0.39163,0.41987,0.46154,0.3851
vk_f0_s1,vk,ah,im0319,Q2,50,6569,0.72382,0.79732,0.75625,0.8431
vk_f0_s1,vk,ah,im0319,Q3,7,5701,0.89479,0.94736,0.91655,0.98032
vk_f0_s1,vk,ah,im0319,Q4_clearest,0,2058,0.98656,0.98889,0.97802,1.0
vk_f0_s1,vk,vk,im0319,Q1_dimmest,159,8846,0.35676,0.32314,0.68876,0.21109
vk_f0_s1,vk,vk,im0319,Q2,70,9216,0.77668,0.80481,0.8873,0.73634
vk_f0_s1,vk,vk,im0319,Q3,6,6429,0.93718,0.96626,0.96871,0.96382
vk_f0_s1,vk,vk,im0319,Q4_clearest,0,2090,0.99428,1.0,1.0,1.0
vk_f0_s1,vk,ah,im0324,Q1_dimmest,39,6617,0.21331,0.25422,0.39964,0.18639
vk_f0_s1,vk,ah,im0324,Q2,74,8846,0.55874,0.5941,0.60996,0.57905
vk_f0_s1,vk,ah,im0324,Q3,18,8400,0.80005,0.87587,0.87117,0.88061
vk_f0_s1,vk,ah,im0324,Q4_clearest,4,4398,0.9477,0.96771,0.97611,0.95946
vk_f0_s1,vk,vk,im0324,Q1_dimmest,145,14643,0.2045,0.19247,0.74684,0.11047
vk_f0_s1,vk,vk,im0324,Q2,103,13140,0.58432,0.57096,0.82442,0.4367
vk_f0_s1,vk,vk,im0324,Q3,23,9911,0.83618,0.87423,0.95006,0.80962
vk_f0_s1,vk,vk,im0324,Q4_clearest,4,4515,0.95987,0.96875,0.98294,0.95498
soft_f0_s1,soft,ah,im0162,Q1_dimmest,67,1234,0.48185,0.55135,0.47432,0.65827
soft_f0_s1,soft,ah,im0162,Q2,83,4015,0.61204,0.68582,0.57672,0.84581
soft_f0_s1,soft,ah,im0162,Q3,24,8765,0.80673,0.89044,0.82091,0.97283
soft_f0_s1,soft,ah,im0162,Q4_clearest,6,16166,0.95864,0.98558,0.9762,0.99514
soft_f0_s1,soft,vk,im0162,Q1_dimmest,278,7724,0.27742,0.22423,0.72089,0.13276
soft_f0_s1,soft,vk,im0162,Q2,190,11002,0.66001,0.63658,0.87001,0.50191
soft_f0_s1,soft,vk,im0162,Q3,50,12733,0.91332,0.93254,0.96039,0.90626
soft_f0_s1,soft,vk,im0162,Q4_clearest,8,17043,0.98255,0.99459,0.99565,0.99353
soft_f0_s1,soft,ah,im0163,Q1_dimmest,31,913,0.47507,0.43468,0.3125,0.71374
soft_f0_s1,soft,ah,im0163,Q2,32,2555,0.50907,0.55595,0.40245,0.89871
soft_f0_s1,soft,ah,im0163,Q3,8,7366,0.74066,0.87881,0.79374,0.98429
soft_f0_s1,soft,ah,im0163,Q4_clearest,7,21917,0.95238,0.99033,0.98756,0.99311
soft_f0_s1,soft,vk,im0163,Q1_dimmest,162,5005,0.40645,0.37672,0.66458,0.26287
soft_f0_s1,soft,vk,im0163,Q2,95,8784,0.68587,0.73492,0.83681,0.65516
soft_f0_s1,soft,vk,im0163,Q3,8,12118,0.90637,0.96502,0.97144,0.95868
soft_f0_s1,soft,vk,im0163,Q4_clearest,9,23198,0.97804,0.9949,0.9986,0.99123
soft_f0_s1,soft,ah,im0235,Q1_dimmest,77,3057,0.53656,0.57135,0.53623,0.61139
soft_f0_s1,soft,ah,im0235,Q2,56,6171,0.70908,0.75395,0.67238,0.85805
soft_f0_s1,soft,ah,im0235,Q3,12,10228,0.85966,0.92643,0.877,0.98177
soft_f0_s1,soft,ah,im0235,Q4_clearest,5,18245,0.96631,0.98922,0.98471,0.99378
soft_f0_s1,soft,vk,im0235,Q1_dimmest,227,12730,0.33194,0.2803,0.85771,0.16752
soft_f0_s1,soft,vk,im0235,Q2,87,13578,0.69882,0.68279,0.92541,0.54097
soft_f0_s1,soft,vk,im0235,Q3,15,14180,0.90266,0.93896,0.98203,0.89951
soft_f0_s1,soft,vk,im0235,Q4_clearest,7,19269,0.98904,0.99363,1.0,0.98734
soft_f0_s1,soft,ah,im0236,Q1_dimmest,64,3357,0.50603,0.52122,0.50196,0.54203
soft_f0_s1,soft,ah,im0236,Q2,42,6379,0.74209,0.78447,0.73988,0.83478
soft_f0_s1,soft,ah,im0236,Q3,17,11731,0.87875,0.92919,0.90428,0.95551
soft_f0_s1,soft,ah,im0236,Q4_clearest,6,16893,0.97064,0.98481,0.97703,0.9927
soft_f0_s1,soft,vk,im0236,Q1_dimmest,212,11583,0.36034,0.3126,0.78096,0.19541
soft_f0_s1,soft,vk,im0236,Q2,106,12232,0.72336,0.70578,0.9184,0.57309
soft_f0_s1,soft,vk,im0236,Q3,17,14892,0.92261,0.94096,0.96901,0.91449
soft_f0_s1,soft,vk,im0236,Q4_clearest,8,17515,0.98517,0.98858,0.98889,0.98826
soft_f0_s1,soft,ah,im0239,Q1_dimmest,89,3436,0.40357,0.41189,0.68956,0.29364
soft_f0_s1,soft,ah,im0239,Q2,106,6687,0.68573,0.72404,0.78817,0.66956
soft_f0_s1,soft,ah,im0239,Q3,59,13176,0.86731,0.91801,0.89773,0.93922
soft_f0_s1,soft,ah,im0239,Q4_clearest,11,13272,0.96209,0.98265,0.98205,0.98324
soft_f0_s1,soft,vk,im0239,Q1_dimmest,120,9318,0.26796,0.22633,0.89286,0.12959
soft_f0_s1,soft,vk,im0239,Q2,156,12844,0.59899,0.61055,0.94223,0.45159
soft_f0_s1,soft,vk,im0239,Q3,51,17078,0.88272,0.92602,0.98476,0.87389
soft_f0_s1,soft,vk,im0239,Q4_clearest,7,13831,0.97958,0.98976,0.99832,0.98135
soft_f0_s1,soft,ah,im0240,Q1_dimmest,95,10396,0.5003,0.5726,0.65289,0.50989
soft_f0_s1,soft,ah,im0240,Q2,77,13292,0.79809,0.82493,0.80305,0.84804
soft_f0_s1,soft,ah,im0240,Q3,5,12242,0.93549,0.97969,0.97027,0.9893
soft_f0_s1,soft,ah,im0240,Q4_clearest,0,7313,0.99402,0.9997,0.9994,1.0
soft_f0_s1,soft,vk,im0240,Q1_dimmest,218,23754,0.37153,0.32291,0.87934,0.19777
soft_f0_s1,soft,vk,im0240,Q2,100,19679,0.77844,0.77388,0.95623,0.64993
soft_f0_s1,soft,vk,im0240,Q3,10,13776,0.96625,0.98113,0.99604,0.96667
soft_f0_s1,soft,vk,im0240,Q4_clearest,0,7375,0.9981,1.0,1.0,1.0
soft_f0_s1,soft,ah,im0255,Q1_dimmest,102,2995,0.45083,0.44975,0.4065,0.50329
soft_f0_s1,soft,ah,im0255,Q2,73,7010,0.706,0.75313,0.66209,0.87319
soft_f0_s1,soft,ah,im0255,Q3,17,11944,0.89729,0.93984,0.90156,0.98152
soft_f0_s1,soft,ah,im0255,Q4_clearest,0,15954,0.98327,0.99769,0.99582,0.99956
soft_f0_s1,soft,vk,im0255,Q1_dimmest,304,11173,0.30807,0.26373,0.77913,0.15873
soft_f0_s1,soft,vk,im0255,Q2,145,13470,0.70787,0.69559,0.90795,0.56374
soft_f0_s1,soft,vk,im0255,Q3,21,14513,0.94077,0.96402,0.97756,0.95085
soft_f0_s1,soft,vk,im0255,Q4_clearest,0,16378,0.99494,0.99967,0.99956,0.99978
soft_f0_s1,soft,ah,im0291,Q1_dimmest,85,5612,0.55766,0.60427,0.7896,0.48939
soft_f0_s1,soft,ah,im0291,Q2,31,6266,0.83475,0.88899,0.89147,0.88653
soft_f0_s1,soft,ah,im0291,Q3,4,5570,0.94919,0.98114,0.97379,0.98861
soft_f0_s1,soft,ah,im0291,Q4_clearest,0,3970,0.99399,0.9995,0.999,1.0
soft_f0_s1,soft,vk,im0291,Q1_dimmest,95,8426,0.46295,0.39897,0.83416,0.26218
soft_f0_s1,soft,vk,im0291,Q2,39,7773,0.83572,0.82922,0.95222,0.73437
soft_f0_s1,soft,vk,im0291,Q3,2,5973,0.97152,0.98435,0.99614,0.97283
soft_f0_s1,soft,vk,im0291,Q4_clearest,0,3978,0.995,0.999,0.998,1.0
soft_f0_s1,soft,ah,im0319,Q1_dimmest,76,3917,0.4575,0.503,0.5013,0.50472
soft_f0_s1,soft,ah,im0319,Q2,44,6569,0.76203,0.8293,0.79262,0.86954
soft_f0_s1,soft,ah,im0319,Q3,8,5701,0.91497,0.9605,0.93946,0.98251
soft_f0_s1,soft,ah,im0319,Q4_clearest,0,2058,0.98895,0.98964,0.9795,1.0
soft_f0_s1,soft,vk,im0319,Q1_dimmest,138,8846,0.39493,0.38453,0.78368,0.25477
soft_f0_s1,soft,vk,im0319,Q2,53,9216,0.78709,0.80567,0.90229,0.72774
soft_f0_s1,soft,vk,im0319,Q3,3,6429,0.95276,0.96519,0.96729,0.9631
soft_f0_s1,soft,vk,im0319,Q4_clearest,0,2090,0.99666,1.0,1.0,1.0
soft_f0_s1,soft,ah,im0324,Q1_dimmest,64,6617,0.32312,0.45453,0.60908,0.36253
soft_f0_s1,soft,ah,im0324,Q2,75,8846,0.64239,0.69171,0.70912,0.67514
soft_f0_s1,soft,ah,im0324,Q3,12,8400,0.83988,0.9046,0.8846,0.92553
soft_f0_s1,soft,ah,im0324,Q4_clearest,3,4398,0.96487,0.98535,0.99421,0.97666
soft_f0_s1,soft,vk,im0324,Q1_dimmest,146,14643,0.28065,0.2279,0.84293,0.13176
soft_f0_s1,soft,vk,im0324,Q2,100,13140,0.64438,0.59017,0.88671,0.44226
soft_f0_s1,soft,vk,im0324,Q3,19,9911,0.87184,0.89195,0.9603,0.83268
soft_f0_s1,soft,vk,im0324,Q4_clearest,1,4515,0.97681,0.98506,0.99768,0.97275
ah_f1_s1,ah,ah,im0001,Q1_dimmest,66,6093,0.47842,0.49411,0.67851,0.38852
ah_f1_s1,ah,ah,im0001,Q2,94,10500,0.72961,0.74999,0.84988,0.67112
ah_f1_s1,ah,ah,im0001,Q3,13,11550,0.89268,0.94749,0.95776,0.93743
ah_f1_s1,ah,ah,im0001,Q4_clearest,0,5656,0.92715,0.94753,0.9055,0.99365
ah_f1_s1,ah,vk,im0001,Q1_dimmest,125,9234,0.3942,0.31935,0.74788,0.20302
ah_f1_s1,ah,vk,im0001,Q2,125,12108,0.68145,0.65796,0.78609,0.56575
ah_f1_s1,ah,vk,im0001,Q3,19,12167,0.88959,0.90247,0.90919,0.89585
ah_f1_s1,ah,vk,im0001,Q4_clearest,1,5662,0.92308,0.93748,0.89644,0.98246
ah_f1_s1,ah,ah,im0002,Q1_dimmest,77,8592,0.56226,0.53658,0.79438,0.40511
ah_f1_s1,ah,ah,im0002,Q2,39,8647,0.83608,0.88273,0.94342,0.82938
ah_f1_s1,ah,ah,im0002,Q3,12,7079,0.92021,0.94549,0.96005,0.93136
ah_f1_s1,ah,ah,im0002,Q4_clearest,6,3887,0.91375,0.94795,0.92348,0.97375
ah_f1_s1,ah,vk,im0002,Q1_dimmest,109,6605,0.44011,0.39569,0.56269,0.30513
ah_f1_s1,ah,vk,im0002,Q2,48,6775,0.74401,0.76615,0.75357,0.77916
ah_f1_s1,ah,vk,im0002,Q3,16,6462,0.87101,0.8982,0.897,0.8994
ah_f1_s1,ah,vk,im0002,Q4_clearest,9,3673,0.88128,0.92027,0.88435,0.95924
ah_f1_s1,ah,ah,im0003,Q1_dimmest,38,2241,0.45046,0.38933,0.45349,0.34107
ah_f1_s1,ah,ah,im0003,Q2,42,4762,0.6701,0.64952,0.68385,0.61846
ah_f1_s1,ah,ah,im0003,Q3,20,8026,0.77538,0.81596,0.759,0.88216
ah_f1_s1,ah,ah,im0003,Q4_clearest,5,10316,0.87271,0.9271,0.87843,0.98147
ah_f1_s1,ah,vk,im0003,Q1_dimmest,105,4263,0.2372,0.15564,0.4157,0.09574
ah_f1_s1,ah,vk,im0003,Q2,58,4397,0.50326,0.45787,0.5321,0.40181
ah_f1_s1,ah,vk,im0003,Q3,19,6538,0.64243,0.67854,0.6218,0.74666
ah_f1_s1,ah,vk,im0003,Q4_clearest,7,9209,0.8106,0.87808,0.80279,0.96896
ah_f1_s1,ah,ah,im0004,Q1_dimmest,103,15973,0.50143,0.62959,0.81751,0.51192
ah_f1_s1,ah,ah,im0004,Q2,40,11358,0.85434,0.8897,0.94371,0.84154
ah_f1_s1,ah,ah,im0004,Q3,2,3885,0.9769,0.99396,0.99572,0.9922
ah_f1_s1,ah,ah,im0004,Q4_clearest,0,179,0.93931,0.98298,0.97727,0.98876
ah_f1_s1,ah,vk,im0004,Q1_dimmest,182,17400,0.43373,0.40823,0.72862,0.28354
ah_f1_s1,ah,vk,im0004,Q2,50,9469,0.81442,0.78504,0.79521,0.77513
ah_f1_s1,ah,vk,im0004,Q3,1,3547,0.93753,0.95437,0.9238,0.98704
ah_f1_s1,ah,vk,im0004,Q4_clearest,0,186,0.95337,0.97714,0.97727,0.97701
ah_f1_s1,ah,ah,im0005,Q1_dimmest,43,4443,0.26009,0.34045,0.25117,0.52819
ah_f1_s1,ah,ah,im0005,Q2,72,7694,0.62464,0.71714,0.65267,0.79573
ah_f1_s1,ah,ah,im0005,Q3,26,10314,0.80692,0.87262,0.79941,0.96058
ah_f1_s1,ah,ah,im0005,Q4_clearest,2,15806,0.9293,0.95343,0.91327,0.99728
ah_f1_s1,ah,vk,im0005,Q1_dimmest,188,8337,0.22639,0.1618,0.45086,0.09859
ah_f1_s1,ah,vk,im0005,Q2,121,9096,0.59289,0.58402,0.75331,0.47686
ah_f1_s1,ah,vk,im0005,Q3,52,10963,0.8038,0.8282,0.82954,0.82687
ah_f1_s1,ah,vk,im0005,Q4_clearest,3,16089,0.93219,0.94962,0.91745,0.98413
ah_f1_s1,ah,ah,im0044,Q1_dimmest,36,1738,0.3949,0.39387,0.43206,0.36188
ah_f1_s1,ah,ah,im0044,Q2,54,4708,0.62611,0.68221,0.6904,0.67422
ah_f1_s1,ah,ah,im0044,Q3,20,10299,0.84221,0.92222,0.8978,0.94801
ah_f1_s1,ah,ah,im0044,Q4_clearest,5,12751,0.93427,0.9604,0.92901,0.99399
ah_f1_s1,ah,vk,im0044,Q1_dimmest,145,10158,0.16322,0.08362,0.57143,0.04511
ah_f1_s1,ah,vk,im0044,Q2,76,10907,0.53859,0.43904,0.88565,0.29186
ah_f1_s1,ah,vk,im0044,Q3,21,13631,0.8629,0.88849,0.97355,0.81711
ah_f1_s1,ah,vk,im0044,Q4_clearest,5,13685,0.9469,0.96935,0.96689,0.97183
ah_f1_s1,ah,ah,im0077,Q1_dimmest,34,1085,0.46499,0.49274,0.56522,0.43673
ah_f1_s1,ah,ah,im0077,Q2,56,2705,0.53941,0.60914,0.51268,0.7503
ah_f1_s1,ah,ah,im0077,Q3,40,8493,0.7934,0.86386,0.8027,0.9351
ah_f1_s1,ah,ah,im0077,Q4_clearest,5,21658,0.94934,0.97964,0.96526,0.99445
ah_f1_s1,ah,vk,im0077,Q1_dimmest,109,6851,0.22787,0.14416,0.94565,0.07803
ah_f1_s1,ah,vk,im0077,Q2,158,10394,0.51063,0.45944,0.94503,0.30349
ah_f1_s1,ah,vk,im0077,Q3,60,14028,0.83023,0.84157,0.96667,0.74515
ah_f1_s1,ah,vk,im0077,Q4_clearest,9,23739,0.9775,0.98866,0.99246,0.98488
ah_f1_s1,ah,ah,im0081,Q1_dimmest,11,866,0.38667,0.37355,0.47423,0.30814
ah_f1_s1,ah,ah,im0081,Q2,45,3366,0.57573,0.63176,0.61239,0.6524
ah_f1_s1,ah,ah,im0081,Q3,35,11072,0.81319,0.88349,0.85994,0.90837
ah_f1_s1,ah,ah,im0081,Q4_clearest,3,16311,0.95899,0.98681,0.98026,0.99344
ah_f1_s1,ah,vk,im0081,Q1_dimmest,114,10060,0.13076,0.05338,0.92784,0.02748
ah_f1_s1,ah,vk,im0081,Q2,145,13481,0.48816,0.33816,0.91009,0.20766
ah_f1_s1,ah,vk,im0081,Q3,33,17220,0.85419,0.84136,0.97061,0.74248
ah_f1_s1,ah,vk,im0081,Q4_clearest,4,17429,0.98329,0.99166,0.9961,0.98726
ah_f1_s1,ah,ah,im0082,Q1_dimmest,46,1423,0.50324,0.4695,0.60166,0.38494
ah_f1_s1,ah,ah,im0082,Q2,66,3429,0.62362,0.67572,0.68867,0.66326
ah_f1_s1,ah,ah,im0082,Q3,45,9083,0.82483,0.87344,0.85559,0.89205
ah_f1_s1,ah,ah,im0082,Q4_clearest,5,19375,0.96405,0.98853,0.9823,0.99485
ah_f1_s1,ah,vk,im0082,Q1_dimmest,184,8525,0.18767,0.10408,0.82573,0.05554
ah_f1_s1,ah,vk,im0082,Q2,149,9731,0.48963,0.39986,0.88559,0.25823
ah_f1_s1,ah,vk,im0082,Q3,59,13110,0.82882,0.83142,0.95281,0.73746
ah_f1_s1,ah,vk,im0082,Q4_clearest,11,20528,0.97993,0.99168,0.9965,0.9869
ah_f1_s1,ah,ah,im0139,Q1_dimmest,61,2659,0.41216,0.47987,0.53274,0.43655
ah_f1_s1,ah,ah,im0139,Q2,46,6553,0.62025,0.71442,0.6496,0.79362
ah_f1_s1,ah,ah,im0139,Q3,16,12760,0.8667,0.93484,0.90615,0.9654
ah_f1_s1,ah,ah,im0139,Q4_clearest,1,12085,0.97497,0.98509,0.97327,0.99719
ah_f1_s1,ah,vk,im0139,Q1_dimmest,191,17052,0.27622,0.20017,0.77679,0.11489
ah_f1_s1,ah,vk,im0139,Q2,77,17658,0.64822,0.63905,0.89653,0.49647
ah_f1_s1,ah,vk,im0139,Q3,19,17385,0.89506,0.89431,0.96303,0.83474
ah_f1_s1,ah,vk,im0139,Q4_clearest,0,12620,0.98814,0.98983,0.98951,0.99015
vk_f1_s1,vk,ah,im0001,Q1_dimmest,63,6093,0.49865,0.4385,0.31388,0.72727
vk_f1_s1,vk,ah,im0001,Q2,27,10500,0.68553,0.7527,0.63378,0.92654
vk_f1_s1,vk,ah,im0001,Q3,4,11550,0.81386,0.91088,0.84263,0.99116
vk_f1_s1,vk,ah,im0001,Q4_clearest,0,5656,0.84623,0.8964,0.81507,0.99577
vk_f1_s1,vk,vk,im0001,Q1_dimmest,178,9234,0.52943,0.45454,0.41962,0.49581
vk_f1_s1,vk,vk,im0001,Q2,72,12108,0.71753,0.72186,0.6284,0.84796
vk_f1_s1,vk,vk,im0001,Q3,7,12167,0.83134,0.8898,0.82044,0.97197
vk_f1_s1,vk,vk,im0001,Q4_clearest,0,5662,0.8439,0.89178,0.8145,0.98526
vk_f1_s1,vk,ah,im0002,Q1_dimmest,94,8592,0.64293,0.65482,0.65502,0.65462
vk_f1_s1,vk,ah,im0002,Q2,16,8647,0.82369,0.91676,0.88161,0.95484
vk_f1_s1,vk,ah,im0002,Q3,5,7079,0.86311,0.93508,0.9013,0.9715
vk_f1_s1,vk,ah,im0002,Q4_clearest,0,3887,0.86744,0.94559,0.90034,0.99563
vk_f1_s1,vk,vk,im0002,Q1_dimmest,157,6605,0.46945,0.43547,0.39862,0.47983
vk_f1_s1,vk,vk,im0002,Q2,17,6775,0.69937,0.78551,0.69124,0.90955
vk_f1_s1,vk,vk,im0002,Q3,10,6462,0.81407,0.89861,0.85763,0.94371
vk_f1_s1,vk,vk,im0002,Q4_clearest,0,3673,0.83895,0.92443,0.86402,0.99393
vk_f1_s1,vk,ah,im0003,Q1_dimmest,23,2241,0.4237,0.35798,0.23274,0.775
vk_f1_s1,vk,ah,im0003,Q2,26,4762,0.6013,0.65025,0.51127,0.89297
vk_f1_s1,vk,ah,im0003,Q3,10,8026,0.68104,0.79122,0.6732,0.95942
vk_f1_s1,vk,ah,im0003,Q4_clearest,2,10316,0.8138,0.90528,0.83093,0.99424
vk_f1_s1,vk,vk,im0003,Q1_dimmest,153,4263,0.33217,0.27356,0.26904,0.27823
vk_f1_s1,vk,vk,im0003,Q2,50,4397,0.45743,0.47554,0.38962,0.61008
vk_f1_s1,vk,vk,im0003,Q3,21,6538,0.56215,0.65053,0.53481,0.83015
vk_f1_s1,vk,vk,im0003,Q4_clearest,3,9209,0.75824,0.85991,0.76224,0.9863
vk_f1_s1,vk,ah,im0004,Q1_dimmest,89,15973,0.6545,0.69088,0.60884,0.79847
vk_f1_s1,vk,ah,im0004,Q2,19,11358,0.89684,0.92669,0.88554,0.97187
vk_f1_s1,vk,ah,im0004,Q3,0,3885,0.96967,0.9896,0.97942,1.0
vk_f1_s1,vk,ah,im0004,Q4_clearest,1,179,0.88557,0.97832,0.96809,0.98876
vk_f1_s1,vk,vk,im0004,Q1_dimmest,262,17400,0.57457,0.52962,0.56069,0.50181
vk_f1_s1,vk,vk,im0004,Q2,15,9469,0.82106,0.82501,0.72911,0.94994
vk_f1_s1,vk,vk,im0004,Q3,0,3547,0.92454,0.95708,0.9177,1.0
vk_f1_s1,vk,vk,im0004,Q4_clearest,0,186,0.89976,0.97253,0.96809,0.97701
vk_f1_s1,vk,ah,im0005,Q1_dimmest,22,4443,0.35695,0.18911,0.10605,0.8724
vk_f1_s1,vk,ah,im0005,Q2,7,7694,0.6649,0.63944,0.47485,0.97865
vk_f1_s1,vk,ah,im0005,Q3,3,10314,0.77495,0.8362,0.71987,0.99737
vk_f1_s1,vk,ah,im0005,Q4_clearest,0,15806,0.89931,0.94235,0.89099,1.0
vk_f1_s1,vk,vk,im0005,Q1_dimmest,268,8337,0.42937,0.35894,0.33877,0.38166
vk_f1_s1,vk,vk,im0005,Q2,72,9096,0.68838,0.7184,0.65557,0.79454
vk_f1_s1,vk,vk,im0005,Q3,7,10963,0.78956,0.85139,0.77803,0.94001
vk_f1_s1,vk,vk,im0005,Q4_clearest,1,16089,0.90574,0.94889,0.90483,0.99745
vk_f1_s1,vk,ah,im0044,Q1_dimmest,27,1738,0.38008,0.3214,0.20772,0.70994
vk_f1_s1,vk,ah,im0044,Q2,22,4708,0.57419,0.63293,0.47824,0.93554
vk_f1_s1,vk,ah,im0044,Q3,7,10299,0.77673,0.88941,0.80754,0.98977
vk_f1_s1,vk,ah,im0044,Q4_clearest,1,12751,0.90768,0.95546,0.91597,0.9985
vk_f1_s1,vk,vk,im0044,Q1_dimmest,212,10158,0.41651,0.27859,0.55391,0.18609
vk_f1_s1,vk,vk,im0044,Q2,61,10907,0.72289,0.66994,0.82155,0.56557
vk_f1_s1,vk,vk,im0044,Q3,17,13631,0.86781,0.93403,0.94433,0.92396
vk_f1_s1,vk,vk,im0044,Q4_clearest,3,13685,0.93698,0.97399,0.95899,0.98948
vk_f1_s1,vk,ah,im0077,Q1_dimmest,17,1085,0.32113,0.28383,0.17454,0.75918
vk_f1_s1,vk,ah,im0077,Q2,8,2705,0.38789,0.40359,0.25492,0.96833
vk_f1_s1,vk,ah,im0077,Q3,2,8493,0.67183,0.79902,0.66572,0.99905
vk_f1_s1,vk,ah,im0077,Q4_clearest,0,21658,0.91353,0.97225,0.94599,1.0
vk_f1_s1,vk,vk,im0077,Q1_dimmest,174,6851,0.52887,0.38924,0.65617,0.27668
vk_f1_s1,vk,vk,im0077,Q2,107,10394,0.75503,0.70374,0.77574,0.64397
vk_f1_s1,vk,vk,im0077,Q3,7,14028,0.87731,0.91802,0.91138,0.92476
vk_f1_s1,vk,vk,im0077,Q4_clearest,0,23739,0.95824,0.992,0.98482,0.99929
vk_f1_s1,vk,ah,im0081,Q1_dimmest,15,866,0.3219,0.27202,0.16196,0.84884
vk_f1_s1,vk,ah,im0081,Q2,19,3366,0.43225,0.5004,0.34031,0.94495
vk_f1_s1,vk,ah,im0081,Q3,3,11072,0.72893,0.84582,0.73833,0.98994
vk_f1_s1,vk,ah,im0081,Q4_clearest,0,16311,0.93865,0.98562,0.97187,0.99976
vk_f1_s1,vk,vk,im0081,Q1_dimmest,242,10060,0.41442,0.27003,0.76374,0.16401
vk_f1_s1,vk,vk,im0081,Q2,146,13481,0.74242,0.64883,0.82938,0.53284
vk_f1_s1,vk,vk,im0081,Q3,14,17220,0.89982,0.93364,0.95444,0.91372
vk_f1_s1,vk,vk,im0081,Q4_clearest,0,17429,0.97101,0.99752,0.99693,0.99811
vk_f1_s1,vk,ah,im0082,Q1_dimmest,45,1423,0.4433,0.40607,0.28348,0.71548
vk_f1_s1,vk,ah,im0082,Q2,31,3429,0.50181,0.55521,0.39759,0.91986
vk_f1_s1,vk,ah,im0082,Q3,6,9083,0.72564,0.84197,0.73112,0.99245
vk_f1_s1,vk,ah,im0082,Q4_clearest,1,19375,0.92904,0.98482,0.97029,0.99979
vk_f1_s1,vk,vk,im0082,Q1_dimmest,273,8525,0.41801,0.29987,0.68862,0.19167
vk_f1_s1,vk,vk,im0082,Q2,140,9731,0.72723,0.67334,0.80675,0.5778
vk_f1_s1,vk,vk,im0082,Q3,15,13110,0.87177,0.9232,0.91762,0.92885
vk_f1_s1,vk,vk,im0082,Q4_clearest,0,20528,0.95729,0.99598,0.99277,0.99921
vk_f1_s1,vk,ah,im0139,Q1_dimmest,42,2659,0.31962,0.43207,0.29708,0.79188
vk_f1_s1,vk,ah,im0139,Q2,14,6553,0.50744,0.65474,0.49603,0.96277
vk_f1_s1,vk,ah,im0139,Q3,6,12760,0.8169,0.90816,0.84001,0.98835
vk_f1_s1,vk,ah,im0139,Q4_clearest,0,12085,0.96387,0.97818,0.9573,1.0
vk_f1_s1,vk,vk,im0139,Q1_dimmest,254,17052,0.52366,0.41194,0.60306,0.31281
vk_f1_s1,vk,vk,im0139,Q2,70,17658,0.79251,0.76928,0.81824,0.72584
vk_f1_s1,vk,vk,im0139,Q3,12,17385,0.92168,0.92181,0.94257,0.90195
vk_f1_s1,vk,vk,im0139,Q4_clearest,0,12620,0.98333,0.98653,0.97718,0.99606
soft_f1_s1,soft,ah,im0001,Q1_dimmest,58,6093,0.5692,0.49902,0.38358,0.71388
soft_f1_s1,soft,ah,im0001,Q2,30,10500,0.72756,0.7776,0.66646,0.93322
soft_f1_s1,soft,ah,im0001,Q3,2,11550,0.83513,0.91279,0.84488,0.99258
soft_f1_s1,soft,ah,im0001,Q4_clearest,0,5656,0.85225,0.89781,0.81551,0.99859
soft_f1_s1,soft,vk,im0001,Q1_dimmest,179,9234,0.53146,0.46758,0.48798,0.44883
soft_f1_s1,soft,vk,im0001,Q2,79,12108,0.73063,0.72752,0.64752,0.83008
soft_f1_s1,soft,vk,im0001,Q3,8,12167,0.84958,0.88304,0.80758,0.97405
soft_f1_s1,soft,vk,im0001,Q4_clearest,1,5662,0.84961,0.89212,0.81316,0.98807
soft_f1_s1,soft,ah,im0002,Q1_dimmest,68,8592,0.60795,0.62429,0.59704,0.65414
soft_f1_s1,soft,ah,im0002,Q2,22,8647,0.81089,0.88063,0.83681,0.92929
soft_f1_s1,soft,ah,im0002,Q3,6,7079,0.86492,0.92431,0.87912,0.9744
soft_f1_s1,soft,ah,im0002,Q4_clearest,0,3887,0.84199,0.89853,0.81692,0.99825
soft_f1_s1,soft,vk,im0002,Q1_dimmest,129,6605,0.43729,0.41876,0.37387,0.47591
soft_f1_s1,soft,vk,im0002,Q2,20,6775,0.69609,0.76152,0.66027,0.89945
soft_f1_s1,soft,vk,im0002,Q3,8,6462,0.81757,0.88886,0.83077,0.95569
soft_f1_s1,soft,vk,im0002,Q4_clearest,0,3673,0.81514,0.86743,0.76692,0.99827
soft_f1_s1,soft,ah,im0003,Q1_dimmest,32,2241,0.43173,0.35881,0.23581,0.75
soft_f1_s1,soft,ah,im0003,Q2,23,4762,0.61071,0.65914,0.51825,0.90523
soft_f1_s1,soft,ah,im0003,Q3,6,8026,0.69723,0.7911,0.66351,0.97943
soft_f1_s1,soft,ah,im0003,Q4_clearest,3,10316,0.80811,0.88811,0.80193,0.99506
soft_f1_s1,soft,vk,im0003,Q1_dimmest,154,4263,0.32075,0.2572,0.25424,0.26023
soft_f1_s1,soft,vk,im0003,Q2,58,4397,0.46237,0.48115,0.39781,0.60865
soft_f1_s1,soft,vk,im0003,Q3,20,6538,0.57623,0.6513,0.52801,0.84971
soft_f1_s1,soft,vk,im0003,Q4_clearest,0,9209,0.75433,0.85117,0.74312,0.99597
soft_f1_s1,soft,ah,im0004,Q1_dimmest,86,15973,0.64474,0.70175,0.63158,0.78947
soft_f1_s1,soft,ah,im0004,Q2,9,11358,0.90279,0.93187,0.8975,0.96897
soft_f1_s1,soft,ah,im0004,Q3,0,3885,0.97697,0.99494,0.98993,1.0
soft_f1_s1,soft,ah,im0004,Q4_clearest,0,179,0.90585,0.98311,0.97753,0.98876
soft_f1_s1,soft,vk,im0004,Q1_dimmest,245,17400,0.60633,0.56147,0.62084,0.51247
soft_f1_s1,soft,vk,im0004,Q2,15,9469,0.82923,0.84114,0.75773,0.94517
soft_f1_s1,soft,vk,im0004,Q3,0,3547,0.93098,0.95849,0.92198,0.99801
soft_f1_s1,soft,vk,im0004,Q4_clearest,0,186,0.92,0.97727,0.97753,0.97701
soft_f1_s1,soft,ah,im0005,Q1_dimmest,27,4443,0.33049,0.20759,0.11849,0.8368
soft_f1_s1,soft,ah,im0005,Q2,17,7694,0.66622,0.65338,0.4933,0.96726
soft_f1_s1,soft,ah,im0005,Q3,3,10314,0.79833,0.84922,0.74133,0.99387
soft_f1_s1,soft,ah,im0005,Q4_clearest,0,15806,0.90192,0.93677,0.88105,1.0
soft_f1_s1,soft,vk,im0005,Q1_dimmest,281,8337,0.39233,0.33068,0.34551,0.31707
soft_f1_s1,soft,vk,im0005,Q2,89,9096,0.68689,0.70908,0.66828,0.75518
soft_f1_s1,soft,vk,im0005,Q3,19,10963,0.81606,0.85916,0.79496,0.93463
soft_f1_s1,soft,vk,im0005,Q4_clearest,0,16089,0.91022,0.94256,0.89385,0.99688
soft_f1_s1,soft,ah,im0044,Q1_dimmest,22,1738,0.3405,0.29232,0.18405,0.70994
soft_f1_s1,soft,ah,im0044,Q2,22,4708,0.60413,0.66478,0.51452,0.93902
soft_f1_s1,soft,ah,im0044,Q3,4,10299,0.7978,0.89742,0.81667,0.99591
soft_f1_s1,soft,ah,im0044,Q4_clearest,0,12751,0.9132,0.95692,0.91741,1.0
soft_f1_s1,soft,vk,im0044,Q1_dimmest,191,10158,0.32773,0.21276,0.43865,0.14044
soft_f1_s1,soft,vk,im0044,Q2,63,10907,0.71078,0.64897,0.83449,0.53093
soft_f1_s1,soft,vk,im0044,Q3,7,13631,0.88879,0.93665,0.94558,0.92789
soft_f1_s1,soft,vk,im0044,Q4_clearest,1,13685,0.94576,0.97928,0.96413,0.99491
soft_f1_s1,soft,ah,im0077,Q1_dimmest,21,1085,0.3812,0.37552,0.24612,0.79184
soft_f1_s1,soft,ah,im0077,Q2,17,2705,0.44592,0.48687,0.32672,0.95493
soft_f1_s1,soft,ah,im0077,Q3,3,8493,0.71812,0.81627,0.69161,0.99574
soft_f1_s1,soft,ah,im0077,Q4_clearest,0,21658,0.92954,0.97726,0.9557,0.99982
soft_f1_s1,soft,vk,im0077,Q1_dimmest,148,6851,0.42087,0.3098,0.69767,0.1991
soft_f1_s1,soft,vk,im0077,Q2,143,10394,0.71837,0.66837,0.84364,0.5534
soft_f1_s1,soft,vk,im0077,Q3,19,14028,0.89005,0.9138,0.93348,0.89494
soft_f1_s1,soft,vk,im0077,Q4_clearest,0,23739,0.9728,0.99377,0.98884,0.99876
soft_f1_s1,soft,ah,im0081,Q1_dimmest,12,866,0.40969,0.37911,0.24876,0.79651
soft_f1_s1,soft,ah,im0081,Q2,23,3366,0.49369,0.57714,0.42163,0.91437
soft_f1_s1,soft,ah,im0081,Q3,8,11072,0.76139,0.86421,0.77164,0.98203
soft_f1_s1,soft,ah,im0081,Q4_clearest,0,16311,0.94879,0.98609,0.97302,0.99951
soft_f1_s1,soft,vk,im0081,Q1_dimmest,186,10060,0.32019,0.18069,0.79353,0.10195
soft_f1_s1,soft,vk,im0081,Q2,141,13481,0.69766,0.56897,0.87892,0.42063
soft_f1_s1,soft,vk,im0081,Q3,10,17220,0.90413,0.91736,0.96508,0.87414
soft_f1_s1,soft,vk,im0081,Q4_clearest,0,17429,0.97977,0.9961,0.99574,0.99646
soft_f1_s1,soft,ah,im0082,Q1_dimmest,35,1423,0.51902,0.46929,0.35714,0.6841
soft_f1_s1,soft,ah,im0082,Q2,31,3429,0.5587,0.60666,0.45813,0.8977
soft_f1_s1,soft,ah,im0082,Q3,4,9083,0.76727,0.87134,0.77822,0.98978
soft_f1_s1,soft,ah,im0082,Q4_clearest,1,19375,0.94479,0.98892,0.97828,0.99979
soft_f1_s1,soft,vk,im0082,Q1_dimmest,232,8525,0.371,0.25341,0.74924,0.15249
soft_f1_s1,soft,vk,im0082,Q2,131,9731,0.68917,0.61774,0.83433,0.49042
soft_f1_s1,soft,vk,im0082,Q3,15,13110,0.88631,0.91689,0.92871,0.90537
soft_f1_s1,soft,vk,im0082,Q4_clearest,0,20528,0.97218,0.99687,0.99533,0.99841
soft_f1_s1,soft,ah,im0139,Q1_dimmest,33,2659,0.35113,0.46974,0.33162,0.80508
soft_f1_s1,soft,ah,im0139,Q2,15,6553,0.54858,0.6851,0.53404,0.95532
soft_f1_s1,soft,ah,im0139,Q3,4,12760,0.821,0.90631,0.83359,0.99294
soft_f1_s1,soft,ah,im0139,Q4_clearest,1,12085,0.96529,0.97764,0.95851,0.99755
soft_f1_s1,soft,vk,im0139,Q1_dimmest,229,17052,0.45416,0.36496,0.58591,0.26502
soft_f1_s1,soft,vk,im0139,Q2,64,17658,0.76604,0.74577,0.82849,0.67807
soft_f1_s1,soft,vk,im0139,Q3,18,17385,0.91479,0.91361,0.92284,0.90457
soft_f1_s1,soft,vk,im0139,Q4_clearest,0,12620,0.9836,0.98706,0.98108,0.9931
