run,trained_on,image,band,n_structures,median_length,contested_frac,crossed_frac,auroc,hesitation_contested,hesitation_agreed,prob_contested,prob_agreed
ah_f0_s0,ah,im0162,Q1_dimmest,13,9.0,0.30769,0.15385,0.66667,0.43763,0.35063,0.66631,0.78871
ah_f0_s0,ah,im0162,Q2,69,8.0,0.27536,0.14493,0.69053,0.55963,0.37242,0.58814,0.73432
ah_f0_s0,ah,im0162,Q3,114,18.5,0.11404,0.35965,0.82711,0.56907,0.19686,0.67198,0.88734
ah_f0_s0,ah,im0162,Q4_clearest,156,21.0,0.01923,0.45513,0.52941,0.33268,0.06458,0.83366,0.96583
ah_f0_s0,ah,im0163,Q1_dimmest,6,8.5,0.5,0.0,1.0,0.71837,0.30763,0.51117,0.84618
ah_f0_s0,ah,im0163,Q2,45,14.0,0.51111,0.17778,0.56719,0.34677,0.30876,0.75104,0.77322
ah_f0_s0,ah,im0163,Q3,50,36.0,0.1,0.46,0.80444,0.39136,0.16748,0.80432,0.89473
ah_f0_s0,ah,im0163,Q4_clearest,117,18.0,0.00855,0.4359,0.51724,0.00566,0.06101,0.99717,0.96528
ah_f0_s0,ah,im0235,Q1_dimmest,24,6.0,0.41667,0.125,0.71429,0.56547,0.38296,0.61167,0.77197
ah_f0_s0,ah,im0235,Q2,37,14.0,0.18919,0.24324,0.62857,0.33633,0.249,0.74858,0.81963
ah_f0_s0,ah,im0235,Q3,71,34.0,0.11268,0.56338,0.83333,0.42456,0.11742,0.68543,0.9392
ah_f0_s0,ah,im0235,Q4_clearest,116,17.0,0.0,0.39655,nan,nan,0.06786,nan,0.96367
ah_f0_s0,ah,im0236,Q1_dimmest,18,8.0,0.38889,0.05556,0.58442,0.39383,0.32189,0.74461,0.81423
ah_f0_s0,ah,im0236,Q2,47,10.0,0.23404,0.19149,0.64141,0.45759,0.35311,0.72663,0.79901
ah_f0_s0,ah,im0236,Q3,72,26.0,0.06944,0.47222,0.95224,0.62673,0.1083,0.65828,0.92931
ah_f0_s0,ah,im0236,Q4_clearest,117,16.0,0.0,0.37607,nan,nan,0.04668,nan,0.96656
ah_f0_s0,ah,im0239,Q1_dimmest,8,3.5,0.375,0.125,0.86667,0.67092,0.29271,0.33546,0.77267
ah_f0_s0,ah,im0239,Q2,38,5.0,0.13158,0.07895,0.61818,0.5154,0.42146,0.49798,0.75436
ah_f0_s0,ah,im0239,Q3,99,14.0,0.08081,0.32323,0.76648,0.47947,0.26582,0.60633,0.82209
ah_f0_s0,ah,im0239,Q4_clearest,100,20.0,0.0,0.48,nan,nan,0.09482,nan,0.94726
ah_f0_s0,ah,im0240,Q1_dimmest,40,7.5,0.2,0.05,0.61719,0.48833,0.37324,0.66395,0.77225
ah_f0_s0,ah,im0240,Q2,79,10.0,0.11392,0.17722,0.51587,0.29747,0.34743,0.82937,0.75789
ah_f0_s0,ah,im0240,Q3,65,39.0,0.03077,0.55385,0.99206,0.62185,0.06879,0.68907,0.96561
ah_f0_s0,ah,im0240,Q4_clearest,23,39.0,0.0,0.56522,nan,nan,0.01331,nan,0.99335
ah_f0_s0,ah,im0255,Q1_dimmest,16,3.5,0.5,0.0,0.625,0.49871,0.41863,0.68479,0.73339
ah_f0_s0,ah,im0255,Q2,99,7.0,0.25253,0.11111,0.72216,0.53971,0.33612,0.57787,0.79345
ah_f0_s0,ah,im0255,Q3,109,21.0,0.05505,0.38532,0.8479,0.45347,0.19053,0.70458,0.88367
ah_f0_s0,ah,im0255,Q4_clearest,150,22.0,0.00667,0.37333,0.95302,0.17723,0.04403,0.91139,0.97546
ah_f0_s0,ah,im0291,Q1_dimmest,16,5.5,0.1875,0.125,0.41026,0.31555,0.42999,0.64597,0.69854
ah_f0_s0,ah,im0291,Q2,33,27.0,0.0303,0.45455,0.6875,0.19514,0.19784,0.90243,0.88796
ah_f0_s0,ah,im0291,Q3,19,15.0,0.0,0.36842,nan,nan,0.15764,nan,0.91542
ah_f0_s0,ah,im0291,Q4_clearest,15,19.0,0.0,0.86667,nan,nan,0.08324,nan,0.95838
ah_f0_s0,ah,im0319,Q1_dimmest,29,7.0,0.62069,0.0,0.4899,0.41504,0.42423,0.69519,0.65984
ah_f0_s0,ah,im0319,Q2,50,20.5,0.16,0.32,0.65476,0.3409,0.20324,0.65595,0.86224
ah_f0_s0,ah,im0319,Q3,26,26.0,0.11538,0.34615,0.97101,0.70787,0.17182,0.35393,0.85815
ah_f0_s0,ah,im0324,Q1_dimmest,23,5.0,0.47826,0.0,0.5303,0.35471,0.31995,0.76824,0.80288
ah_f0_s0,ah,im0324,Q2,53,6.0,0.30189,0.09434,0.7027,0.54459,0.33765,0.6013,0.75547
ah_f0_s0,ah,im0324,Q3,49,19.0,0.12245,0.40816,0.75581,0.38544,0.17571,0.80728,0.88521
ah_f0_s0,ah,im0324,Q4_clearest,11,66.0,0.0,0.54545,nan,nan,0.12536,nan,0.93732
vk_f0_s0,vk,im0162,Q1_dimmest,49,9.0,0.89796,0.16327,0.87727,0.50921,0.17406,0.66556,0.91297
vk_f0_s0,vk,im0162,Q2,130,19.0,0.61538,0.37692,0.8745,0.39839,0.12664,0.74859,0.93668
vk_f0_s0,vk,im0162,Q3,130,24.0,0.18462,0.5,0.82469,0.28523,0.07742,0.80582,0.95757
vk_f0_s0,vk,im0162,Q4_clearest,204,15.0,0.01471,0.35784,0.75954,0.10797,0.03484,0.94601,0.98258
vk_f0_s0,vk,im0163,Q1_dimmest,29,7.0,0.7931,0.2069,0.82609,0.44015,0.11711,0.7014,0.85114
vk_f0_s0,vk,im0163,Q2,67,22.0,0.71642,0.41791,0.79605,0.27169,0.09485,0.82078,0.95258
vk_f0_s0,vk,im0163,Q3,56,29.5,0.19643,0.5,0.73131,0.24209,0.06623,0.87895,0.96688
vk_f0_s0,vk,im0163,Q4_clearest,157,20.0,0.02548,0.43312,0.98039,0.41475,0.04785,0.76366,0.97608
vk_f0_s0,vk,im0235,Q1_dimmest,77,8.0,0.77922,0.18182,0.70588,0.49635,0.29988,0.65562,0.76588
vk_f0_s0,vk,im0235,Q2,79,17.0,0.48101,0.31646,0.85494,0.43892,0.15448,0.70121,0.92276
vk_f0_s0,vk,im0235,Q3,80,31.5,0.1625,0.5,0.89323,0.43834,0.06397,0.74985,0.96801
vk_f0_s0,vk,im0235,Q4_clearest,159,15.0,0.0,0.32075,nan,nan,0.03873,nan,0.98063
vk_f0_s0,vk,im0236,Q1_dimmest,67,9.0,0.62687,0.1791,0.67905,0.46305,0.30011,0.71666,0.82538
vk_f0_s0,vk,im0236,Q2,85,16.0,0.50588,0.30588,0.83942,0.43219,0.17097,0.76781,0.91249
vk_f0_s0,vk,im0236,Q3,81,19.0,0.12346,0.45679,0.97042,0.43468,0.05613,0.77767,0.97193
vk_f0_s0,vk,im0236,Q4_clearest,156,17.0,0.00641,0.32051,0.9871,0.39058,0.03392,0.80471,0.98304
vk_f0_s0,vk,im0239,Q1_dimmest,40,6.0,0.575,0.225,0.63427,0.56945,0.41498,0.57662,0.74679
vk_f0_s0,vk,im0239,Q2,97,13.0,0.4433,0.36082,0.76443,0.44518,0.22869,0.69013,0.86547
vk_f0_s0,vk,im0239,Q3,110,21.0,0.15455,0.38182,0.82859,0.38018,0.10312,0.77485,0.94844
vk_f0_s0,vk,im0239,Q4_clearest,133,18.0,0.02256,0.38346,0.77949,0.13527,0.04811,0.93236,0.97594
vk_f0_s0,vk,im0240,Q1_dimmest,100,9.5,0.56,0.18,0.59821,0.48776,0.39275,0.67351,0.75946
vk_f0_s0,vk,im0240,Q2,120,19.0,0.45,0.36667,0.86195,0.47826,0.14518,0.6727,0.91338
vk_f0_s0,vk,im0240,Q3,84,21.5,0.03571,0.45238,0.89712,0.29086,0.03601,0.85457,0.98199
vk_f0_s0,vk,im0240,Q4_clearest,54,18.0,0.0,0.2963,nan,nan,0.03841,nan,0.9808
vk_f0_s0,vk,im0255,Q1_dimmest,70,10.0,0.68571,0.18571,0.81629,0.49656,0.22884,0.657,0.86175
vk_f0_s0,vk,im0255,Q2,149,19.0,0.51007,0.32215,0.75523,0.361,0.16148,0.76351,0.91926
vk_f0_s0,vk,im0255,Q3,128,23.0,0.07812,0.45312,0.8178,0.30195,0.0815,0.84532,0.9579
vk_f0_s0,vk,im0255,Q4_clearest,191,15.0,0.01047,0.32984,0.92857,0.38312,0.03015,0.80844,0.98493
vk_f0_s0,vk,im0291,Q1_dimmest,42,14.0,0.54762,0.2619,0.70709,0.45128,0.3096,0.6369,0.82019
vk_f0_s0,vk,im0291,Q2,40,27.5,0.25,0.575,0.86667,0.43497,0.14095,0.71478,0.8911
vk_f0_s0,vk,im0291,Q3,29,20.0,0.03448,0.44828,0.89286,0.23911,0.12487,0.88044,0.93464
vk_f0_s0,vk,im0291,Q4_clearest,17,17.0,0.11765,0.41176,0.96667,0.23131,0.04007,0.88434,0.97997
vk_f0_s0,vk,im0319,Q1_dimmest,38,12.0,0.65789,0.10526,0.63077,0.4729,0.39878,0.63682,0.78722
vk_f0_s0,vk,im0319,Q2,59,21.0,0.28814,0.45763,0.78711,0.40198,0.18814,0.64632,0.90033
vk_f0_s0,vk,im0319,Q3,20,40.5,0.15,0.6,0.92157,0.26363,0.07087,0.86818,0.96456
vk_f0_s0,vk,im0319,Q4_clearest,13,32.0,0.0,0.61538,nan,nan,0.05229,nan,0.97386
vk_f0_s0,vk,im0324,Q1_dimmest,73,6.0,0.58904,0.06849,0.54109,0.5412,0.51041,0.59903,0.58845
vk_f0_s0,vk,im0324,Q2,107,11.0,0.42056,0.23364,0.62294,0.46599,0.34573,0.67952,0.77201
vk_f0_s0,vk,im0324,Q3,68,16.0,0.19118,0.39706,0.73566,0.2528,0.1711,0.8736,0.89238
vk_f0_s0,vk,im0324,Q4_clearest,23,16.0,0.0,0.47826,nan,nan,0.07283,nan,0.96358
soft_f0_s0,soft,im0162,Q1_dimmest,39,4.0,0.74359,0.05128,0.55517,0.63071,0.55754,0.47332,0.71755
soft_f0_s0,soft,im0162,Q2,117,13.0,0.57265,0.29915,0.80239,0.59607,0.32376,0.56977,0.80461
soft_f0_s0,soft,im0162,Q3,136,24.0,0.19853,0.47059,0.88209,0.50836,0.18569,0.64606,0.89924
soft_f0_s0,soft,im0162,Q4_clearest,181,17.0,0.0221,0.38122,0.7839,0.31415,0.05404,0.84292,0.97298
soft_f0_s0,soft,im0163,Q1_dimmest,20,8.0,0.8,0.0,1.0,0.69124,0.05425,0.48608,0.97287
soft_f0_s0,soft,im0163,Q2,64,21.5,0.65625,0.29688,0.84199,0.52993,0.22982,0.68104,0.86072
soft_f0_s0,soft,im0163,Q3,57,30.0,0.17544,0.47368,0.84894,0.44017,0.1042,0.70748,0.9479
soft_f0_s0,soft,im0163,Q4_clearest,132,23.0,0.00758,0.42424,0.98473,0.49414,0.05172,0.24707,0.97414
soft_f0_s0,soft,im0235,Q1_dimmest,57,7.0,0.64912,0.15789,0.74189,0.59536,0.36942,0.55394,0.79339
soft_f0_s0,soft,im0235,Q2,72,18.5,0.47222,0.30556,0.85991,0.57209,0.26237,0.54181,0.85736
soft_f0_s0,soft,im0235,Q3,65,36.0,0.13846,0.52308,0.91468,0.40458,0.09987,0.6603,0.95006
soft_f0_s0,soft,im0235,Q4_clearest,131,18.0,0.00763,0.36641,1.0,0.89555,0.04949,0.55222,0.97196
soft_f0_s0,soft,im0236,Q1_dimmest,49,7.0,0.65306,0.10204,0.77574,0.63513,0.3745,0.54976,0.741
soft_f0_s0,soft,im0236,Q2,79,13.0,0.49367,0.29114,0.76795,0.58015,0.34599,0.55404,0.77591
soft_f0_s0,soft,im0236,Q3,67,28.0,0.10448,0.46269,0.92381,0.45227,0.13271,0.6494,0.9229
soft_f0_s0,soft,im0236,Q4_clearest,135,18.0,0.00741,0.4,0.97761,0.41679,0.06312,0.20839,0.96432
soft_f0_s0,soft,im0239,Q1_dimmest,31,5.0,0.54839,0.12903,0.80252,0.69415,0.37264,0.43781,0.7849
soft_f0_s0,soft,im0239,Q2,85,7.0,0.42353,0.25882,0.75567,0.63601,0.41226,0.48631,0.69448
soft_f0_s0,soft,im0239,Q3,93,31.0,0.13978,0.46237,0.83654,0.46356,0.22284,0.54368,0.87468
soft_f0_s0,soft,im0239,Q4_clearest,105,21.0,0.00952,0.39048,0.5,0.02855,0.09645,0.98573,0.94132
soft_f0_s0,soft,im0240,Q1_dimmest,84,6.0,0.44048,0.11905,0.6636,0.61851,0.46975,0.52976,0.68676
soft_f0_s0,soft,im0240,Q2,101,20.0,0.36634,0.32673,0.80617,0.53191,0.27154,0.62921,0.83058
soft_f0_s0,soft,im0240,Q3,74,33.0,0.04054,0.58108,0.95305,0.52257,0.10332,0.60561,0.94834
soft_f0_s0,soft,im0240,Q4_clearest,39,26.0,0.0,0.4359,nan,nan,0.035,nan,0.9825
soft_f0_s0,soft,im0255,Q1_dimmest,67,7.0,0.73134,0.08955,0.66327,0.6408,0.47182,0.51152,0.72705
soft_f0_s0,soft,im0255,Q2,139,17.0,0.47482,0.29496,0.80946,0.53551,0.29316,0.58549,0.83011
soft_f0_s0,soft,im0255,Q3,123,20.0,0.13821,0.4065,0.84184,0.4792,0.1593,0.64701,0.91287
soft_f0_s0,soft,im0255,Q4_clearest,178,17.0,0.01124,0.35393,0.90057,0.24347,0.05494,0.87826,0.97253
soft_f0_s0,soft,im0291,Q1_dimmest,38,10.0,0.47368,0.21053,0.72222,0.57094,0.41461,0.46817,0.75565
soft_f0_s0,soft,im0291,Q2,36,25.5,0.19444,0.47222,0.90148,0.72574,0.28412,0.59106,0.81953
soft_f0_s0,soft,im0291,Q3,27,20.0,0.07407,0.44444,0.72,0.39698,0.23276,0.80151,0.83833
soft_f0_s0,soft,im0291,Q4_clearest,17,16.0,0.0,0.35294,nan,nan,0.06882,nan,0.96559
soft_f0_s0,soft,im0319,Q1_dimmest,38,9.0,0.68421,0.07895,0.55449,0.55778,0.4977,0.54831,0.65075
soft_f0_s0,soft,im0319,Q2,52,29.0,0.23077,0.34615,0.68958,0.45015,0.29412,0.64798,0.81679
soft_f0_s0,soft,im0319,Q3,23,41.0,0.08696,0.6087,0.95238,0.72361,0.20359,0.42857,0.8982
soft_f0_s0,soft,im0319,Q4_clearest,11,66.0,0.0,0.54545,nan,nan,0.12071,nan,0.88663
soft_f0_s0,soft,im0324,Q1_dimmest,36,4.0,0.63889,0.11111,0.67893,0.62678,0.46582,0.39814,0.67993
soft_f0_s0,soft,im0324,Q2,81,10.0,0.61728,0.23457,0.70774,0.59899,0.43257,0.49917,0.71177
soft_f0_s0,soft,im0324,Q3,51,20.0,0.35294,0.45098,0.81481,0.5416,0.26222,0.58184,0.83859
soft_f0_s0,soft,im0324,Q4_clearest,16,31.5,0.0,0.5625,nan,nan,0.10894,nan,0.94553
ah_f1_s0,ah,im0001,Q1_dimmest,39,7.0,0.33333,0.20513,0.73669,0.50615,0.30733,0.64254,0.81523
ah_f1_s0,ah,im0001,Q2,96,14.0,0.19792,0.3125,0.72727,0.38201,0.2315,0.64794,0.84928
ah_f1_s0,ah,im0001,Q3,84,24.0,0.11905,0.53571,0.89324,0.42153,0.05263,0.73118,0.97369
ah_f1_s0,ah,im0001,Q4_clearest,43,22.0,0.09302,0.37209,0.78205,0.08792,0.01821,0.95604,0.9909
ah_f1_s0,ah,im0002,Q1_dimmest,47,11.0,0.61702,0.25532,0.7931,0.48125,0.1776,0.70572,0.90748
ah_f1_s0,ah,im0002,Q2,42,37.0,0.2619,0.57143,0.74487,0.25407,0.11038,0.84845,0.94131
ah_f1_s0,ah,im0002,Q3,39,23.0,0.05128,0.48718,0.63514,0.0996,0.07903,0.9502,0.96049
ah_f1_s0,ah,im0002,Q4_clearest,37,16.0,0.10811,0.48649,0.76515,0.21684,0.02787,0.82554,0.98606
ah_f1_s0,ah,im0003,Q1_dimmest,19,5.0,0.63158,0.05263,0.47619,0.39326,0.45636,0.78693,0.55428
ah_f1_s0,ah,im0003,Q2,40,9.5,0.525,0.1,0.76692,0.33947,0.13857,0.75425,0.93072
ah_f1_s0,ah,im0003,Q3,62,20.0,0.41935,0.35484,0.83547,0.2315,0.07907,0.88343,0.95298
ah_f1_s0,ah,im0003,Q4_clearest,66,25.5,0.19697,0.5,0.80842,0.07029,0.01869,0.92067,0.99066
ah_f1_s0,ah,im0004,Q1_dimmest,51,15.0,0.4902,0.15686,0.67692,0.43279,0.25778,0.73872,0.76484
ah_f1_s0,ah,im0004,Q2,52,35.0,0.23077,0.48077,0.62083,0.19059,0.06885,0.81555,0.96558
ah_f1_s0,ah,im0004,Q3,18,66.0,0.05556,0.83333,0.94118,0.10132,0.02829,0.94934,0.98585
ah_f1_s0,ah,im0005,Q1_dimmest,21,7.0,0.90476,0.0,0.60526,0.62139,0.58319,0.58129,0.64035
ah_f1_s0,ah,im0005,Q2,77,12.0,0.46753,0.25974,0.69783,0.31518,0.1893,0.76624,0.89926
ah_f1_s0,ah,im0005,Q3,84,23.0,0.30952,0.42857,0.63727,0.22883,0.13152,0.87439,0.92638
ah_f1_s0,ah,im0005,Q4_clearest,130,17.0,0.2,0.41538,0.66864,0.17157,0.03865,0.91421,0.97989
ah_f1_s0,ah,im0044,Q1_dimmest,17,4.0,0.52941,0.0,0.70833,0.54188,0.30805,0.58902,0.75407
ah_f1_s0,ah,im0044,Q2,54,6.0,0.2963,0.11111,0.71382,0.59651,0.37203,0.62734,0.75089
ah_f1_s0,ah,im0044,Q3,85,18.0,0.15294,0.37647,0.88675,0.40522,0.08799,0.74213,0.93684
ah_f1_s0,ah,im0044,Q4_clearest,72,22.5,0.13889,0.51389,0.75968,0.22375,0.03273,0.868,0.98363
ah_f1_s0,ah,im0077,Q1_dimmest,25,4.0,0.52,0.04,0.73718,0.58769,0.32867,0.6331,0.8021
ah_f1_s0,ah,im0077,Q2,57,12.0,0.70175,0.15789,0.84265,0.50471,0.1651,0.62955,0.91497
ah_f1_s0,ah,im0077,Q3,76,22.0,0.25,0.38158,0.84026,0.37137,0.08979,0.76983,0.94561
ah_f1_s0,ah,im0077,Q4_clearest,151,26.0,0.04636,0.43046,0.93056,0.33294,0.03694,0.83353,0.98153
ah_f1_s0,ah,im0081,Q1_dimmest,18,2.0,0.55556,0.05556,0.8125,0.66403,0.29068,0.53743,0.78313
ah_f1_s0,ah,im0081,Q2,50,9.0,0.56,0.14,0.83442,0.53243,0.21105,0.6637,0.88254
ah_f1_s0,ah,im0081,Q3,103,22.0,0.18447,0.43689,0.87218,0.34626,0.09064,0.74146,0.95244
ah_f1_s0,ah,im0081,Q4_clearest,119,25.0,0.04202,0.41176,0.99649,0.39626,0.01729,0.76957,0.99136
ah_f1_s0,ah,im0082,Q1_dimmest,21,6.0,0.71429,0.0,0.81111,0.54978,0.23611,0.70687,0.88195
ah_f1_s0,ah,im0082,Q2,70,6.5,0.47143,0.05714,0.75184,0.53664,0.27325,0.62125,0.84664
ah_f1_s0,ah,im0082,Q3,86,21.0,0.15116,0.36047,0.82508,0.45189,0.16374,0.72913,0.90166
ah_f1_s0,ah,im0082,Q4_clearest,122,28.0,0.01639,0.58197,0.99167,0.58366,0.02743,0.64261,0.98629
ah_f1_s0,ah,im0139,Q1_dimmest,49,4.0,0.42857,0.08163,0.62245,0.5825,0.42128,0.64582,0.74791
ah_f1_s0,ah,im0139,Q2,96,14.0,0.375,0.27083,0.77778,0.3753,0.17486,0.74962,0.89127
ah_f1_s0,ah,im0139,Q3,88,22.0,0.06818,0.36364,0.95935,0.58257,0.06967,0.64068,0.95689
ah_f1_s0,ah,im0139,Q4_clearest,80,23.5,0.0375,0.4625,0.86147,0.08287,0.02829,0.95856,0.98585
vk_f1_s0,vk,im0001,Q1_dimmest,66,9.0,0.48485,0.24242,0.67004,0.47436,0.33195,0.71288,0.81366
vk_f1_s0,vk,im0001,Q2,111,15.0,0.32432,0.33333,0.65148,0.31322,0.16692,0.78739,0.90224
vk_f1_s0,vk,im0001,Q3,127,18.0,0.14173,0.4252,0.76147,0.14391,0.06428,0.88249,0.96429
vk_f1_s0,vk,im0001,Q4_clearest,61,14.0,0.04918,0.2459,0.94828,0.3627,0.01669,0.50061,0.99165
vk_f1_s0,vk,im0002,Q1_dimmest,60,19.5,0.75,0.33333,0.60889,0.30667,0.23423,0.8135,0.85859
vk_f1_s0,vk,im0002,Q2,69,26.0,0.37681,0.44928,0.79875,0.29022,0.08766,0.8311,0.94186
vk_f1_s0,vk,im0002,Q3,55,19.0,0.14545,0.49091,0.92553,0.46453,0.05712,0.62499,0.97144
vk_f1_s0,vk,im0002,Q4_clearest,35,21.0,0.17143,0.45714,0.90805,0.25496,0.0351,0.8329,0.98245
vk_f1_s0,vk,im0003,Q1_dimmest,25,17.0,0.72,0.16,0.60317,0.29601,0.21455,0.82905,0.89272
vk_f1_s0,vk,im0003,Q2,57,14.0,0.61404,0.24561,0.9026,0.31366,0.0241,0.80783,0.98795
vk_f1_s0,vk,im0003,Q3,74,16.5,0.54054,0.35135,0.80882,0.22948,0.05542,0.87902,0.97229
vk_f1_s0,vk,im0003,Q4_clearest,109,14.0,0.08257,0.31193,0.78,0.08065,0.02259,0.89379,0.9887
vk_f1_s0,vk,im0004,Q1_dimmest,77,19.0,0.55844,0.35065,0.76607,0.32487,0.11636,0.80741,0.91047
vk_f1_s0,vk,im0004,Q2,63,31.0,0.30159,0.44444,0.71651,0.15419,0.05752,0.92291,0.96336
vk_f1_s0,vk,im0004,Q3,28,27.5,0.03571,0.5,1.0,0.25852,0.01676,0.87074,0.99162
vk_f1_s0,vk,im0005,Q1_dimmest,56,11.5,0.82143,0.21429,0.72826,0.39569,0.18175,0.76491,0.90913
vk_f1_s0,vk,im0005,Q2,89,17.0,0.49438,0.33708,0.7702,0.25038,0.08004,0.84305,0.95998
vk_f1_s0,vk,im0005,Q3,100,17.5,0.22,0.35,0.77739,0.18606,0.0475,0.88021,0.97625
vk_f1_s0,vk,im0005,Q4_clearest,159,16.0,0.1195,0.38994,0.6797,0.04851,0.02019,0.97575,0.98991
vk_f1_s0,vk,im0044,Q1_dimmest,51,7.0,0.92157,0.11765,0.65957,0.45741,0.34476,0.63919,0.76819
vk_f1_s0,vk,im0044,Q2,95,12.0,0.64211,0.27368,0.90405,0.43983,0.10249,0.68152,0.94875
vk_f1_s0,vk,im0044,Q3,104,18.0,0.24038,0.43269,0.88759,0.36097,0.06756,0.77075,0.96622
vk_f1_s0,vk,im0044,Q4_clearest,102,16.5,0.12745,0.36275,0.8185,0.10288,0.03022,0.94856,0.98489
vk_f1_s0,vk,im0077,Q1_dimmest,50,6.5,0.78,0.08,0.8345,0.4481,0.13912,0.70216,0.91318
vk_f1_s0,vk,im0077,Q2,100,16.0,0.86,0.24,0.90365,0.38186,0.05225,0.76951,0.97387
vk_f1_s0,vk,im0077,Q3,104,20.5,0.42308,0.42308,0.84735,0.22773,0.04344,0.84698,0.97828
vk_f1_s0,vk,im0077,Q4_clearest,186,19.5,0.01613,0.38172,0.78506,0.05693,0.02672,0.97153,0.98664
vk_f1_s0,vk,im0081,Q1_dimmest,46,8.0,0.86957,0.1087,0.74167,0.48923,0.26955,0.6721,0.86523
vk_f1_s0,vk,im0081,Q2,151,11.0,0.80132,0.17219,0.84353,0.4458,0.13494,0.71224,0.91262
vk_f1_s0,vk,im0081,Q3,144,17.0,0.30556,0.34722,0.84568,0.28411,0.05668,0.82629,0.9699
vk_f1_s0,vk,im0081,Q4_clearest,159,18.0,0.01258,0.30189,0.8758,0.10208,0.02026,0.94896,0.98987
vk_f1_s0,vk,im0082,Q1_dimmest,61,9.0,0.72131,0.16393,0.65107,0.47752,0.35269,0.67618,0.74904
vk_f1_s0,vk,im0082,Q2,108,15.0,0.67593,0.2037,0.82779,0.45906,0.15672,0.71435,0.89208
vk_f1_s0,vk,im0082,Q3,102,18.0,0.15686,0.33333,0.93459,0.41185,0.05138,0.71228,0.97431
vk_f1_s0,vk,im0082,Q4_clearest,164,22.5,0.0122,0.41463,0.8858,0.09715,0.02379,0.95143,0.98811
vk_f1_s0,vk,im0139,Q1_dimmest,92,10.0,0.63043,0.11957,0.80477,0.4783,0.18501,0.66404,0.8946
vk_f1_s0,vk,im0139,Q2,149,14.0,0.53691,0.27517,0.83134,0.32334,0.09834,0.80949,0.94872
vk_f1_s0,vk,im0139,Q3,127,12.0,0.25197,0.29134,0.83372,0.44933,0.04091,0.7556,0.97362
vk_f1_s0,vk,im0139,Q4_clearest,115,17.0,0.07826,0.28696,0.73166,0.0269,0.02455,0.98655,0.98773
soft_f1_s0,soft,im0001,Q1_dimmest,57,10.0,0.61404,0.26316,0.6026,0.58137,0.45031,0.61547,0.77419
soft_f1_s0,soft,im0001,Q2,114,18.0,0.28947,0.33333,0.69061,0.46311,0.26932,0.70043,0.83935
soft_f1_s0,soft,im0001,Q3,93,26.0,0.11828,0.48387,0.81707,0.30309,0.07704,0.84845,0.96148
soft_f1_s0,soft,im0001,Q4_clearest,52,18.0,0.07692,0.28846,0.71875,0.0229,0.02781,0.98855,0.98609
soft_f1_s0,soft,im0002,Q1_dimmest,55,21.0,0.65455,0.29091,0.69444,0.45456,0.2729,0.74406,0.80562
soft_f1_s0,soft,im0002,Q2,59,26.0,0.40678,0.40678,0.85952,0.42448,0.09511,0.72597,0.94554
soft_f1_s0,soft,im0002,Q3,45,21.0,0.04444,0.44444,0.74419,0.08121,0.04533,0.95939,0.97733
soft_f1_s0,soft,im0002,Q4_clearest,34,19.0,0.08824,0.5,0.96774,0.31503,0.04862,0.84248,0.97569
soft_f1_s0,soft,im0003,Q1_dimmest,27,12.0,0.74074,0.11111,0.80714,0.52518,0.21845,0.64543,0.82701
soft_f1_s0,soft,im0003,Q2,47,21.0,0.68085,0.21277,0.70833,0.32992,0.18912,0.79938,0.9026
soft_f1_s0,soft,im0003,Q3,62,17.0,0.51613,0.35484,0.82292,0.29645,0.09409,0.75898,0.94614
soft_f1_s0,soft,im0003,Q4_clearest,93,19.0,0.10753,0.33333,0.84819,0.23975,0.03279,0.81562,0.98361
soft_f1_s0,soft,im0004,Q1_dimmest,64,11.5,0.60938,0.21875,0.77333,0.53133,0.19727,0.64467,0.90136
soft_f1_s0,soft,im0004,Q2,57,43.0,0.31579,0.5614,0.81766,0.24904,0.07465,0.80735,0.96268
soft_f1_s0,soft,im0004,Q3,23,46.0,0.04348,0.65217,1.0,0.3021,0.02787,0.84895,0.98606
soft_f1_s0,soft,im0005,Q1_dimmest,54,6.0,0.83333,0.12963,0.5284,0.40878,0.40119,0.72071,0.76852
soft_f1_s0,soft,im0005,Q2,80,20.0,0.475,0.375,0.75689,0.35554,0.13635,0.79725,0.93183
soft_f1_s0,soft,im0005,Q3,91,20.0,0.23077,0.34066,0.79796,0.31483,0.07167,0.80718,0.96416
soft_f1_s0,soft,im0005,Q4_clearest,149,15.0,0.14765,0.34899,0.63386,0.15994,0.04364,0.91711,0.97818
soft_f1_s0,soft,im0044,Q1_dimmest,38,6.5,0.81579,0.07895,0.69585,0.61726,0.43772,0.56276,0.78114
soft_f1_s0,soft,im0044,Q2,73,14.0,0.52055,0.27397,0.8797,0.54426,0.21349,0.56521,0.88037
soft_f1_s0,soft,im0044,Q3,96,21.5,0.26042,0.41667,0.92169,0.50733,0.07503,0.65994,0.96248
soft_f1_s0,soft,im0044,Q4_clearest,86,19.0,0.13953,0.44186,0.78266,0.25431,0.0445,0.86191,0.97775
soft_f1_s0,soft,im0077,Q1_dimmest,32,4.5,0.8125,0.0625,0.78205,0.58055,0.3263,0.51102,0.83685
soft_f1_s0,soft,im0077,Q2,100,15.0,0.8,0.24,0.88562,0.43762,0.13744,0.68145,0.93128
soft_f1_s0,soft,im0077,Q3,91,21.0,0.45055,0.38462,0.92195,0.45572,0.07799,0.75406,0.961
soft_f1_s0,soft,im0077,Q4_clearest,180,23.0,0.02222,0.39444,0.83097,0.15676,0.02894,0.80482,0.98553
soft_f1_s0,soft,im0081,Q1_dimmest,41,5.0,0.90244,0.07317,0.72973,0.5885,0.35825,0.48188,0.82087
soft_f1_s0,soft,im0081,Q2,124,10.0,0.79839,0.16129,0.89899,0.55205,0.15622,0.57593,0.92189
soft_f1_s0,soft,im0081,Q3,140,16.5,0.32857,0.35,0.90056,0.5104,0.12128,0.62467,0.93172
soft_f1_s0,soft,im0081,Q4_clearest,146,19.5,0.0137,0.36301,0.99306,0.4577,0.02697,0.77115,0.98652
soft_f1_s0,soft,im0082,Q1_dimmest,54,7.0,0.7037,0.09259,0.72697,0.65823,0.45411,0.53374,0.71643
soft_f1_s0,soft,im0082,Q2,105,13.0,0.67619,0.19048,0.87241,0.60409,0.23342,0.60859,0.86369
soft_f1_s0,soft,im0082,Q3,93,18.0,0.1828,0.30108,0.92957,0.4999,0.10377,0.65092,0.94618
soft_f1_s0,soft,im0082,Q4_clearest,165,22.0,0.02424,0.40606,0.94255,0.34835,0.0323,0.81168,0.98385
soft_f1_s0,soft,im0139,Q1_dimmest,70,11.0,0.55714,0.15714,0.83209,0.61655,0.29164,0.5734,0.81708
soft_f1_s0,soft,im0139,Q2,130,15.5,0.49231,0.33077,0.80587,0.4754,0.18159,0.63992,0.89789
soft_f1_s0,soft,im0139,Q3,121,13.0,0.26446,0.26446,0.8757,0.43624,0.06414,0.70576,0.96793
soft_f1_s0,soft,im0139,Q4_clearest,95,20.0,0.05263,0.35789,0.85111,0.19328,0.02339,0.82579,0.9883
ah_f0_s1,ah,im0162,Q1_dimmest,15,7.0,0.4,0.0,0.40741,0.47037,0.58606,0.74278,0.58352
ah_f0_s1,ah,im0162,Q2,78,9.0,0.28205,0.21795,0.79221,0.65025,0.35633,0.57851,0.78563
ah_f0_s1,ah,im0162,Q3,118,19.0,0.14407,0.41525,0.81479,0.54352,0.22266,0.64581,0.87804
ah_f0_s1,ah,im0162,Q4_clearest,139,24.0,0.01439,0.4964,0.82117,0.18093,0.08018,0.90954,0.95923
ah_f0_s1,ah,im0163,Q1_dimmest,13,5.0,0.46154,0.0,0.71429,0.48497,0.30228,0.49635,0.73454
ah_f0_s1,ah,im0163,Q2,44,15.0,0.56818,0.20455,0.63789,0.41796,0.28554,0.74766,0.83107
ah_f0_s1,ah,im0163,Q3,48,40.0,0.08333,0.54167,0.77841,0.24848,0.13164,0.87576,0.92697
ah_f0_s1,ah,im0163,Q4_clearest,98,34.0,0.0102,0.54082,0.59794,0.01518,0.03478,0.99241,0.98261
ah_f0_s1,ah,im0235,Q1_dimmest,25,9.0,0.44,0.12,0.77273,0.57025,0.31562,0.66658,0.80794
ah_f0_s1,ah,im0235,Q2,58,8.0,0.2931,0.24138,0.81205,0.64104,0.30834,0.60841,0.79163
ah_f0_s1,ah,im0235,Q3,72,29.0,0.09722,0.45833,0.88791,0.40088,0.11863,0.62275,0.93
ah_f0_s1,ah,im0235,Q4_clearest,110,15.0,0.00909,0.37273,1.0,0.86706,0.05882,0.43353,0.97059
ah_f0_s1,ah,im0236,Q1_dimmest,23,5.0,0.56522,0.13043,0.56154,0.46569,0.40237,0.65872,0.72289
ah_f0_s1,ah,im0236,Q2,47,10.0,0.29787,0.23404,0.80952,0.60715,0.28745,0.60718,0.8089
ah_f0_s1,ah,im0236,Q3,67,33.0,0.07463,0.44776,0.92903,0.47888,0.10472,0.74803,0.94663
ah_f0_s1,ah,im0236,Q4_clearest,112,21.0,0.0,0.45536,nan,nan,0.04328,nan,0.9769
ah_f0_s1,ah,im0239,Q1_dimmest,19,5.0,0.31579,0.0,0.5,0.66993,0.61347,0.52596,0.60248
ah_f0_s1,ah,im0239,Q2,50,5.5,0.14,0.18,0.68439,0.57136,0.42447,0.46445,0.70101
ah_f0_s1,ah,im0239,Q3,107,13.0,0.09346,0.3271,0.82887,0.68144,0.27986,0.57047,0.8167
ah_f0_s1,ah,im0239,Q4_clearest,109,17.0,0.0,0.3945,nan,nan,0.07977,nan,0.95281
ah_f0_s1,ah,im0240,Q1_dimmest,39,6.0,0.25641,0.07692,0.68621,0.51575,0.3253,0.56865,0.79781
ah_f0_s1,ah,im0240,Q2,89,12.0,0.17978,0.17978,0.78767,0.47287,0.24418,0.58208,0.86104
ah_f0_s1,ah,im0240,Q3,64,31.5,0.03125,0.5625,0.96774,0.67011,0.08113,0.464,0.95565
ah_f0_s1,ah,im0240,Q4_clearest,25,32.0,0.0,0.44,nan,nan,0.01905,nan,0.99048
ah_f0_s1,ah,im0255,Q1_dimmest,18,3.0,0.72222,0.0,0.43077,0.51179,0.60901,0.60665,0.51865
ah_f0_s1,ah,im0255,Q2,100,9.0,0.32,0.13,0.67693,0.52132,0.36371,0.64372,0.75915
ah_f0_s1,ah,im0255,Q3,116,20.0,0.06034,0.38793,0.93316,0.59368,0.14493,0.67897,0.91415
ah_f0_s1,ah,im0255,Q4_clearest,142,22.5,0.0,0.38028,nan,nan,0.03974,nan,0.98013
ah_f0_s1,ah,im0291,Q1_dimmest,15,3.0,0.26667,0.26667,0.59091,0.39349,0.36165,0.80326,0.75607
ah_f0_s1,ah,im0291,Q2,40,12.0,0.05,0.35,0.80263,0.58427,0.29476,0.70786,0.78184
ah_f0_s1,ah,im0291,Q3,15,18.0,0.06667,0.6,0.78571,0.77771,0.24154,0.38885,0.85895
ah_f0_s1,ah,im0291,Q4_clearest,16,22.5,0.0,0.6875,nan,nan,0.1669,nan,0.91655
ah_f0_s1,ah,im0319,Q1_dimmest,22,9.0,0.40909,0.0,0.5812,0.42316,0.37284,0.7447,0.71919
ah_f0_s1,ah,im0319,Q2,60,12.0,0.1,0.25,0.69753,0.48362,0.24801,0.75819,0.81681
ah_f0_s1,ah,im0319,Q3,23,23.0,0.08696,0.34783,0.64286,0.18812,0.1864,0.90594,0.88206
ah_f0_s1,ah,im0319,Q4_clearest,5,113.0,0.0,1.0,nan,nan,0.0396,nan,0.9802
ah_f0_s1,ah,im0324,Q1_dimmest,16,8.5,0.6875,0.0,0.78182,0.43553,0.1441,0.75758,0.92795
ah_f0_s1,ah,im0324,Q2,40,14.0,0.35,0.2,0.82692,0.48509,0.19595,0.61538,0.8431
ah_f0_s1,ah,im0324,Q3,38,40.0,0.15789,0.47368,0.85417,0.48416,0.18041,0.58244,0.89608
ah_f0_s1,ah,im0324,Q4_clearest,9,31.0,0.0,0.55556,nan,nan,0.13459,nan,0.93271
vk_f0_s1,vk,im0162,Q1_dimmest,35,8.0,0.8,0.11429,0.62755,0.52833,0.37203,0.64672,0.68725
vk_f0_s1,vk,im0162,Q2,125,16.0,0.592,0.368,0.77424,0.40229,0.17094,0.76113,0.89672
vk_f0_s1,vk,im0162,Q3,129,24.0,0.24031,0.44961,0.82291,0.32945,0.11377,0.80931,0.94311
vk_f0_s1,vk,im0162,Q4_clearest,207,15.0,0.02415,0.35266,0.6495,0.18574,0.06255,0.90713,0.96587
vk_f0_s1,vk,im0163,Q1_dimmest,19,4.0,0.89474,0.05263,1.0,0.54294,0.00787,0.65595,0.99606
vk_f0_s1,vk,im0163,Q2,73,19.0,0.73973,0.36986,0.79922,0.35831,0.11329,0.79441,0.94335
vk_f0_s1,vk,im0163,Q3,55,34.0,0.14545,0.52727,0.74734,0.29909,0.08136,0.78552,0.95932
vk_f0_s1,vk,im0163,Q4_clearest,153,17.0,0.01307,0.37908,0.99007,0.38627,0.03557,0.80687,0.98222
vk_f0_s1,vk,im0235,Q1_dimmest,66,5.5,0.69697,0.12121,0.77609,0.53471,0.28022,0.63804,0.78795
vk_f0_s1,vk,im0235,Q2,83,17.0,0.45783,0.27711,0.73918,0.41235,0.21232,0.77352,0.84137
vk_f0_s1,vk,im0235,Q3,70,36.5,0.12857,0.48571,0.8561,0.31738,0.05949,0.8217,0.97025
vk_f0_s1,vk,im0235,Q4_clearest,148,14.0,0.00676,0.31081,0.95238,0.29534,0.0513,0.85233,0.97314
vk_f0_s1,vk,im0236,Q1_dimmest,61,7.0,0.67213,0.09836,0.84268,0.5153,0.20143,0.59968,0.89928
vk_f0_s1,vk,im0236,Q2,82,13.5,0.46341,0.26829,0.7817,0.49303,0.22258,0.67687,0.80569
vk_f0_s1,vk,im0236,Q3,71,26.0,0.09859,0.4507,0.70982,0.28064,0.11755,0.85968,0.92584
vk_f0_s1,vk,im0236,Q4_clearest,148,16.5,0.00676,0.35811,0.83673,0.0594,0.04442,0.9703,0.97372
vk_f0_s1,vk,im0239,Q1_dimmest,31,6.0,0.6129,0.19355,0.77632,0.59164,0.32118,0.60367,0.8333
vk_f0_s1,vk,im0239,Q2,92,13.0,0.52174,0.23913,0.75568,0.48681,0.26283,0.67685,0.86015
vk_f0_s1,vk,im0239,Q3,103,25.0,0.25243,0.42718,0.86314,0.34741,0.08077,0.7754,0.95961
vk_f0_s1,vk,im0239,Q4_clearest,121,19.0,0.00826,0.36364,0.575,0.01391,0.04735,0.99304,0.96498
vk_f0_s1,vk,im0240,Q1_dimmest,74,7.5,0.55405,0.14865,0.71545,0.52138,0.30229,0.64372,0.81387
vk_f0_s1,vk,im0240,Q2,97,26.0,0.42268,0.38144,0.85976,0.41415,0.12728,0.72503,0.91625
vk_f0_s1,vk,im0240,Q3,70,31.0,0.02857,0.55714,0.77206,0.10374,0.04924,0.94813,0.97538
vk_f0_s1,vk,im0240,Q4_clearest,41,25.0,0.0,0.43902,nan,nan,0.04002,nan,0.97999
vk_f0_s1,vk,im0255,Q1_dimmest,70,6.0,0.75714,0.1,0.61598,0.50004,0.37972,0.62808,0.72897
vk_f0_s1,vk,im0255,Q2,138,19.0,0.52174,0.33333,0.79356,0.42078,0.18721,0.75512,0.89965
vk_f0_s1,vk,im0255,Q3,130,20.5,0.09231,0.47692,0.8185,0.30392,0.09877,0.80875,0.94893
vk_f0_s1,vk,im0255,Q4_clearest,199,16.0,0.01508,0.31658,0.86905,0.23648,0.04467,0.88176,0.97558
vk_f0_s1,vk,im0291,Q1_dimmest,30,11.5,0.46667,0.23333,0.88393,0.62588,0.22476,0.56983,0.87341
vk_f0_s1,vk,im0291,Q2,37,36.0,0.21622,0.56757,0.71983,0.25629,0.13962,0.75849,0.89498
vk_f0_s1,vk,im0291,Q3,28,22.5,0.07143,0.57143,0.78846,0.27102,0.133,0.56935,0.92054
vk_f0_s1,vk,im0291,Q4_clearest,16,18.5,0.0,0.5625,nan,nan,0.02798,nan,0.98601
vk_f0_s1,vk,im0319,Q1_dimmest,32,8.5,0.625,0.03125,0.55833,0.44649,0.39237,0.68575,0.77075
vk_f0_s1,vk,im0319,Q2,48,27.5,0.1875,0.47917,0.68946,0.31758,0.16779,0.76056,0.87856
vk_f0_s1,vk,im0319,Q3,20,51.5,0.15,0.7,0.70588,0.08217,0.05562,0.95891,0.97219
vk_f0_s1,vk,im0319,Q4_clearest,10,57.0,0.0,0.7,nan,nan,0.03835,nan,0.98082
vk_f0_s1,vk,im0324,Q1_dimmest,46,5.0,0.6087,0.04348,0.49405,0.52661,0.54321,0.62124,0.61697
vk_f0_s1,vk,im0324,Q2,71,14.0,0.5493,0.23944,0.5617,0.44855,0.397,0.67247,0.75644
vk_f0_s1,vk,im0324,Q3,50,21.5,0.18,0.38,0.76423,0.30016,0.17026,0.76975,0.89626
vk_f0_s1,vk,im0324,Q4_clearest,17,11.0,0.0,0.35294,nan,nan,0.2729,nan,0.85464
soft_f0_s1,soft,im0162,Q1_dimmest,35,5.0,0.82857,0.11429,0.84483,0.65922,0.32916,0.48986,0.83542
soft_f0_s1,soft,im0162,Q2,128,14.0,0.55469,0.32031,0.80356,0.56015,0.2824,0.61816,0.81555
soft_f0_s1,soft,im0162,Q3,122,23.0,0.2377,0.45902,0.83686,0.42742,0.15376,0.68012,0.91882
soft_f0_s1,soft,im0162,Q4_clearest,183,17.0,0.03279,0.4153,0.83992,0.39845,0.06213,0.80077,0.96894
soft_f0_s1,soft,im0163,Q1_dimmest,14,7.5,0.64286,0.14286,0.84444,0.53348,0.25669,0.58276,0.87165
soft_f0_s1,soft,im0163,Q2,68,18.0,0.73529,0.27941,0.76556,0.47515,0.24999,0.69259,0.83979
soft_f0_s1,soft,im0163,Q3,57,37.0,0.17544,0.5614,0.78298,0.31687,0.1262,0.84156,0.93612
soft_f0_s1,soft,im0163,Q4_clearest,138,19.0,0.01449,0.4058,0.82353,0.11915,0.05696,0.94042,0.96791
soft_f0_s1,soft,im0235,Q1_dimmest,56,8.5,0.67857,0.14286,0.71637,0.64216,0.47142,0.51586,0.67049
soft_f0_s1,soft,im0235,Q2,82,11.0,0.52439,0.26829,0.72689,0.51492,0.3037,0.58751,0.84096
soft_f0_s1,soft,im0235,Q3,69,28.0,0.14493,0.50725,0.84576,0.42712,0.14452,0.67711,0.92266
soft_f0_s1,soft,im0235,Q4_clearest,135,17.0,0.0,0.41481,nan,nan,0.08582,nan,0.95296
soft_f0_s1,soft,im0236,Q1_dimmest,57,7.0,0.70175,0.15789,0.71324,0.61414,0.40863,0.5202,0.73589
soft_f0_s1,soft,im0236,Q2,77,11.0,0.54545,0.27273,0.90068,0.56706,0.21782,0.54412,0.88427
soft_f0_s1,soft,im0236,Q3,80,25.0,0.125,0.4125,0.90429,0.60899,0.1933,0.5102,0.89318
soft_f0_s1,soft,im0236,Q4_clearest,146,17.0,0.0137,0.36301,1.0,0.69238,0.04919,0.65381,0.97541
soft_f0_s1,soft,im0239,Q1_dimmest,35,5.0,0.51429,0.08571,0.70588,0.66278,0.45709,0.44548,0.68367
soft_f0_s1,soft,im0239,Q2,87,11.0,0.45977,0.2069,0.71915,0.58422,0.38896,0.54354,0.72388
soft_f0_s1,soft,im0239,Q3,98,24.0,0.16327,0.44898,0.9253,0.56813,0.1826,0.53302,0.88424
soft_f0_s1,soft,im0239,Q4_clearest,113,22.0,0.0177,0.46018,0.93694,0.28436,0.06949,0.57258,0.9647
soft_f0_s1,soft,im0240,Q1_dimmest,86,7.5,0.52326,0.11628,0.70244,0.61546,0.41739,0.54892,0.72151
soft_f0_s1,soft,im0240,Q2,115,16.0,0.35652,0.23478,0.81279,0.60854,0.29552,0.58206,0.8304
soft_f0_s1,soft,im0240,Q3,71,32.0,0.02817,0.53521,0.97826,0.57194,0.08223,0.55392,0.95533
soft_f0_s1,soft,im0240,Q4_clearest,39,29.0,0.0,0.51282,nan,nan,0.06401,nan,0.96799
soft_f0_s1,soft,im0255,Q1_dimmest,64,8.5,0.67188,0.14062,0.77741,0.71059,0.46981,0.48984,0.71704
soft_f0_s1,soft,im0255,Q2,151,16.0,0.50331,0.24503,0.82526,0.55618,0.27336,0.60564,0.8482
soft_f0_s1,soft,im0255,Q3,116,25.0,0.08621,0.47414,0.90094,0.40088,0.11245,0.69739,0.94378
soft_f0_s1,soft,im0255,Q4_clearest,168,18.5,0.0,0.35714,nan,nan,0.05272,nan,0.97364
soft_f0_s1,soft,im0291,Q1_dimmest,34,12.5,0.35294,0.23529,0.72727,0.60767,0.39421,0.55932,0.74547
soft_f0_s1,soft,im0291,Q2,32,44.5,0.1875,0.5625,0.89744,0.66116,0.24951,0.5787,0.87524
soft_f0_s1,soft,im0291,Q3,24,21.5,0.08333,0.5,0.84091,0.5029,0.1026,0.69818,0.9487
soft_f0_s1,soft,im0291,Q4_clearest,21,16.0,0.0,0.47619,nan,nan,0.05219,nan,0.9739
soft_f0_s1,soft,im0319,Q1_dimmest,34,9.0,0.64706,0.02941,0.42803,0.49625,0.59046,0.5623,0.62006
soft_f0_s1,soft,im0319,Q2,57,20.0,0.19298,0.36842,0.82016,0.57325,0.28616,0.51842,0.84075
soft_f0_s1,soft,im0319,Q3,22,42.5,0.18182,0.59091,0.84722,0.36747,0.16189,0.66822,0.88897
soft_f0_s1,soft,im0319,Q4_clearest,6,95.0,0.0,0.83333,nan,nan,0.10945,nan,0.94527
soft_f0_s1,soft,im0324,Q1_dimmest,43,4.0,0.62791,0.11628,0.58796,0.58901,0.49801,0.46251,0.59964
soft_f0_s1,soft,im0324,Q2,88,11.0,0.45455,0.18182,0.65208,0.56508,0.42246,0.54885,0.71989
soft_f0_s1,soft,im0324,Q3,71,12.0,0.16901,0.29577,0.77401,0.46622,0.23635,0.72233,0.83746
soft_f0_s1,soft,im0324,Q4_clearest,15,20.0,0.0,0.53333,nan,nan,0.1601,nan,0.91995
ah_f1_s1,ah,im0001,Q1_dimmest,44,6.0,0.22727,0.11364,0.59412,0.45783,0.36867,0.7055,0.78886
ah_f1_s1,ah,im0001,Q2,108,10.0,0.28704,0.19444,0.7499,0.52495,0.27568,0.65696,0.83275
ah_f1_s1,ah,im0001,Q3,87,25.0,0.08046,0.45977,0.86607,0.44595,0.07643,0.77558,0.95832
ah_f1_s1,ah,im0001,Q4_clearest,42,18.5,0.04762,0.47619,1.0,0.33542,0.02721,0.83229,0.98639
ah_f1_s1,ah,im0002,Q1_dimmest,47,11.0,0.6383,0.12766,0.64706,0.37726,0.26807,0.78425,0.81597
ah_f1_s1,ah,im0002,Q2,51,30.0,0.41176,0.47059,0.84921,0.36398,0.09155,0.78081,0.95423
ah_f1_s1,ah,im0002,Q3,40,15.5,0.15,0.425,0.90686,0.54596,0.09106,0.58412,0.92161
ah_f1_s1,ah,im0002,Q4_clearest,38,14.0,0.10526,0.44737,0.91176,0.21573,0.03937,0.76104,0.96445
ah_f1_s1,ah,im0003,Q1_dimmest,21,6.0,0.47619,0.04762,0.75455,0.58867,0.35801,0.69931,0.71978
ah_f1_s1,ah,im0003,Q2,42,11.5,0.66667,0.14286,0.70663,0.25466,0.15077,0.85254,0.92462
ah_f1_s1,ah,im0003,Q3,57,16.0,0.47368,0.31579,0.68025,0.30423,0.13809,0.81373,0.91325
ah_f1_s1,ah,im0003,Q4_clearest,77,19.0,0.14286,0.46753,0.63636,0.02971,0.0427,0.98515,0.97567
ah_f1_s1,ah,im0004,Q1_dimmest,64,9.5,0.45312,0.125,0.68374,0.43029,0.27577,0.70157,0.82715
ah_f1_s1,ah,im0004,Q2,60,29.5,0.23333,0.38333,0.76087,0.24562,0.07695,0.83147,0.95241
ah_f1_s1,ah,im0004,Q3,20,45.0,0.05,0.7,1.0,0.07755,0.01427,0.96123,0.99287
ah_f1_s1,ah,im0005,Q1_dimmest,36,3.0,0.86111,0.02778,0.78065,0.49511,0.25058,0.6581,0.79264
ah_f1_s1,ah,im0005,Q2,72,10.0,0.47222,0.29167,0.76084,0.39941,0.17467,0.73284,0.88535
ah_f1_s1,ah,im0005,Q3,89,22.0,0.2809,0.42697,0.77312,0.24845,0.0867,0.86484,0.95665
ah_f1_s1,ah,im0005,Q4_clearest,132,18.5,0.19697,0.43182,0.79826,0.20766,0.03159,0.85409,0.98421
ah_f1_s1,ah,im0044,Q1_dimmest,26,2.5,0.57692,0.03846,0.66061,0.50901,0.34416,0.56692,0.82792
ah_f1_s1,ah,im0044,Q2,47,9.0,0.48936,0.12766,0.71196,0.49944,0.32289,0.57089,0.80836
ah_f1_s1,ah,im0044,Q3,75,25.0,0.17333,0.37333,0.94293,0.46698,0.0792,0.62272,0.95992
ah_f1_s1,ah,im0044,Q4_clearest,75,20.0,0.17333,0.48,0.84491,0.26552,0.03525,0.83332,0.98237
ah_f1_s1,ah,im0077,Q1_dimmest,15,2.0,0.6,0.0,0.38889,0.43818,0.5589,0.69207,0.72055
ah_f1_s1,ah,im0077,Q2,68,11.5,0.54412,0.16176,0.7524,0.46578,0.21719,0.72916,0.85907
ah_f1_s1,ah,im0077,Q3,71,27.0,0.22535,0.38028,0.8,0.4196,0.15706,0.73523,0.90778
ah_f1_s1,ah,im0077,Q4_clearest,141,28.0,0.02837,0.43262,0.89781,0.27505,0.03508,0.86248,0.98045
ah_f1_s1,ah,im0081,Q1_dimmest,17,5.0,0.70588,0.0,0.7,0.51773,0.31288,0.5937,0.77061
ah_f1_s1,ah,im0081,Q2,58,8.0,0.53448,0.08621,0.681,0.49238,0.33281,0.62663,0.83359
ah_f1_s1,ah,im0081,Q3,104,23.0,0.19231,0.35577,0.84345,0.42741,0.11364,0.70945,0.93588
ah_f1_s1,ah,im0081,Q4_clearest,117,28.0,0.01709,0.41026,0.84348,0.17635,0.04102,0.91183,0.97764
ah_f1_s1,ah,im0082,Q1_dimmest,21,6.0,0.61905,0.09524,0.73077,0.57488,0.34017,0.64022,0.80192
ah_f1_s1,ah,im0082,Q2,51,12.0,0.31373,0.09804,0.76071,0.50908,0.27345,0.69095,0.83538
ah_f1_s1,ah,im0082,Q3,87,21.0,0.18391,0.28736,0.82306,0.43838,0.15526,0.70693,0.9136
ah_f1_s1,ah,im0082,Q4_clearest,121,31.0,0.00826,0.50413,0.99167,0.73108,0.03576,0.63446,0.98109
ah_f1_s1,ah,im0139,Q1_dimmest,60,3.0,0.53333,0.05,0.66629,0.56523,0.41963,0.50895,0.76331
ah_f1_s1,ah,im0139,Q2,98,15.0,0.39796,0.33673,0.76358,0.35021,0.1731,0.74066,0.89711
ah_f1_s1,ah,im0139,Q3,97,17.0,0.15464,0.31959,0.87236,0.35925,0.04702,0.74794,0.96401
ah_f1_s1,ah,im0139,Q4_clearest,81,20.0,0.07407,0.39506,0.94222,0.39661,0.02083,0.70343,0.98958
vk_f1_s1,vk,im0001,Q1_dimmest,65,12.0,0.58462,0.27692,0.67349,0.3613,0.20668,0.74224,0.8555
vk_f1_s1,vk,im0001,Q2,103,20.0,0.32039,0.37864,0.63896,0.28905,0.16633,0.83089,0.90028
vk_f1_s1,vk,im0001,Q3,118,19.0,0.16949,0.38983,0.85153,0.17115,0.04556,0.89759,0.97722
vk_f1_s1,vk,im0001,Q4_clearest,60,17.0,0.05,0.26667,0.7193,0.14161,0.01974,0.9292,0.99013
vk_f1_s1,vk,im0002,Q1_dimmest,60,17.0,0.66667,0.33333,0.70625,0.35299,0.18774,0.7877,0.88083
vk_f1_s1,vk,im0002,Q2,66,25.5,0.36364,0.45455,0.72619,0.18528,0.06497,0.8903,0.96752
vk_f1_s1,vk,im0002,Q3,58,17.5,0.17241,0.41379,0.84583,0.26897,0.0234,0.85841,0.9883
vk_f1_s1,vk,im0002,Q4_clearest,38,19.5,0.07895,0.44737,0.82857,0.09441,0.03467,0.95279,0.98267
vk_f1_s1,vk,im0003,Q1_dimmest,36,7.0,0.75,0.08333,0.66667,0.33875,0.23257,0.77257,0.85096
vk_f1_s1,vk,im0003,Q2,52,15.0,0.55769,0.38462,0.87106,0.30199,0.06535,0.84548,0.96732
vk_f1_s1,vk,im0003,Q3,69,18.0,0.47826,0.34783,0.75168,0.22071,0.06498,0.84481,0.95704
vk_f1_s1,vk,im0003,Q4_clearest,100,14.0,0.08,0.27,0.79348,0.05772,0.02417,0.97114,0.98792
vk_f1_s1,vk,im0004,Q1_dimmest,79,16.0,0.62025,0.25316,0.67687,0.35554,0.23429,0.73188,0.84193
vk_f1_s1,vk,im0004,Q2,61,35.0,0.21311,0.54098,0.73718,0.10557,0.04679,0.94722,0.9766
vk_f1_s1,vk,im0004,Q3,28,28.0,0.03571,0.60714,1.0,0.21715,0.02527,0.89143,0.98736
vk_f1_s1,vk,im0005,Q1_dimmest,58,7.0,0.7931,0.17241,0.64674,0.32863,0.20857,0.77467,0.87824
vk_f1_s1,vk,im0005,Q2,99,15.0,0.46465,0.29293,0.82568,0.26794,0.05944,0.86124,0.97028
vk_f1_s1,vk,im0005,Q3,103,17.0,0.29126,0.32039,0.61507,0.0884,0.04537,0.93806,0.97731
vk_f1_s1,vk,im0005,Q4_clearest,158,16.0,0.12025,0.36709,0.64862,0.1092,0.02925,0.9454,0.98537
vk_f1_s1,vk,im0044,Q1_dimmest,61,6.0,0.85246,0.11475,0.79487,0.49554,0.22863,0.64142,0.87485
vk_f1_s1,vk,im0044,Q2,88,10.5,0.63636,0.26136,0.80804,0.38552,0.15223,0.72827,0.92162
vk_f1_s1,vk,im0044,Q3,97,19.0,0.20619,0.38144,0.89026,0.32954,0.07289,0.77909,0.96245
vk_f1_s1,vk,im0044,Q4_clearest,104,15.0,0.09615,0.375,0.73298,0.08269,0.06771,0.95865,0.96615
vk_f1_s1,vk,im0077,Q1_dimmest,34,11.0,0.76471,0.29412,0.76923,0.37754,0.16817,0.78758,0.91592
vk_f1_s1,vk,im0077,Q2,110,16.5,0.83636,0.24545,0.83213,0.35949,0.09478,0.76901,0.95261
vk_f1_s1,vk,im0077,Q3,102,17.0,0.42157,0.38235,0.88136,0.32739,0.04291,0.80038,0.97855
vk_f1_s1,vk,im0077,Q4_clearest,201,19.0,0.0398,0.35821,0.75,0.05351,0.03075,0.97325,0.98463
vk_f1_s1,vk,im0081,Q1_dimmest,47,9.0,0.93617,0.14894,0.66667,0.51771,0.36076,0.63615,0.81566
vk_f1_s1,vk,im0081,Q2,128,14.0,0.78906,0.23438,0.90612,0.4133,0.07744,0.73015,0.96128
vk_f1_s1,vk,im0081,Q3,140,17.0,0.27143,0.35714,0.86275,0.35224,0.06347,0.75496,0.96216
vk_f1_s1,vk,im0081,Q4_clearest,164,17.5,0.0061,0.31707,0.81595,0.04264,0.03052,0.97868,0.98474
vk_f1_s1,vk,im0082,Q1_dimmest,64,9.0,0.76562,0.125,0.78503,0.49566,0.21664,0.66664,0.89168
vk_f1_s1,vk,im0082,Q2,114,15.0,0.64035,0.21053,0.81156,0.45934,0.18402,0.70739,0.89303
vk_f1_s1,vk,im0082,Q3,99,19.0,0.19192,0.40404,0.85526,0.32991,0.0745,0.7231,0.96104
vk_f1_s1,vk,im0082,Q4_clearest,179,20.0,0.0,0.3743,nan,nan,0.0215,nan,0.98925
vk_f1_s1,vk,im0139,Q1_dimmest,104,11.0,0.625,0.17308,0.77239,0.45974,0.20548,0.67556,0.87736
vk_f1_s1,vk,im0139,Q2,140,14.5,0.56429,0.35714,0.79602,0.31766,0.09856,0.80132,0.95072
vk_f1_s1,vk,im0139,Q3,130,13.0,0.13846,0.27692,0.84524,0.3043,0.03955,0.78462,0.97299
vk_f1_s1,vk,im0139,Q4_clearest,116,16.0,0.02586,0.2931,0.85546,0.22027,0.02125,0.88987,0.98937
soft_f1_s1,soft,im0001,Q1_dimmest,71,8.0,0.57746,0.19718,0.81707,0.51579,0.24409,0.60857,0.8401
soft_f1_s1,soft,im0001,Q2,112,16.0,0.33036,0.36607,0.76577,0.35812,0.18007,0.7565,0.89503
soft_f1_s1,soft,im0001,Q3,110,18.0,0.18182,0.38182,0.87,0.25395,0.04488,0.81547,0.97756
soft_f1_s1,soft,im0001,Q4_clearest,56,15.5,0.0,0.26786,nan,nan,0.03706,nan,0.98147
soft_f1_s1,soft,im0002,Q1_dimmest,68,12.5,0.64706,0.26471,0.69318,0.471,0.29287,0.65457,0.83374
soft_f1_s1,soft,im0002,Q2,66,19.0,0.40909,0.39394,0.88604,0.42418,0.08554,0.68434,0.95723
soft_f1_s1,soft,im0002,Q3,57,20.0,0.14035,0.4386,0.79847,0.22713,0.03295,0.78459,0.98352
soft_f1_s1,soft,im0002,Q4_clearest,42,17.5,0.07143,0.5,0.52991,0.05865,0.06075,0.97068,0.96963
soft_f1_s1,soft,im0003,Q1_dimmest,26,15.5,0.76923,0.19231,0.70833,0.44217,0.31291,0.65676,0.81712
soft_f1_s1,soft,im0003,Q2,52,16.0,0.71154,0.28846,0.85766,0.35374,0.07149,0.75458,0.96426
soft_f1_s1,soft,im0003,Q3,63,18.0,0.53968,0.4127,0.78195,0.2157,0.05381,0.87028,0.97309
soft_f1_s1,soft,im0003,Q4_clearest,107,16.0,0.14953,0.31776,0.75069,0.05592,0.02458,0.97204,0.98771
soft_f1_s1,soft,im0004,Q1_dimmest,90,11.5,0.64444,0.24444,0.8222,0.5053,0.21288,0.63136,0.86078
soft_f1_s1,soft,im0004,Q2,59,37.0,0.33898,0.47458,0.75256,0.29428,0.09199,0.84847,0.954
soft_f1_s1,soft,im0004,Q3,30,28.5,0.06667,0.53333,1.0,0.36938,0.02886,0.81531,0.98557
soft_f1_s1,soft,im0005,Q1_dimmest,48,8.5,0.85417,0.16667,0.92683,0.44404,0.13616,0.67645,0.93192
soft_f1_s1,soft,im0005,Q2,95,18.0,0.51579,0.36842,0.73558,0.31756,0.16823,0.80429,0.91308
soft_f1_s1,soft,im0005,Q3,97,17.0,0.24742,0.35052,0.69235,0.244,0.09473,0.86438,0.95264
soft_f1_s1,soft,im0005,Q4_clearest,150,19.5,0.12667,0.39333,0.68622,0.15993,0.04474,0.92004,0.97763
soft_f1_s1,soft,im0044,Q1_dimmest,48,6.0,0.8125,0.08333,0.74644,0.57133,0.4142,0.53412,0.78696
soft_f1_s1,soft,im0044,Q2,78,12.0,0.65385,0.24359,0.81336,0.44437,0.17808,0.62081,0.87303
soft_f1_s1,soft,im0044,Q3,103,21.0,0.25243,0.41748,0.86513,0.29402,0.08609,0.80728,0.95351
soft_f1_s1,soft,im0044,Q4_clearest,90,17.0,0.11111,0.45556,0.7425,0.14947,0.05295,0.92526,0.97352
soft_f1_s1,soft,im0077,Q1_dimmest,27,9.0,0.74074,0.07407,0.95714,0.57783,0.16324,0.58653,0.83305
soft_f1_s1,soft,im0077,Q2,107,13.0,0.76636,0.20561,0.91171,0.47564,0.10611,0.6591,0.94694
soft_f1_s1,soft,im0077,Q3,89,20.0,0.42697,0.35955,0.89732,0.44126,0.07682,0.71789,0.95228
soft_f1_s1,soft,im0077,Q4_clearest,184,23.0,0.03804,0.44022,0.92655,0.4624,0.03477,0.7688,0.98261
soft_f1_s1,soft,im0081,Q1_dimmest,54,5.0,0.87037,0.12963,0.83587,0.64597,0.24592,0.50088,0.87704
soft_f1_s1,soft,im0081,Q2,119,10.0,0.7479,0.12605,0.89288,0.57723,0.19115,0.57605,0.88126
soft_f1_s1,soft,im0081,Q3,143,19.0,0.30769,0.37063,0.94307,0.45461,0.07009,0.70086,0.96476
soft_f1_s1,soft,im0081,Q4_clearest,156,18.5,0.0,0.28205,nan,nan,0.01992,nan,0.99004
soft_f1_s1,soft,im0082,Q1_dimmest,48,9.5,0.70833,0.10417,0.71008,0.54309,0.33049,0.57878,0.78426
soft_f1_s1,soft,im0082,Q2,111,13.0,0.63964,0.13514,0.83768,0.5516,0.23472,0.58005,0.88264
soft_f1_s1,soft,im0082,Q3,98,20.0,0.20408,0.39796,0.94487,0.42852,0.09749,0.67617,0.95126
soft_f1_s1,soft,im0082,Q4_clearest,154,24.5,0.01299,0.45455,0.96711,0.57047,0.03893,0.71477,0.98054
soft_f1_s1,soft,im0139,Q1_dimmest,84,10.0,0.64286,0.11905,0.8463,0.60552,0.24785,0.59077,0.85722
soft_f1_s1,soft,im0139,Q2,138,13.0,0.53623,0.24638,0.82538,0.45984,0.15081,0.69647,0.91557
soft_f1_s1,soft,im0139,Q3,133,13.0,0.20301,0.2782,0.91544,0.41391,0.06344,0.6862,0.96303
soft_f1_s1,soft,im0139,Q4_clearest,101,19.0,0.0396,0.36634,0.85825,0.15347,0.03261,0.92327,0.9837
